Date,Asset,Close,Normalized_Index
2022-01-04,China - CSI 300,4917.77001953125,100.0
2022-01-05,China - CSI 300,4868.1201171875,98.99039804328868
2022-01-06,China - CSI 300,4818.22998046875,97.9759110599485
2022-01-07,China - CSI 300,4822.3701171875,98.06009833796898
2022-01-10,China - CSI 300,4844.0498046875,98.50094220447549
2022-01-11,China - CSI 300,4797.77001953125,97.55986962539095
2022-01-12,China - CSI 300,4845.580078125,98.53205942694467
2022-01-13,China - CSI 300,4765.919921875,96.91221636934694
2022-01-14,China - CSI 300,4726.72998046875,96.11531164930909
2022-01-17,China - CSI 300,4767.27978515625,96.93986840016271
2022-01-18,China - CSI 300,4813.35009765625,97.87668147432089
2022-01-19,China - CSI 300,4780.3798828125,97.20625128517405
2022-01-20,China - CSI 300,4823.509765625,98.08327242770831
2022-01-21,China - CSI 300,4779.31005859375,97.18449703041018
2022-01-24,China - CSI 300,4786.740234375,97.33558534384778
2022-01-25,China - CSI 300,4678.4501953125,95.13357023064772
2022-01-26,China - CSI 300,4712.31005859375,95.82209090458679
2022-01-27,China - CSI 300,4619.8798828125,93.94257690913443
2022-01-28,China - CSI 300,4563.77001953125,92.80161539490327
2022-02-07,China - CSI 300,4634.08984375,94.23152822001445
2022-02-08,China - CSI 300,4608.77001953125,93.71666428538167
2022-02-09,China - CSI 300,4652.06005859375,94.59694211233516
2022-02-10,China - CSI 300,4639.85986328125,94.3488582193502
2022-02-11,China - CSI 300,4601.39990234375,93.56679722860127
2022-02-14,China - CSI 300,4551.68994140625,92.55597401523275
2022-02-15,China - CSI 300,4600.10009765625,93.54036645444272
2022-02-16,China - CSI 300,4617.990234375,93.9041520045538
2022-02-17,China - CSI 300,4629.16015625,94.13128588496377
2022-02-18,China - CSI 300,4651.240234375,94.5802714625184
2022-02-21,China - CSI 300,4634.31005859375,94.2360061610909
2022-02-22,China - CSI 300,4574.14990234375,93.01268428936713
2022-02-23,China - CSI 300,4623.0498046875,94.00703543123714
2022-02-24,China - CSI 300,4529.31982421875,92.10109066162622
2022-02-25,China - CSI 300,4573.419921875,92.99784056007823
2022-02-28,China - CSI 300,4581.64990234375,93.16519243778019
2022-03-01,China - CSI 300,4619.68994140625,93.93871456084455
2022-03-02,China - CSI 300,4578.60009765625,93.10317642899192
2022-03-03,China - CSI 300,4551.6298828125,92.55475275857553
2022-03-04,China - CSI 300,4496.43017578125,91.43229874360492
2022-03-07,China - CSI 300,4352.77978515625,88.51125139786726
2022-03-08,China - CSI 300,4265.39013671875,86.73423360137765
2022-03-09,China - CSI 300,4226.35009765625,85.9403770585249
2022-03-10,China - CSI 300,4292.83984375,87.29240746721993
2022-03-11,China - CSI 300,4306.52001953125,87.57058590433509
2022-03-14,China - CSI 300,4174.759765625,84.89131758997807
2022-03-15,China - CSI 300,3983.81005859375,81.00846608873094
2022-03-16,China - CSI 300,4156.080078125,84.51147698283677
2022-03-17,China - CSI 300,4237.7001953125,86.17117470890653
2022-03-18,China - CSI 300,4265.89990234375,86.7445993895901
2022-03-21,China - CSI 300,4258.75,86.59921027388616
2022-03-22,China - CSI 300,4255.2998046875,86.52905255404978
2022-03-23,China - CSI 300,4276.52001953125,86.96055331068283
2022-03-24,China - CSI 300,4251.31005859375,86.44792338213031
2022-03-25,China - CSI 300,4174.56982421875,84.88745524168819
2022-03-28,China - CSI 300,4148.47021484375,84.35673482834343
2022-03-29,China - CSI 300,4134.14013671875,84.06534100414899
2022-03-30,China - CSI 300,4254.10009765625,86.50465720765325
2022-03-31,China - CSI 300,4222.60009765625,85.86412298431837
2022-04-01,China - CSI 300,4276.16015625,86.95323569965545
2022-04-06,China - CSI 300,4263.83984375,86.70270929335608
2022-04-07,China - CSI 300,4209.10009765625,85.58960831717485
2022-04-08,China - CSI 300,4230.77001953125,86.03025360536313
2022-04-11,China - CSI 300,4100.06982421875,83.37254096745173
2022-04-12,China - CSI 300,4179.97021484375,84.99726905167832
2022-04-13,China - CSI 300,4139.740234375,84.17921574074727
2022-04-14,China - CSI 300,4191.56982421875,85.23314037809114
2022-04-15,China - CSI 300,4188.75,85.17580088869755
2022-04-18,China - CSI 300,4166.3798828125,84.72091753509102
2022-04-19,China - CSI 300,4134.89990234375,84.08079039730855
2022-04-20,China - CSI 300,4070.7900390625,82.77715352477011
2022-04-21,China - CSI 300,3995.830078125,81.25288621174425
2022-04-22,China - CSI 300,4013.25,81.6071102158318
2022-04-25,China - CSI 300,3814.909912109375,77.57397960779392
2022-04-26,China - CSI 300,3784.1201171875,76.9478869926535
2022-04-27,China - CSI 300,3895.5400390625,79.21354645685146
2022-04-28,China - CSI 300,3921.110107421875,79.7334989608893
2022-04-29,China - CSI 300,4016.239990234375,81.66790993242083
2022-05-05,China - CSI 300,4010.2099609375,81.54529278536175
2022-05-06,China - CSI 300,3908.820068359375,79.48358814737648
2022-05-09,China - CSI 300,3877.43994140625,78.84549147289808
2022-05-10,China - CSI 300,3919.8701171875,79.70828447893
2022-05-11,China - CSI 300,3976.419921875,80.85819194639815
2022-05-12,China - CSI 300,3958.739990234375,80.4986807945873
2022-05-13,China - CSI 300,3988.60009765625,81.1058687538307
2022-05-16,China - CSI 300,3956.5400390625,80.4539460639444
2022-05-17,China - CSI 300,4005.889892578125,81.4574467018276
2022-05-18,China - CSI 300,3991.909912109375,81.17317191034229
2022-05-19,China - CSI 300,3999.60009765625,81.3295473715032
2022-05-20,China - CSI 300,4077.60009765625,82.91563211499908
2022-05-23,China - CSI 300,4053.97998046875,82.43533073665705
2022-05-24,China - CSI 300,3959.14990234375,80.50701611949569
2022-05-25,China - CSI 300,3983.179931640625,80.99565282274611
2022-05-26,China - CSI 300,3993.0400390625,81.19615238622131
2022-05-27,China - CSI 300,4001.300048828125,81.3641148922519
2022-05-30,China - CSI 300,4029.02001953125,81.92778441305164
2022-05-31,China - CSI 300,4091.52001953125,83.1986856498272
2022-06-01,China - CSI 300,4083.179931640625,83.02909480158701
2022-06-02,China - CSI 300,4089.570068359375,83.15903452413139
2022-06-06,China - CSI 300,4166.08984375,84.71501975903911
2022-06-07,China - CSI 300,4179.1298828125,84.98018138739324
2022-06-08,China - CSI 300,4219.81005859375,85.80738915879543
2022-06-09,China - CSI 300,4175.669921875,84.90982508923861
2022-06-10,China - CSI 300,4238.990234375,86.19740690474684
2022-06-13,China - CSI 300,4189.35009765625,85.18800352635377
2022-06-14,China - CSI 300,4222.31005859375,85.85822520826646
2022-06-15,China - CSI 300,4278.22021484375,86.99512579588948
2022-06-16,China - CSI 300,4250.06005859375,86.42250535739481
2022-06-17,China - CSI 300,4309.0400390625,87.62182903935852
2022-06-20,China - CSI 300,4330.43017578125,88.05678505872903
2022-06-21,China - CSI 300,4325.56982421875,87.95795262973792
2022-06-22,China - CSI 300,4270.6201171875,86.8405822197144
2022-06-23,China - CSI 300,4343.8798828125,88.33027704753358
2022-06-24,China - CSI 300,4394.77001953125,89.36509845066217
2022-06-27,China - CSI 300,4444.259765625,90.37144372295425
2022-06-28,China - CSI 300,4490.52001953125,91.31211914540232
2022-06-29,China - CSI 300,4421.35986328125,89.90578749558289
2022-06-30,China - CSI 300,4485.009765625,91.2000713293319
2022-07-01,China - CSI 300,4466.72021484375,90.82816392600456
2022-07-04,China - CSI 300,4496.02978515625,91.42415703255682
2022-07-05,China - CSI 300,4489.5400390625,91.29219181116632
2022-07-06,China - CSI 300,4423.97021484375,89.95886748005007
2022-07-07,China - CSI 300,4443.47021484375,90.35538866592405
2022-07-08,China - CSI 300,4428.77978515625,90.05666730178632
2022-07-11,China - CSI 300,4354.6201171875,88.54867348194074
2022-07-12,China - CSI 300,4313.6201171875,87.71496227061598
2022-07-13,China - CSI 300,4321.4599609375,87.87438094450401
2022-07-14,China - CSI 300,4322.06982421875,87.88678216047849
2022-07-15,China - CSI 300,4248.52978515625,86.39138813492563
2022-07-18,China - CSI 300,4292.58984375,87.28732386227283
2022-07-19,China - CSI 300,4269.33984375,86.81454860219232
2022-07-20,China - CSI 300,4283.7998046875,87.10858351801944
2022-07-21,China - CSI 300,4236.06005859375,86.13782348035708
2022-07-22,China - CSI 300,4238.22998046875,86.18194758267138
2022-07-25,China - CSI 300,4212.64013671875,85.66159295753909
2022-07-26,China - CSI 300,4245.97998046875,86.33953933603155
2022-07-27,China - CSI 300,4225.0400390625,85.91373777713218
2022-07-28,China - CSI 300,4225.669921875,85.92654607865906
2022-07-29,China - CSI 300,4170.10009765625,84.7965659454269
2022-08-01,China - CSI 300,4188.68017578125,85.17438105372209
2022-08-02,China - CSI 300,4107.02001953125,83.51386915654753
2022-08-03,China - CSI 300,4066.97998046875,82.69967819390637
2022-08-04,China - CSI 300,4101.5400390625,83.40243693326369
2022-08-05,China - CSI 300,4156.91015625,84.5283561398877
2022-08-08,China - CSI 300,4148.06982421875,84.34859311729535
2022-08-09,China - CSI 300,4156.2900390625,84.51574641667906
2022-08-10,China - CSI 300,4109.740234375,83.569183147095
2022-08-11,China - CSI 300,4193.5400390625,85.27320355379729
2022-08-12,China - CSI 300,4191.14990234375,85.22460151040654
2022-08-15,China - CSI 300,4185.68017578125,85.11337779435686
2022-08-16,China - CSI 300,4177.83984375,84.95394919155291
2022-08-17,China - CSI 300,4216.9599609375,85.74943407661529
2022-08-18,China - CSI 300,4180.10009765625,84.999910143311
2022-08-19,China - CSI 300,4151.06982421875,84.40959637666057
2022-08-22,China - CSI 300,4181.39990234375,85.02634091746955
2022-08-23,China - CSI 300,4161.080078125,84.61314908177881
2022-08-24,China - CSI 300,4082.419921875,83.01364044396949
2022-08-25,China - CSI 300,4116.240234375,83.70135687571965
2022-08-26,China - CSI 300,4107.5498046875,83.52464203031238
2022-08-29,China - CSI 300,4089.52001953125,83.15801681025037
2022-08-30,China - CSI 300,4075.7900390625,82.87882562371216
2022-08-31,China - CSI 300,4078.840087890625,82.9408465969584
2022-09-01,China - CSI 300,4043.739990234375,82.22710647660206
2022-09-02,China - CSI 300,4023.610107421875,81.8177769892012
2022-09-05,China - CSI 300,4015.429931640625,81.6514378609223
2022-09-06,China - CSI 300,4052.280029296875,82.40076321590834
2022-09-07,China - CSI 300,4054.97998046875,82.45566515644546
2022-09-08,China - CSI 300,4037.679931640625,82.1038787012144
2022-09-09,China - CSI 300,4093.7900390625,83.24484517990352
2022-09-13,China - CSI 300,4111.10986328125,83.59703375622904
2022-09-14,China - CSI 300,4065.360107421875,82.66673901536728
2022-09-15,China - CSI 300,4027.1201171875,81.88915100123685
2022-09-16,China - CSI 300,3932.679931640625,79.96876462343147
2022-09-19,China - CSI 300,3928.0,79.87360092886993
2022-09-20,China - CSI 300,3932.840087890625,79.97202130785071
2022-09-21,China - CSI 300,3903.72998046875,79.38008416344863
2022-09-22,China - CSI 300,3869.340087890625,78.68078565128674
2022-09-23,China - CSI 300,3856.02001953125,78.4099297896569
2022-09-26,China - CSI 300,3836.679931640625,78.01666032374422
2022-09-27,China - CSI 300,3892.300048828125,79.14766313531534
2022-09-28,China - CSI 300,3828.7099609375,77.85459559376555
2022-09-29,China - CSI 300,3827.139892578125,77.82266916464953
2022-09-30,China - CSI 300,3804.889892578125,77.37022832435743
2022-10-10,China - CSI 300,3720.93994140625,75.66315477601209
2022-10-11,China - CSI 300,3727.68994140625,75.80041210958386
2022-10-12,China - CSI 300,3784.31005859375,76.9517493409434
2022-10-13,China - CSI 300,3752.669921875,76.30836551874167
2022-10-14,China - CSI 300,3842.469970703125,78.13439740863238
2022-10-17,China - CSI 300,3846.409912109375,78.2145138311288
2022-10-18,China - CSI 300,3838.27001953125,78.04899383841266
2022-10-19,China - CSI 300,3776.530029296875,76.79354695925461
2022-10-20,China - CSI 300,3754.929931640625,76.3543215060418
2022-10-21,China - CSI 300,3742.889892578125,76.10949429747608
2022-10-24,China - CSI 300,3633.3701171875,73.88247320955085
2022-10-25,China - CSI 300,3627.449951171875,73.76209006857208
2022-10-26,China - CSI 300,3656.89990234375,74.36093773844912
2022-10-27,China - CSI 300,3631.139892578125,73.83712288612139
2022-10-28,China - CSI 300,3541.330078125,72.01089241791244
2022-10-31,China - CSI 300,3508.699951171875,71.34737771869852
2022-11-01,China - CSI 300,3634.169921875,73.89873677381522
2022-11-02,China - CSI 300,3677.81005859375,74.78613363347785
2022-11-03,China - CSI 300,3647.89990234375,74.17792796035344
2022-11-04,China - CSI 300,3767.169921875,76.6032146056736
2022-11-07,China - CSI 300,3775.300048828125,76.7685360200715
2022-11-08,China - CSI 300,3749.330078125,76.24045173390148
2022-11-09,China - CSI 300,3714.27001953125,75.52752578464995
2022-11-10,China - CSI 300,3685.68994140625,74.94636647847068
2022-11-11,China - CSI 300,3788.43994140625,77.0357281117297
2022-11-14,China - CSI 300,3794.02001953125,77.14919576277556
2022-11-15,China - CSI 300,3865.969970703125,78.61225627365998
2022-11-16,China - CSI 300,3834.389892578125,77.97009370811548
2022-11-17,China - CSI 300,3818.659912109375,77.65023368200046
2022-11-18,China - CSI 300,3801.570068359375,77.30272162506964
2022-11-21,China - CSI 300,3769.1298828125,76.64306927414562
2022-11-22,China - CSI 300,3769.570068359375,76.65202019184055
2022-11-23,China - CSI 300,3773.530029296875,76.73254369988938
2022-11-24,China - CSI 300,3756.81005859375,76.39255279676213
2022-11-25,China - CSI 300,3775.780029296875,76.7782961444133
2022-11-28,China - CSI 300,3733.239990234375,75.91326913230112
2022-11-29,China - CSI 300,3848.419921875,78.25538621348181
2022-11-30,China - CSI 300,3853.0400390625,78.34933361584409
2022-12-01,China - CSI 300,3894.77001953125,79.19788855645776
2022-12-02,China - CSI 300,3870.949951171875,78.71352128704963
2022-12-05,China - CSI 300,3946.8798828125,80.25751239153529
2022-12-06,China - CSI 300,3968.199951171875,80.6910436114724
2022-12-07,China - CSI 300,3958.43994140625,80.4925794757592
2022-12-08,China - CSI 300,3959.179931640625,80.5076267478243
2022-12-09,China - CSI 300,3998.239990234375,81.30189037622945
2022-12-12,China - CSI 300,3953.43994140625,80.39090737681715
2022-12-13,China - CSI 300,3945.679931640625,80.23311208068078
2022-12-14,China - CSI 300,3954.889892578125,80.42039129261876
2022-12-15,China - CSI 300,3951.989990234375,80.36142346101555
2022-12-16,China - CSI 300,3954.22998046875,80.40697236276327
2022-12-19,China - CSI 300,3893.219970703125,79.16636921289412
2022-12-20,China - CSI 300,3829.02001953125,77.86090045536987
2022-12-21,China - CSI 300,3830.5400390625,77.89180917060489
2022-12-22,China - CSI 300,3836.030029296875,78.00344493666493
2022-12-23,China - CSI 300,3828.219970703125,77.84463192664755
2022-12-26,China - CSI 300,3843.489990234375,78.15513891397319
2022-12-27,China - CSI 300,3887.85009765625,79.05717596014851
2022-12-28,China - CSI 300,3871.260009765625,78.71982614865394
2022-12-29,China - CSI 300,3856.699951171875,78.4237558050648
2022-12-30,China - CSI 300,3871.6298828125,78.72734730245752
2023-01-03,China - CSI 300,3887.89990234375,79.05818870957157
2023-01-04,China - CSI 300,3892.949951171875,79.16087852239461
2023-01-05,China - CSI 300,3968.580078125,80.69877327251011
2023-01-06,China - CSI 300,3980.889892578125,80.94908620711738
2023-01-09,China - CSI 300,4013.1201171875,81.60446912419911
2023-01-10,China - CSI 300,4017.469970703125,81.69292087160393
2023-01-11,China - CSI 300,4010.030029296875,81.54163397984807
2023-01-12,China - CSI 300,4017.8701171875,81.70105761819406
2023-01-13,China - CSI 300,4074.3798828125,82.8501509145574
2023-01-16,China - CSI 300,4137.9599609375,84.14301491333099
2023-01-17,China - CSI 300,4137.240234375,84.12837969127625
2023-01-18,China - CSI 300,4130.31005859375,83.98745858773285
2023-01-19,China - CSI 300,4156.009765625,84.5100472189454
2023-01-20,China - CSI 300,4181.52978515625,85.02898200910224
2023-01-30,China - CSI 300,4201.35009765625,85.43201656381468
2023-01-31,China - CSI 300,4156.85986328125,84.52733346154874
2023-02-01,China - CSI 300,4195.93017578125,85.32180559718805
2023-02-02,China - CSI 300,4181.14990234375,85.02125731252247
2023-02-03,China - CSI 300,4141.6298828125,84.2176406453279
2023-02-06,China - CSI 300,4086.8798828125,83.10433116191251
2023-02-07,China - CSI 300,4094.22998046875,83.25379113314051
2023-02-08,China - CSI 300,4076.139892578125,82.88593969196333
2023-02-09,China - CSI 300,4130.85986328125,83.9986385470501
2023-02-10,China - CSI 300,4106.31005859375,83.49943251281104
2023-02-13,China - CSI 300,4143.56982421875,84.25708822824751
2023-02-14,China - CSI 300,4145.2900390625,84.29206779900657
2023-02-15,China - CSI 300,4123.68994140625,83.85284234579376
2023-02-16,China - CSI 300,4093.489990234375,83.2387438610754
2023-02-17,China - CSI 300,4034.510009765625,82.03942017911169
2023-02-20,China - CSI 300,4133.490234375,84.05212561706972
2023-02-21,China - CSI 300,4144.35009765625,84.27295463587538
2023-02-22,China - CSI 300,4106.9501953125,83.51244932157206
2023-02-23,China - CSI 300,4103.64990234375,83.44533977892077
2023-02-24,China - CSI 300,4061.050048828125,82.57909647460933
2023-02-27,China - CSI 300,4043.840087890625,82.22914190436408
2023-02-28,China - CSI 300,4069.4599609375,82.75010715782498
2023-03-01,China - CSI 300,4126.93994140625,83.91892921010609
2023-03-02,China - CSI 300,4117.740234375,83.73185850540227
2023-03-03,China - CSI 300,4130.5498046875,83.99233368544579
2023-03-06,China - CSI 300,4109.009765625,83.55432948889019
2023-03-07,China - CSI 300,4048.85009765625,82.33101754608234
2023-03-08,China - CSI 300,4034.110107421875,82.0312883969795
2023-03-09,China - CSI 300,4019.85009765625,81.74131937221848
2023-03-10,China - CSI 300,3967.139892578125,80.66948793502677
2023-03-13,China - CSI 300,4008.68994140625,81.51438407012674
2023-03-14,China - CSI 300,3984.699951171875,81.02656153798114
2023-03-15,China - CSI 300,3986.89990234375,81.07129626862404
2023-03-16,China - CSI 300,3939.14990234375,80.10032772372752
2023-03-17,China - CSI 300,3958.820068359375,80.50030913679693
2023-03-20,China - CSI 300,3939.080078125,80.09890788875205
2023-03-21,China - CSI 300,3982.3798828125,80.97938429402379
2023-03-22,China - CSI 300,3999.43994140625,81.32629068708395
2023-03-23,China - CSI 300,4039.090087890625,82.13255341036914
2023-03-24,China - CSI 300,4027.050048828125,81.88772620180342
2023-03-27,China - CSI 300,4012.47998046875,81.59145231543809
2023-03-28,China - CSI 300,3999.510009765625,81.32771548651738
2023-03-29,China - CSI 300,4006.139892578125,81.46253030677471
2023-03-30,China - CSI 300,4038.530029296875,82.12116494381773
2023-03-31,China - CSI 300,4050.929931640625,82.37330976341082
2023-04-03,China - CSI 300,4090.570068359375,83.1793689439198
2023-04-04,China - CSI 300,4103.10986328125,83.43435839792176
2023-04-06,China - CSI 300,4096.64013671875,83.30280026208366
2023-04-07,China - CSI 300,4123.27978515625,83.84450205642742
2023-04-10,China - CSI 300,4104.81005859375,83.46893088312842
2023-04-11,China - CSI 300,4100.14990234375,83.37416930966134
2023-04-12,China - CSI 300,4097.2900390625,83.31601564916295
2023-04-13,China - CSI 300,4068.97998046875,82.74034703348319
2023-04-14,China - CSI 300,4092.0,83.208445774169
2023-04-17,China - CSI 300,4149.3798828125,84.37523239868807
2023-04-18,China - CSI 300,4162.02978515625,84.63246082322826
2023-04-19,China - CSI 300,4124.56005859375,83.8705356739495
2023-04-20,China - CSI 300,4113.02001953125,83.63587567527799
2023-04-21,China - CSI 300,4032.570068359375,81.99997259619208
2023-04-24,China - CSI 300,3982.639892578125,80.9846714417471
2023-04-25,China - CSI 300,3962.669921875,80.57859367430753
2023-04-26,China - CSI 300,3959.22998046875,80.50864446170532
2023-04-27,China - CSI 300,3988.419921875,81.10220498385907
2023-04-28,China - CSI 300,4029.090087890625,81.92920921248505
2023-05-04,China - CSI 300,4030.25,81.95279535223474
2023-05-05,China - CSI 300,4016.8798828125,81.6809217767239
2023-05-08,China - CSI 300,4062.659912109375,82.6118321103722
2023-05-09,China - CSI 300,4027.8798828125,81.9046003943964
2023-05-10,China - CSI 300,3996.8701171875,81.27403480263747
2023-05-11,China - CSI 300,3990.659912109375,81.14775388560678
2023-05-12,China - CSI 300,3937.760009765625,80.07206506458313
2023-05-15,China - CSI 300,3998.889892578125,81.31510576330875
2023-05-16,China - CSI 300,3978.2099609375,80.89459135213268
2023-05-17,China - CSI 300,3960.169921875,80.52775762483651
2023-05-18,China - CSI 300,3956.070068359375,80.44438948237881
2023-05-19,China - CSI 300,3944.5400390625,80.2099330264835
2023-05-22,China - CSI 300,3969.330078125,80.71402408735142
2023-05-23,China - CSI 300,3913.18994140625,79.5724469803337
2023-05-24,China - CSI 300,3859.090087890625,78.47235784845556
2023-05-25,China - CSI 300,3850.5,78.29768339526825
2023-05-26,China - CSI 300,3850.949951171875,78.30683289128146
2023-05-29,China - CSI 300,3833.93994140625,77.9609442121023
2023-05-30,China - CSI 300,3837.75,78.03841954296604
2023-05-31,China - CSI 300,3798.5400390625,77.2411077373758
2023-06-01,China - CSI 300,3806.8701171875,77.4104950428398
2023-06-02,China - CSI 300,3861.830078125,78.52807396009747
2023-06-05,China - CSI 300,3844.25,78.1705932715907
2023-06-06,China - CSI 300,3808.159912109375,77.43672227422216
2023-06-07,China - CSI 300,3789.340087890625,77.05403206821404
2023-06-08,China - CSI 300,3820.18994140625,77.68134594001167
2023-06-09,China - CSI 300,3836.699951171875,78.01706740929663
2023-06-12,China - CSI 300,3844.429931640625,78.17425207710438
2023-06-13,China - CSI 300,3864.909912109375,78.59070059721435
2023-06-14,China - CSI 300,3864.02001953125,78.57260514796418
2023-06-15,China - CSI 300,3925.5,79.82276487939892
2023-06-16,China - CSI 300,3963.35009765625,80.59242465417339
2023-06-19,China - CSI 300,3930.909912109375,79.93277230324935
2023-06-20,China - CSI 300,3924.239990234375,79.79714331188721
2023-06-21,China - CSI 300,3864.030029296875,78.57280869074039
2023-06-26,China - CSI 300,3809.699951171875,77.46803807500959
2023-06-27,China - CSI 300,3845.429931640625,78.1945864968928
2023-06-28,China - CSI 300,3840.800048828125,78.10044051621227
2023-06-29,China - CSI 300,3821.840087890625,77.71490071133732
2023-06-30,China - CSI 300,3842.449951171875,78.13399032307997
2023-07-03,China - CSI 300,3892.8798828125,79.1594537229612
2023-07-04,China - CSI 300,3899.010009765625,79.28410629778229
2023-07-05,China - CSI 300,3868.81005859375,78.67000781306393
2023-07-06,China - CSI 300,3842.75,78.14009164190809
2023-07-07,China - CSI 300,3825.699951171875,77.79338879162412
2023-07-10,China - CSI 300,3844.330078125,78.17222161380032
2023-07-11,China - CSI 300,3869.489990234375,78.68383382847182
2023-07-12,China - CSI 300,3843.43994140625,78.15412120009218
2023-07-13,China - CSI 300,3898.419921875,79.27210720290226
2023-07-14,China - CSI 300,3899.10009765625,79.2859381827681
2023-07-17,China - CSI 300,3867.169921875,78.63665658451448
2023-07-18,China - CSI 300,3854.93994140625,78.38796702765887
2023-07-19,China - CSI 300,3850.8701171875,78.30520951352979
2023-07-20,China - CSI 300,3823.68994140625,77.75251640927111
2023-07-21,China - CSI 300,3821.909912109375,77.71632054631277
2023-07-24,China - CSI 300,3805.219970703125,77.37694027151414
2023-07-25,China - CSI 300,3915.1201171875,79.61169598493505
2023-07-26,China - CSI 300,3907.010009765625,79.44678165608956
2023-07-27,China - CSI 300,3902.35009765625,79.35202504708043
2023-07-28,China - CSI 300,3992.739990234375,81.19005106739321
2023-07-31,China - CSI 300,4014.6298828125,81.63516933219998
2023-08-01,China - CSI 300,3998.0,81.29701031405855
2023-08-02,China - CSI 300,3969.89990234375,80.72561113222109
2023-08-03,China - CSI 300,4004.97998046875,81.43894416702501
2023-08-04,China - CSI 300,4020.580078125,81.75616310150737
2023-08-07,China - CSI 300,3990.14990234375,81.13738313293636
2023-08-08,China - CSI 300,3979.72998046875,80.9255000673677
2023-08-09,China - CSI 300,3967.570068359375,80.6782353099455
2023-08-10,China - CSI 300,3975.719970703125,80.84395884543785
2023-08-11,China - CSI 300,3884.25,78.98397006312705
2023-08-14,China - CSI 300,3855.909912109375,78.40769081911868
2023-08-15,China - CSI 300,3846.5400390625,78.21715988721944
2023-08-16,China - CSI 300,3818.330078125,77.64352669930169
2023-08-17,China - CSI 300,3831.10009765625,77.90319763715631
2023-08-18,China - CSI 300,3784.0,76.94544447933906
2023-08-21,China - CSI 300,3729.56005859375,75.838439857528
2023-08-22,China - CSI 300,3758.22998046875,76.42142608423514
2023-08-23,China - CSI 300,3696.6298828125,75.16882383948597
2023-08-24,China - CSI 300,3723.429931640625,75.71378728270692
2023-08-25,China - CSI 300,3730.7900390625,75.8634507967111
2023-08-28,China - CSI 300,3752.6201171875,76.30735276931861
2023-08-29,China - CSI 300,3790.110107421875,77.06968996860775
2023-08-30,China - CSI 300,3788.510009765625,77.0371529111631
2023-08-31,China - CSI 300,3765.27001953125,76.5645811938588
2023-09-01,China - CSI 300,3791.489990234375,77.09774908497593
2023-09-04,China - CSI 300,3848.949951171875,78.26616405170464
2023-09-05,China - CSI 300,3820.320068359375,77.6839919961023
2023-09-06,China - CSI 300,3812.030029296875,77.51541886174313
2023-09-07,China - CSI 300,3758.469970703125,76.42630614640603
2023-09-08,China - CSI 300,3739.989990234375,76.05052646587288
2023-09-11,China - CSI 300,3767.5400390625,76.61074072393514
2023-09-12,China - CSI 300,3760.60009765625,76.46962104207348
2023-09-13,China - CSI 300,3736.64990234375,75.98260771657472
2023-09-14,China - CSI 300,3733.510009765625,75.91875982280062
2023-09-15,China - CSI 300,3708.780029296875,75.4158900185899
2023-09-18,China - CSI 300,3727.7099609375,75.80081919513626
2023-09-19,China - CSI 300,3720.5,75.6542088227751
2023-09-20,China - CSI 300,3705.68994140625,75.35305487423885
2023-09-21,China - CSI 300,3672.43994140625,74.67693541627428
2023-09-22,China - CSI 300,3738.929931640625,76.02897078942725
2023-09-25,China - CSI 300,3714.60009765625,75.53423773180667
2023-09-26,China - CSI 300,3692.889892578125,75.09277330805564
2023-09-27,China - CSI 300,3700.5,75.24752042700693
2023-09-28,China - CSI 300,3689.52001953125,75.02424889488684
2023-10-09,China - CSI 300,3684.72998046875,74.92684622978707
2023-10-10,China - CSI 300,3657.1298828125,74.36561425784382
2023-10-11,China - CSI 300,3667.550048828125,74.57750228787044
2023-10-12,China - CSI 300,3702.3798828125,75.28574675326932
2023-10-13,China - CSI 300,3663.409912109375,74.49331500984998
2023-10-16,China - CSI 300,3626.60009765625,73.7448087904267
2023-10-17,China - CSI 300,3639.39990234375,74.00508539215197
2023-10-18,China - CSI 300,3610.580078125,73.41905098825976
2023-10-19,China - CSI 300,3533.5400390625,71.85248649344746
2023-10-20,China - CSI 300,3510.590087890625,71.38581255219508
2023-10-23,China - CSI 300,3474.239990234375,70.64665440710323
2023-10-24,China - CSI 300,3487.1298828125,70.90876289381431
2023-10-25,China - CSI 300,3504.4599609375,71.26115997737399
2023-10-26,China - CSI 300,3514.139892578125,71.45799577087756
2023-10-27,China - CSI 300,3562.389892578125,72.43913152566829
2023-10-30,China - CSI 300,3583.77001953125,72.8738840022626
2023-10-31,China - CSI 300,3572.510009765625,72.6449182368668
2023-11-01,China - CSI 300,3571.030029296875,72.61482369273659
2023-11-02,China - CSI 300,3554.18994140625,72.27239027629491
2023-11-03,China - CSI 300,3584.139892578125,72.88140515606617
2023-11-06,China - CSI 300,3632.610107421875,73.86701885193335
2023-11-07,China - CSI 300,3619.760009765625,73.60571957186912
2023-11-08,China - CSI 300,3611.070068359375,73.42901465537776
2023-11-09,China - CSI 300,3612.830078125,73.46480343278368
2023-11-10,China - CSI 300,3586.489990234375,72.92919302835213
2023-11-13,China - CSI 300,3579.409912109375,72.78522374762363
2023-11-14,China - CSI 300,3582.06005859375,72.8391129387377
2023-11-15,China - CSI 300,3607.25,73.3513357817378
2023-11-16,China - CSI 300,3572.360107421875,72.64187005968172
2023-11-17,China - CSI 300,3568.070068359375,72.55463460447618
2023-11-20,China - CSI 300,3576.320068359375,72.72239356773055
2023-11-21,China - CSI 300,3581.070068359375,72.81898206172549
2023-11-22,China - CSI 300,3544.419921875,72.07372259780553
2023-11-23,China - CSI 300,3561.52001953125,72.4214431619705
2023-11-24,China - CSI 300,3538.010009765625,71.9433807541667
2023-11-27,China - CSI 300,3511.93994140625,71.41326104023464
2023-11-28,China - CSI 300,3518.52001953125,71.54706311106892
2023-11-29,China - CSI 300,3488.31005859375,70.93276108357436
2023-11-30,China - CSI 300,3496.199951171875,71.0931974713434
2023-12-01,China - CSI 300,3482.8798828125,70.82234160971358
2023-12-04,China - CSI 300,3460.139892578125,70.35993710230348
2023-12-05,China - CSI 300,3394.260009765625,69.02030790958293
2023-12-06,China - CSI 300,3399.60009765625,69.1288954984579
2023-12-07,China - CSI 300,3391.280029296875,68.9597117357701
2023-12-08,China - CSI 300,3399.4599609375,69.12604589959106
2023-12-11,China - CSI 300,3419.449951171875,69.53253075258303
2023-12-12,China - CSI 300,3426.800048828125,69.68199072381101
2023-12-13,China - CSI 300,3369.610107421875,68.51906644758182
2023-12-14,China - CSI 300,3351.9599609375,68.16016095964163
2023-12-15,China - CSI 300,3341.550048828125,67.94848143684916
2023-12-18,China - CSI 300,3329.3701171875,67.70080959387458
2023-12-19,China - CSI 300,3334.0400390625,67.7957697456599
2023-12-20,China - CSI 300,3297.5,67.05274925227816
2023-12-21,China - CSI 300,3330.8701171875,67.73131122355719
2023-12-22,China - CSI 300,3337.22998046875,67.86063535331502
2023-12-25,China - CSI 300,3347.449951171875,68.06845252781758
2023-12-26,China - CSI 300,3324.7900390625,67.60767636261711
2023-12-27,China - CSI 300,3336.360107421875,67.84294698961723
2023-12-28,China - CSI 300,3414.5400390625,69.4326905386268
2023-12-29,China - CSI 300,3431.110107421875,69.76963326456898
2024-01-02,China - CSI 300,3386.35009765625,68.85946443626148
2024-01-03,China - CSI 300,3378.300048828125,68.69577136407318
2024-01-04,China - CSI 300,3347.050048828125,68.06032074568542
2024-01-05,China - CSI 300,3329.110107421875,67.69552244615127
2024-01-08,China - CSI 300,3286.06005859375,66.82012468136868
2024-01-09,China - CSI 300,3292.5,66.95107715333613
2024-01-10,China - CSI 300,3277.1298828125,66.63853473824845
2024-01-11,China - CSI 300,3295.669921875,67.01553567543883
2024-01-12,China - CSI 300,3284.169921875,66.78168984787213
2024-01-15,China - CSI 300,3280.919921875,66.71560298355979
2024-01-16,China - CSI 300,3300.8798828125,67.12147720822317
2024-01-17,China - CSI 300,3229.080078125,65.66146983898177
2024-01-18,China - CSI 300,3274.72998046875,66.58973411653946
2024-01-19,China - CSI 300,3269.780029296875,66.48907973147843
2024-01-22,China - CSI 300,3218.89990234375,65.45446187112604
2024-01-23,China - CSI 300,3231.929931640625,65.71941995670397
2024-01-24,China - CSI 300,3277.110107421875,66.63813261715401
2024-01-25,China - CSI 300,3342.919921875,67.97633701044114
2024-01-26,China - CSI 300,3333.820068359375,67.7912967690414
2024-01-29,China - CSI 300,3303.9599609375,67.18410880979802
2024-01-30,China - CSI 300,3245.0400390625,65.98600638449152
2024-01-31,China - CSI 300,3215.35009765625,65.38227865244356
2024-02-01,China - CSI 300,3217.7099609375,65.43026510304774
2024-02-02,China - CSI 300,3179.6298828125,64.6559288088786
2024-02-05,China - CSI 300,3200.419921875,65.07868219059289
2024-02-06,China - CSI 300,3311.68994140625,67.34129347760577
2024-02-07,China - CSI 300,3343.6298828125,67.99077365417764
2024-02-08,China - CSI 300,3364.929931640625,68.42389778856234
2024-02-19,China - CSI 300,3403.81005859375,69.21450261145382
2024-02-20,China - CSI 300,3410.85009765625,69.35765772107749
2024-02-21,China - CSI 300,3456.8701171875,70.29344811689671
2024-02-22,China - CSI 300,3486.669921875,70.89940985502491
2024-02-23,China - CSI 300,3489.739990234375,70.96183791382357
2024-02-26,China - CSI 300,3453.360107421875,70.22207410486106
2024-02-27,China - CSI 300,3494.7900390625,71.06452772664662
2024-02-28,China - CSI 300,3450.260009765625,70.15903541773382
2024-02-29,China - CSI 300,3516.080078125,71.49744831825512
2024-03-01,China - CSI 300,3537.800048828125,71.9391113203244
2024-03-04,China - CSI 300,3540.8701171875,72.00153937912305
2024-03-05,China - CSI 300,3565.510009765625,72.50257729834793
2024-03-06,China - CSI 300,3551.050048828125,72.20854238252082
2024-03-07,China - CSI 300,3529.719970703125,71.77480761980752
2024-03-08,China - CSI 300,3544.909912109375,72.08368626492353
2024-03-11,China - CSI 300,3589.260009765625,72.98551976832265
2024-03-12,China - CSI 300,3597.489990234375,73.15287164602462
2024-03-13,China - CSI 300,3572.360107421875,72.64187005968172
2024-03-14,China - CSI 300,3562.219970703125,72.4356762629308
2024-03-15,China - CSI 300,3569.989990234375,72.59367510184337
2024-03-18,China - CSI 300,3603.530029296875,73.27569233585987
2024-03-19,China - CSI 300,3577.6298828125,72.74902788466532
2024-03-20,China - CSI 300,3585.3798828125,72.90661963802549
2024-03-21,China - CSI 300,3581.090087890625,72.81938914727789
2024-03-22,China - CSI 300,3545.0,72.08551814990936
2024-03-25,China - CSI 300,3525.760009765625,71.69428411175869
2024-03-26,China - CSI 300,3543.75,72.06010012517385
2024-03-27,China - CSI 300,3502.7900390625,71.2272030849539
2024-03-28,China - CSI 300,3520.9599609375,71.59667790388274
2024-03-29,China - CSI 300,3537.47998046875,71.93260291594389
2024-04-01,China - CSI 300,3595.64990234375,73.11545452640908
2024-04-02,China - CSI 300,3580.679931640625,72.81104885791156
2024-04-03,China - CSI 300,3567.800048828125,72.54914391397666
2024-04-08,China - CSI 300,3536.409912109375,71.91084369672205
2024-04-09,China - CSI 300,3533.489990234375,71.85146877956645
2024-04-10,China - CSI 300,3504.7099609375,71.26624358232108
2024-04-11,China - CSI 300,3504.239990234375,71.25668700075549
2024-04-12,China - CSI 300,3475.840087890625,70.67919146454787
2024-04-15,China - CSI 300,3549.080078125,72.16848417127261
2024-04-16,China - CSI 300,3511.110107421875,71.39638684764168
2024-04-17,China - CSI 300,3565.39990234375,72.50033832780971
2024-04-18,China - CSI 300,3569.800048828125,72.58981275355349
2024-04-19,China - CSI 300,3541.659912109375,72.0175994006112
2024-04-22,China - CSI 300,3530.89990234375,71.79880084510961
2024-04-23,China - CSI 300,3506.219970703125,71.2969487547799
2024-04-24,China - CSI 300,3521.6201171875,71.61010179819618
2024-04-25,China - CSI 300,3530.280029296875,71.78619608635893
2024-04-26,China - CSI 300,3584.27001953125,72.8840512121568
2024-04-29,China - CSI 300,3623.909912109375,73.69010542820783
2024-04-30,China - CSI 300,3604.389892578125,73.29317715678145
2024-05-06,China - CSI 300,3657.8798828125,74.38086507268513
2024-05-07,China - CSI 300,3659.010009765625,74.40384554856416
2024-05-08,China - CSI 300,3630.219970703125,73.8184168085426
2024-05-09,China - CSI 300,3664.56005859375,74.51670257128143
2024-05-10,China - CSI 300,3666.280029296875,74.55167717758253
2024-05-13,China - CSI 300,3664.68994140625,74.5193436629141
2024-05-14,China - CSI 300,3657.050048828125,74.36399088009216
2024-05-15,China - CSI 300,3626.06005859375,73.73382740942769
2024-05-16,China - CSI 300,3640.360107421875,74.02461060529352
2024-05-17,China - CSI 300,3677.969970703125,74.78938535343912
2024-05-20,China - CSI 300,3690.9599609375,75.05352926791224
2024-05-21,China - CSI 300,3676.159912109375,74.75257886215219
2024-05-22,China - CSI 300,3684.449951171875,74.92115199651138
2024-05-23,China - CSI 300,3641.7900390625,74.05368743554271
2024-05-24,China - CSI 300,3601.47998046875,73.23400578240205
2024-05-27,China - CSI 300,3635.7099609375,73.93005257460264
2024-05-28,China - CSI 300,3609.169921875,73.39037627910501
2024-05-29,China - CSI 300,3613.52001953125,73.47883299096777
2024-05-30,China - CSI 300,3594.31005859375,73.0882095811457
2024-05-31,China - CSI 300,3579.919921875,72.79559450029404
2024-06-03,China - CSI 300,3588.75,72.97514901565224
2024-06-04,China - CSI 300,3615.669921875,73.52255000772966
2024-06-05,China - CSI 300,3594.7900390625,73.09796970548751
2024-06-06,China - CSI 300,3592.25,73.04631948491166
2024-06-07,China - CSI 300,3574.110107421875,72.67745529431143
2024-06-11,China - CSI 300,3542.8798828125,72.04240679701812
2024-06-12,China - CSI 300,3544.1201171875,72.06762624343537
2024-06-13,China - CSI 300,3526.1298828125,71.70180526556226
2024-06-14,China - CSI 300,3541.530029296875,72.01495830897852
2024-06-17,China - CSI 300,3536.199951171875,71.90657426287976
2024-06-18,China - CSI 300,3545.590087890625,72.09751724478937
2024-06-19,China - CSI 300,3528.75,71.75508382834771
2024-06-20,China - CSI 300,3503.280029296875,71.23716675207189
2024-06-21,China - CSI 300,3495.6201171875,71.08140688369754
2024-06-24,China - CSI 300,3476.81005859375,70.69891525600767
2024-06-25,China - CSI 300,3457.89990234375,70.31438820055577
2024-06-26,China - CSI 300,3480.260009765625,70.76906801138608
2024-06-27,China - CSI 300,3454.1201171875,70.23752846247858
2024-06-28,China - CSI 300,3461.659912109375,70.39084581753849
2024-07-01,China - CSI 300,3478.179931640625,70.72677082959964
2024-07-02,China - CSI 300,3471.7900390625,70.59683607151321
2024-07-03,China - CSI 300,3463.409912109375,70.42643105216821
2024-07-04,China - CSI 300,3445.81005859375,70.06854824256699
2024-07-05,China - CSI 300,3431.06005859375,69.76861555068797
2024-07-08,China - CSI 300,3401.760009765625,69.17281605799599
2024-07-09,China - CSI 300,3439.81005859375,69.94654172383655
2024-07-10,China - CSI 300,3428.969970703125,69.72611482612533
2024-07-11,China - CSI 300,3468.169921875,70.52322308893936
2024-07-12,China - CSI 300,3472.39990234375,70.60923728748769
2024-07-15,China - CSI 300,3476.25,70.68752678945624
2024-07-16,China - CSI 300,3498.280029296875,71.13549465312985
2024-07-17,China - CSI 300,3501.580078125,71.20259923132318
2024-07-18,China - CSI 300,3520.929931640625,71.59606727555412
2024-07-19,China - CSI 300,3539.02001953125,71.9639187167313
2024-07-22,China - CSI 300,3514.919921875,71.47385721404747
2024-07-23,China - CSI 300,3439.8798828125,69.947961558812
2024-07-24,China - CSI 300,3418.169921875,69.50650209951891
2024-07-25,China - CSI 300,3399.27001953125,69.12218355130118
2024-07-26,China - CSI 300,3409.2900390625,69.32593483473767
2024-07-29,China - CSI 300,3390.739990234375,68.94873035477109
2024-07-30,China - CSI 300,3369.3798828125,68.51438496372917
2024-07-31,China - CSI 300,3442.080078125,69.99270125391286
2024-08-01,China - CSI 300,3419.27001953125,69.52887194706935
2024-08-02,China - CSI 300,3384.389892578125,68.81960480333152
2024-08-05,China - CSI 300,3343.320068359375,67.98447375703128
2024-08-06,China - CSI 300,3342.97998046875,67.97755826709836
2024-08-07,China - CSI 300,3341.489990234375,67.94726018019195
2024-08-08,China - CSI 300,3342.93994140625,67.97674409599355
2024-08-09,China - CSI 300,3331.6298828125,67.74676061671674
2024-08-12,China - CSI 300,3325.860107421875,67.62943558183893
2024-08-13,China - CSI 300,3334.389892578125,67.80288381391107
2024-08-14,China - CSI 300,3309.239990234375,67.29147514201577
2024-08-15,China - CSI 300,3341.949951171875,67.95661321898135
2024-08-16,China - CSI 300,3345.6298828125,68.03144249375447
2024-08-19,China - CSI 300,3356.969970703125,68.26203660135988
2024-08-20,China - CSI 300,3332.699951171875,67.76851983593856
2024-08-21,China - CSI 300,3321.639892578125,67.54361996160885
2024-08-22,China - CSI 300,3313.139892578125,67.37077739340738
2024-08-23,China - CSI 300,3327.18994140625,67.65647698432612
2024-08-26,China - CSI 300,3324.219970703125,67.5960843532895
2024-08-27,China - CSI 300,3305.330078125,67.21196934784795
2024-08-28,China - CSI 300,3286.5,66.82907063460567
2024-08-29,China - CSI 300,3277.679931640625,66.64971966202367
2024-08-30,China - CSI 300,3321.429931640625,67.53935052776656
2024-09-02,China - CSI 300,3265.010009765625,66.39208415193107
2024-09-03,China - CSI 300,3273.429931640625,66.56329837792295
2024-09-04,China - CSI 300,3252.159912109375,66.13078487186684
2024-09-05,China - CSI 300,3257.760009765625,66.24465960846511
2024-09-06,China - CSI 300,3231.35009765625,65.70762936905811
2024-09-09,China - CSI 300,3192.949951171875,64.92678467050843
2024-09-10,China - CSI 300,3195.760009765625,64.98392558158376
2024-09-11,China - CSI 300,3186.1298828125,64.78810253750325
2024-09-12,China - CSI 300,3172.469970703125,64.51033615039844
2024-09-13,China - CSI 300,3159.25,64.24151571653064
2024-09-18,China - CSI 300,3171.010009765625,64.48064869182065
2024-09-19,China - CSI 300,3196.0400390625,64.98961981485948
2024-09-20,China - CSI 300,3201.050048828125,65.09149545657772
2024-09-23,China - CSI 300,3212.760009765625,65.32961071798672
2024-09-24,China - CSI 300,3351.909912109375,68.15914324576062
2024-09-25,China - CSI 300,3401.530029296875,69.1681395386013
2024-09-26,China - CSI 300,3545.320068359375,72.09202655428987
2024-09-27,China - CSI 300,3703.679931640625,75.31218249188584
2024-09-30,China - CSI 300,4017.85009765625,81.70065053264166
2024-10-08,China - CSI 300,4256.10009765625,86.54532604723006
2024-10-09,China - CSI 300,3955.97998046875,80.44255759739298
2024-10-10,China - CSI 300,3997.7900390625,81.29274088021626
2024-10-11,China - CSI 300,3887.169921875,79.04334498028265
2024-10-14,China - CSI 300,3961.340087890625,80.55155227182036
2024-10-15,China - CSI 300,3855.989990234375,78.40931916132831
2024-10-16,China - CSI 300,3831.590087890625,77.91316130427431
2024-10-17,China - CSI 300,3788.219970703125,77.0312551351112
2024-10-18,China - CSI 300,3925.22998046875,79.81727418889942
2024-10-21,China - CSI 300,3935.199951171875,80.0200077584549
2024-10-22,China - CSI 300,3957.780029296875,80.47916054590371
2024-10-23,China - CSI 300,3973.2099609375,80.79291925319063
2024-10-24,China - CSI 300,3928.830078125,79.89048008592087
2024-10-25,China - CSI 300,3956.419921875,80.45150355062998
2024-10-28,China - CSI 300,3964.159912109375,80.60889176121394
2024-10-29,China - CSI 300,3924.64990234375,79.80547863679558
2024-10-30,China - CSI 300,3889.449951171875,79.08970805313518
2024-10-31,China - CSI 300,3891.0400390625,79.12204156780362
2024-11-01,China - CSI 300,3890.02001953125,79.10130006246281
2024-11-04,China - CSI 300,3944.760009765625,80.21440600310198
2024-11-05,China - CSI 300,4044.570068359375,82.24398563365298
2024-11-06,China - CSI 300,4024.280029296875,81.8313994618329
2024-11-07,China - CSI 300,4145.7001953125,84.30040808837292
2024-11-08,China - CSI 300,4104.0498046875,83.45347156105295
2024-11-11,China - CSI 300,4131.1298828125,84.0041292375496
2024-11-12,China - CSI 300,4085.739990234375,83.08115210771524
2024-11-13,China - CSI 300,4110.89013671875,83.5925657440685
2024-11-14,China - CSI 300,4039.6201171875,82.14333124859195
2024-11-15,China - CSI 300,3968.830078125,80.70385687745723
2024-11-18,China - CSI 300,3950.3798828125,80.32868286079471
2024-11-19,China - CSI 300,3976.889892578125,80.86774852796374
2024-11-20,China - CSI 300,3985.77001953125,81.04832075720296
2024-11-21,China - CSI 300,3989.300048828125,81.12010185479099
2024-11-22,China - CSI 300,3865.699951171875,78.60676558316048
2024-11-25,China - CSI 300,3848.090087890625,78.24867923078305
2024-11-26,China - CSI 300,3840.179931640625,78.08783079300366
2024-11-27,China - CSI 300,3907.0400390625,79.44739228441816
2024-11-28,China - CSI 300,3872.550048828125,78.74605834449426
2024-11-29,China - CSI 300,3916.580078125,79.64138344351286
2024-12-02,China - CSI 300,3947.6298828125,80.27276320637658
2024-12-03,China - CSI 300,3951.889892578125,80.35938803325354
2024-12-04,China - CSI 300,3930.56005859375,79.92565823499818
2024-12-05,China - CSI 300,3921.590087890625,79.7432590852311
2024-12-06,China - CSI 300,3973.139892578125,80.79149445375722
2024-12-09,China - CSI 300,3966.570068359375,80.6579008901571
2024-12-10,China - CSI 300,3995.639892578125,81.24901889899641
2024-12-11,China - CSI 300,3988.830078125,81.1105452732254
2024-12-12,China - CSI 300,4028.5,81.91721011760504
2024-12-13,China - CSI 300,3933.179931640625,79.97893183332567
2024-12-16,China - CSI 300,3911.840087890625,79.54499849229411
2024-12-17,China - CSI 300,3922.030029296875,79.75220503846809
2024-12-18,China - CSI 300,3941.889892578125,80.15604383536945
2024-12-19,China - CSI 300,3945.4599609375,80.22863910406228
2024-12-20,China - CSI 300,3927.739990234375,79.86831378114664
2024-12-23,China - CSI 300,3933.570068359375,79.98686503713961
2024-12-24,China - CSI 300,3983.68994140625,81.00602357541652
2024-12-25,China - CSI 300,3985.6298828125,81.04547115833613
2024-12-26,China - CSI 300,3987.47998046875,81.08309182072786
2024-12-27,China - CSI 300,3981.030029296875,80.95193580598422
2024-12-30,China - CSI 300,3999.050048828125,81.31836244772798
2024-12-31,China - CSI 300,3934.909912109375,80.01410998240299
2025-01-02,China - CSI 300,3820.39990234375,77.68561537385396
2025-01-03,China - CSI 300,3775.159912109375,76.76568642120468
2025-01-06,China - CSI 300,3768.969970703125,76.63981755418433
2025-01-07,China - CSI 300,3796.110107421875,77.1916964873382
2025-01-08,China - CSI 300,3789.219970703125,77.0515895548996
2025-01-09,China - CSI 300,3779.8798828125,76.861664286871
2025-01-10,China - CSI 300,3732.47998046875,75.89781477468361
2025-01-13,China - CSI 300,3722.510009765625,75.69508120512812
2025-01-14,China - CSI 300,3820.5400390625,77.68846497272081
2025-01-15,China - CSI 300,3796.030029296875,77.19006814512858
2025-01-16,China - CSI 300,3800.3798828125,77.27851989253338
2025-01-17,China - CSI 300,3812.340087890625,77.52172372334743
2025-01-20,China - CSI 300,3829.679931640625,77.87431938522535
2025-01-21,China - CSI 300,3832.610107421875,77.93390280961512
2025-01-22,China - CSI 300,3797.02001953125,77.21019902214078
2025-01-23,China - CSI 300,3803.739990234375,77.34684572738394
2025-01-24,China - CSI 300,3832.860107421875,77.93898641456222
2025-01-27,China - CSI 300,3817.080078125,77.61810867456617
2025-02-05,China - CSI 300,3795.080078125,77.17075143922119
2025-02-06,China - CSI 300,3842.830078125,78.14171998411771
2025-02-07,China - CSI 300,3892.699951171875,79.15579491744752
2025-02-10,China - CSI 300,3901.06005859375,79.32579285124012
2025-02-11,China - CSI 300,3883.139892578125,78.96139667280042
2025-02-12,China - CSI 300,3919.860107421875,79.70808093615379
2025-02-13,China - CSI 300,3905.139892578125,79.40875390814541
2025-02-14,China - CSI 300,3939.010009765625,80.09748308931864
2025-02-17,China - CSI 300,3947.39990234375,80.26808668698189
2025-02-18,China - CSI 300,3912.780029296875,79.56411165542532
2025-02-19,China - CSI 300,3940.159912109375,80.12086568629213
2025-02-20,China - CSI 300,3928.89990234375,79.89189992089632
2025-02-21,China - CSI 300,3978.43994140625,80.89926787152737
2025-02-24,China - CSI 300,3969.719970703125,80.7219523267074
2025-02-25,China - CSI 300,3925.64990234375,79.825813056584
2025-02-26,China - CSI 300,3959.93994140625,80.5230811054418
2025-02-27,China - CSI 300,3968.1201171875,80.68942023372072
2025-02-28,China - CSI 300,3890.050048828125,79.10191069079143
2025-03-03,China - CSI 300,3888.469970703125,79.06978071889918
2025-03-04,China - CSI 300,3885.219970703125,79.00369385458686
2025-03-05,China - CSI 300,3902.570068359375,79.35649802369893
2025-03-06,China - CSI 300,3956.239990234375,80.4478447451163
2025-03-07,China - CSI 300,3944.010009765625,80.19915518826069
2025-03-10,China - CSI 300,3928.800048828125,79.88986945759225
2025-03-11,China - CSI 300,3941.419921875,80.14648725380384
2025-03-12,China - CSI 300,3927.22998046875,79.85794302847623
2025-03-13,China - CSI 300,3911.580078125,79.53971134457082
2025-03-14,China - CSI 300,4006.56005859375,81.47107413891726
2025-03-17,China - CSI 300,3996.7900390625,81.27240646042786
2025-03-18,China - CSI 300,4007.719970703125,81.49466027866694
2025-03-19,China - CSI 300,4010.169921875,81.54447861425696
2025-03-20,China - CSI 300,3974.989990234375,80.82911511614896
2025-03-21,China - CSI 300,3914.699951171875,79.60315215279252
2025-03-24,China - CSI 300,3934.85009765625,80.01289369020373
2025-03-25,China - CSI 300,3932.300048828125,79.9610399268517
2025-03-26,China - CSI 300,3919.360107421875,79.6979137262596
2025-03-27,China - CSI 300,3932.409912109375,79.96327393293195
2025-03-28,China - CSI 300,3915.169921875,79.61270873435811
2025-03-31,China - CSI 300,3887.31005859375,79.0461945791495
2025-04-01,China - CSI 300,3887.679931640625,79.05371573295307
2025-04-02,China - CSI 300,3884.389892578125,78.98681469753593
2025-04-03,China - CSI 300,3861.5,78.52136201294076
2025-04-07,China - CSI 300,3589.43994140625,72.98917857383633
2025-04-08,China - CSI 300,3650.760009765625,74.23608658530979
2025-04-09,China - CSI 300,3686.7900390625,74.96873632602112
2025-04-10,China - CSI 300,3735.1201171875,75.95150042302147
2025-04-11,China - CSI 300,3750.52001953125,76.26464850197978
2025-04-14,China - CSI 300,3759.139892578125,76.43992861903772
2025-04-15,China - CSI 300,3761.22998046875,76.48242934360037
2025-04-16,China - CSI 300,3772.820068359375,76.71810705615289
2025-04-17,China - CSI 300,3772.219970703125,76.70590441849666
2025-04-18,China - CSI 300,3772.52001953125,76.71200573732477
2025-04-21,China - CSI 300,3784.8798828125,76.96333638581305
2025-04-22,China - CSI 300,3783.949951171875,76.94442676545805
2025-04-23,China - CSI 300,3786.8798828125,77.00400522538988
2025-04-24,China - CSI 300,3784.360107421875,76.9527670548244
2025-04-25,China - CSI 300,3786.989990234375,77.0062441959281
2025-04-28,China - CSI 300,3781.6201171875,76.89705094318248
2025-04-29,China - CSI 300,3775.080078125,76.764063043453
2025-04-30,China - CSI 300,3770.570068359375,76.67235461162896
2025-05-06,China - CSI 300,3808.5400390625,77.44445193525989
2025-05-07,China - CSI 300,3831.6298828125,77.91397051092116
2025-05-08,China - CSI 300,3852.89990234375,78.34648401697726
2025-05-09,China - CSI 300,3846.159912109375,78.2094302261817
2025-05-12,China - CSI 300,3890.610107421875,79.11329915734284
2025-05-13,China - CSI 300,3896.260009765625,79.22818664336417
2025-05-14,China - CSI 300,3943.2099609375,80.18288665953837
2025-05-15,China - CSI 300,3907.199951171875,79.45064400437944
2025-05-16,China - CSI 300,3889.090087890625,79.08239044210782
2025-05-19,China - CSI 300,3877.14990234375,78.83959369684617
2025-05-20,China - CSI 300,3898.169921875,79.26702359795516
2025-05-21,China - CSI 300,3916.3798828125,79.6373125879888
2025-05-22,China - CSI 300,3913.8701171875,79.58627796019955
2025-05-23,China - CSI 300,3882.27001953125,78.94370830910265
2025-05-26,China - CSI 300,3860.110107421875,78.49309935379637
2025-05-27,China - CSI 300,3839.39990234375,78.07196934983374
2025-05-28,China - CSI 300,3836.239990234375,78.00771437050723
2025-05-29,China - CSI 300,3858.699951171875,78.46442464464161
2025-05-30,China - CSI 300,3840.22998046875,78.08884850688466
2025-06-03,China - CSI 300,3852.010009765625,78.32838856772707
2025-06-04,China - CSI 300,3868.739990234375,78.66858301363051
2025-06-05,China - CSI 300,3877.56005859375,78.84793398621251
2025-06-06,China - CSI 300,3873.97998046875,78.77513517474345
2025-06-09,China - CSI 300,3885.25,79.00430448291547
2025-06-10,China - CSI 300,3865.469970703125,78.60208906376577
2025-06-11,China - CSI 300,3894.6298828125,79.19503895759092
2025-06-12,China - CSI 300,3892.199951171875,79.14562770755332
2025-06-13,China - CSI 300,3864.179931640625,78.57585686792547
2025-06-16,China - CSI 300,3873.800048828125,78.77147636922977
2025-06-17,China - CSI 300,3870.3798828125,78.701929277722
2025-06-18,China - CSI 300,3874.969970703125,78.79526605175566
2025-06-19,China - CSI 300,3843.090087890625,78.14700713184101
2025-06-20,China - CSI 300,3846.639892578125,78.21919035052349
2025-06-23,China - CSI 300,3857.89990234375,78.4481561159193
2025-06-24,China - CSI 300,3904.030029296875,79.38618548227674
2025-06-25,China - CSI 300,3960.070068359375,80.52572716153244
2025-06-26,China - CSI 300,3946.02001953125,80.2400275706137
2025-06-27,China - CSI 300,3921.760009765625,79.74671434796858
2025-06-30,China - CSI 300,3936.080078125,80.03790462938683
2025-07-01,China - CSI 300,3942.760009765625,80.17373716352517
2025-07-02,China - CSI 300,3943.68994140625,80.19264678388016
2025-07-03,China - CSI 300,3968.070068359375,80.68840251983971
2025-07-04,China - CSI 300,3982.199951171875,80.97572548851011
2025-07-07,China - CSI 300,3965.179931640625,80.62963326655476
2025-07-08,China - CSI 300,3998.449951171875,81.30615981007175
2025-07-09,China - CSI 300,3991.39990234375,81.16280115767188
2025-07-10,China - CSI 300,4010.02001953125,81.54143043707187
2025-07-11,China - CSI 300,4014.81005859375,81.63883310217163
2025-07-14,China - CSI 300,4017.669921875,81.69698676267002
2025-07-15,China - CSI 300,4019.06005859375,81.72525438627235
2025-07-16,China - CSI 300,4007.199951171875,81.48408598322034
2025-07-17,China - CSI 300,4034.489990234375,82.03901309355928
2025-07-18,China - CSI 300,4058.550048828125,82.52826042513831
2025-07-21,China - CSI 300,4085.610107421875,83.07851101608256
2025-07-22,China - CSI 300,4118.9599609375,83.75666093735123
2025-07-23,China - CSI 300,4119.77001953125,83.77313300884974
2025-07-24,China - CSI 300,4149.0400390625,84.3683218732131
2025-07-25,China - CSI 300,4127.16015625,83.92340715118254
2025-07-28,China - CSI 300,4135.81982421875,84.09949647488733
2025-07-29,China - CSI 300,4152.02001953125,84.42891804702593
2025-07-30,China - CSI 300,4151.240234375,84.41306156831398
2025-07-31,China - CSI 300,4075.590087890625,82.87475973264607
2025-08-01,China - CSI 300,4054.929931640625,82.45464744256445
2025-08-04,China - CSI 300,4070.699951171875,82.7753216397843
2025-08-05,China - CSI 300,4103.4501953125,83.44127885231264
2025-08-06,China - CSI 300,4113.47998046875,83.64522871406737
2025-08-07,China - CSI 300,4114.669921875,83.66942548214567
2025-08-08,China - CSI 300,4104.97021484375,83.47218756754765
2025-08-11,China - CSI 300,4122.509765625,83.82884415603371
2025-08-12,China - CSI 300,4143.830078125,84.26238034042876
2025-08-13,China - CSI 300,4176.580078125,84.92833258849916
2025-08-14,China - CSI 300,4173.31005859375,84.86183863863442
2025-08-15,China - CSI 300,4202.35009765625,85.45235098360308
2025-08-18,China - CSI 300,4239.41015625,86.20594577243143
2025-08-19,China - CSI 300,4223.3701171875,85.87978088471208
2025-08-20,China - CSI 300,4271.39990234375,86.85643869842636
2025-08-21,China - CSI 300,4288.06982421875,87.19541188767258
2025-08-22,China - CSI 300,4378.0,89.02408983365392
2025-08-25,China - CSI 300,4469.22021484375,90.87899997547558
2025-08-26,China - CSI 300,4452.58984375,90.54083102841824
2025-08-27,China - CSI 300,4386.1298828125,89.18940628359387
2025-08-28,China - CSI 300,4463.77978515625,90.76837199438063
2025-08-29,China - CSI 300,4496.759765625,91.43900076184572
2025-09-01,China - CSI 300,4523.7099609375,91.98701734670969
2025-09-02,China - CSI 300,4490.4501953125,91.31069931042686
2025-09-03,China - CSI 300,4459.830078125,90.68805699356597
2025-09-04,China - CSI 300,4365.2099609375,88.7640118102469
2025-09-05,China - CSI 300,4460.330078125,90.69822420346017
2025-09-08,China - CSI 300,4467.56982421875,90.84544023969198
2025-09-09,China - CSI 300,4436.259765625,90.20876836464699
2025-09-10,China - CSI 300,4445.3701171875,90.39402207773884
2025-09-11,China - CSI 300,4548.0400390625,92.48175536878823
2025-09-12,China - CSI 300,4522.0,91.95224628318479
2025-09-15,China - CSI 300,4533.06005859375,92.17714615751451
2025-09-16,China - CSI 300,4523.33984375,91.97949122844817
2025-09-17,China - CSI 300,4551.02001953125,92.54235154260105
2025-09-18,China - CSI 300,4498.10986328125,91.46645421434326
2025-09-19,China - CSI 300,4501.919921875,91.543929545207
2025-09-22,China - CSI 300,4522.60986328125,91.96464749915927
2025-09-23,China - CSI 300,4519.77978515625,91.90709950253154
2025-09-24,China - CSI 300,4566.06982421875,92.84838058885025
2025-09-25,China - CSI 300,4593.490234375,93.40595871973778
2025-09-26,China - CSI 300,4550.0498046875,92.5226227866833
2025-09-29,China - CSI 300,4620.0498046875,93.94603217187192
2025-09-30,China - CSI 300,4640.68994140625,94.36573737640113
2025-10-09,China - CSI 300,4709.47998046875,95.76454290795905
2025-10-10,China - CSI 300,4616.830078125,93.88056090034615
2025-10-13,China - CSI 300,4593.97998046875,93.41591742239783
2025-10-14,China - CSI 300,4539.06005859375,92.29915267624496
2025-10-15,China - CSI 300,4606.2900390625,93.66623532146305
2025-10-16,China - CSI 300,4618.419921875,93.91288945055662
2025-10-17,China - CSI 300,4514.22998046875,91.79424744427223
2025-10-20,China - CSI 300,4538.22021484375,92.28207494087579
2025-10-21,China - CSI 300,4607.8701171875,93.69836529335528
2025-10-22,China - CSI 300,4592.56982421875,93.38724271324308
2025-10-23,China - CSI 300,4606.35009765625,93.66745657812027
2025-10-24,China - CSI 300,4660.68017578125,94.77222719385107
2025-10-27,China - CSI 300,4716.02001953125,95.89753080768851
2025-10-28,China - CSI 300,4691.97021484375,95.40849198334365
2025-10-29,China - CSI 300,4747.83984375,96.54456847094596
2025-10-30,China - CSI 300,4709.91015625,95.77329028287778
2025-10-31,China - CSI 300,4640.669921875,94.36533029084873
2025-11-03,China - CSI 300,4653.39990234375,94.62418705759853
2025-11-04,China - CSI 300,4618.7001953125,93.9185886482903
2025-11-05,China - CSI 300,4627.259765625,94.09264254423307
2025-11-06,China - CSI 300,4693.39990234375,95.43756384913489
2025-11-07,China - CSI 300,4678.7900390625,95.14048075612268
2025-11-10,China - CSI 300,4695.0498046875,95.47111365600259
2025-11-11,China - CSI 300,4652.169921875,94.59917611841543
2025-11-12,China - CSI 300,4645.91015625,94.47188741641963
2025-11-13,China - CSI 300,4702.06982421875,95.61386168007385
2025-11-14,China - CSI 300,4628.14013671875,94.11054437962297
2025-11-17,China - CSI 300,4598.0498046875,93.49867493652692
2025-11-18,China - CSI 300,4568.18994140625,92.89149194174149
2025-11-19,China - CSI 300,4588.2900390625,93.30021576527169
2025-11-20,China - CSI 300,4564.9501953125,92.82561358466333
2025-11-21,China - CSI 300,4453.60986328125,90.56157253375906
2025-11-24,China - CSI 300,4448.0498046875,90.44851196826559
2025-11-25,China - CSI 300,4490.41015625,91.30988513932206
2025-11-26,China - CSI 300,4517.6298828125,91.86338248576963
2025-11-27,China - CSI 300,4515.39990234375,91.81803712679812
2025-11-28,China - CSI 300,4526.66015625,92.04700785665187
2025-12-01,China - CSI 300,4576.490234375,93.06027358333483
2025-12-02,China - CSI 300,4554.330078125,92.6096596635706
2025-12-03,China - CSI 300,4531.0498046875,92.13626881070353
2025-12-04,China - CSI 300,4546.56982421875,92.45185940297628
2025-12-05,China - CSI 300,4584.5400390625,93.22396169106516
2025-12-08,China - CSI 300,4621.75,93.98060465707859
2025-12-09,China - CSI 300,4598.22021484375,93.50214012818032
2025-12-10,China - CSI 300,4591.830078125,93.37220040563594
2025-12-11,China - CSI 300,4552.18994140625,92.56614122512696
2025-12-12,China - CSI 300,4580.9501953125,93.15096430127787
2025-12-15,China - CSI 300,4552.06005859375,92.56350013349427
2025-12-16,China - CSI 300,4497.56005859375,91.455274255026
2025-12-17,China - CSI 300,4579.8798828125,93.12920011759807
2025-12-18,China - CSI 300,4552.7900390625,92.57834386278317
2025-12-19,China - CSI 300,4568.18017578125,92.89129336342324
2025-12-22,China - CSI 300,4611.6201171875,93.77461936756181
2025-12-23,China - CSI 300,4620.72998046875,93.95986315173776
2025-12-24,China - CSI 300,4634.06005859375,94.23092255614381
2025-12-25,China - CSI 300,4642.5400390625,94.40335803879287
2025-12-26,China - CSI 300,4657.240234375,94.70227798124886
2025-12-29,China - CSI 300,4639.3701171875,94.33889951669016
2025-12-30,China - CSI 300,4651.27978515625,94.58107570470729
2025-12-31,China - CSI 300,4629.93994140625,94.14714236367574
2026-01-05,China - CSI 300,4717.75,95.93270895676582
2026-01-06,China - CSI 300,4790.68994140625,97.41590034466245
2026-01-07,China - CSI 300,4776.669921875,97.13081138207234
2026-01-08,China - CSI 300,4737.64990234375,96.33736192477198
2026-01-09,China - CSI 300,4758.919921875,96.76987543082807
2026-01-12,China - CSI 300,4789.919921875,97.40024244426874
2026-01-13,China - CSI 300,4761.02978515625,96.81277827648516
2026-01-14,China - CSI 300,4741.93017578125,96.42439880165928
2026-01-15,China - CSI 300,4751.43017578125,96.61757578964917
2026-01-16,China - CSI 300,4731.8701171875,96.21983334711798
2026-01-19,China - CSI 300,4734.4599609375,96.27249631711686
2026-01-20,China - CSI 300,4718.8798828125,95.9556844681869
2026-01-21,China - CSI 300,4723.06982421875,96.04088449563044
2026-01-22,China - CSI 300,4723.7099609375,96.05390130439146
2026-01-23,China - CSI 300,4702.5,95.6226090549926
2026-01-26,China - CSI 300,4706.9599609375,95.71329977293563
2026-01-27,China - CSI 300,4705.68994140625,95.6874746626477
2026-01-28,China - CSI 300,4717.990234375,95.93759398339469
2026-01-29,China - CSI 300,4753.8701171875,96.66719058246296
2026-01-30,China - CSI 300,4706.33984375,95.70069004972699
2026-02-02,China - CSI 300,4605.97998046875,93.65993045985873
2026-02-03,China - CSI 300,4660.10986328125,94.7606302200655
2026-02-04,China - CSI 300,4698.68017578125,95.5449351458106
2026-02-05,China - CSI 300,4670.419921875,94.97027927955389
2026-02-06,China - CSI 300,4643.60009765625,94.42491371523849
2026-02-09,China - CSI 300,4719.06005859375,95.95934823815855
2026-02-10,China - CSI 300,4724.2998046875,96.06589543481354
2026-02-11,China - CSI 300,4713.81982421875,95.85279111258765
2026-02-12,China - CSI 300,4719.580078125,95.96992253360516
2026-02-13,China - CSI 300,4660.41015625,94.76673650335155
2026-02-24,China - CSI 300,4707.5400390625,95.72509532503945
2026-02-25,China - CSI 300,4735.89013671875,96.30157811182401
2026-02-26,China - CSI 300,4726.8701171875,96.11816124817594
2026-02-27,China - CSI 300,4710.64990234375,95.78833259048494
2026-03-02,China - CSI 300,4728.669921875,96.1547592322287
2026-03-03,China - CSI 300,4655.89990234375,94.67502310706955
2026-03-04,China - CSI 300,4602.6298828125,93.59180816778438
2026-03-05,China - CSI 300,4647.68994140625,94.50807831492
2026-03-06,China - CSI 300,4660.43994140625,94.7673421672222
2026-03-09,China - CSI 300,4615.4599609375,93.85270036229622
2026-03-10,China - CSI 300,4674.759765625,95.05852748418249
2026-03-11,China - CSI 300,4704.5,95.6632778945694
2026-03-12,China - CSI 300,4687.56005859375,95.31881401482367
2026-03-13,China - CSI 300,4669.14013671875,94.94425559094772
2026-03-16,China - CSI 300,4671.56005859375,94.99346329820914
2026-03-17,China - CSI 300,4637.43994140625,94.2996505120888
2026-03-18,China - CSI 300,4658.330078125,94.72443932156513
2026-03-19,China - CSI 300,4583.25,93.19772949522483
2026-03-20,China - CSI 300,4567.02001953125,92.8677022592156
2026-03-23,China - CSI 300,4418.0,89.83746662519027
2026-03-24,China - CSI 300,4474.72021484375,90.99083928431183
2026-03-25,China - CSI 300,4537.47021484375,92.26682412603449
2026-03-26,China - CSI 300,4477.52978515625,91.04797026647125
2026-03-27,China - CSI 300,4502.56982421875,91.55714493228628
2026-03-30,China - CSI 300,4491.9501953125,91.34120094010947
2026-03-31,China - CSI 300,4450.0498046875,90.48918080784242
2026-04-01,China - CSI 300,4526.06982421875,92.03500379731389
2026-04-02,China - CSI 300,4478.91015625,91.07603931175535
2026-04-03,China - CSI 300,4440.7900390625,90.30088884648139
2026-04-07,China - CSI 300,4440.6201171875,90.2974335837439
2026-04-08,China - CSI 300,4595.56005859375,93.44804739429006
2026-04-09,China - CSI 300,4566.22021484375,92.85143869495124
2026-04-10,China - CSI 300,4636.56982421875,94.28195718393306
2026-04-13,China - CSI 300,4646.16015625,94.47697102136672
2026-04-14,China - CSI 300,4701.27978515625,95.59779669412774
2026-04-15,China - CSI 300,4685.25,95.27184031364254
2026-04-16,China - CSI 300,4736.60986328125,96.31621333387876
2026-04-17,China - CSI 300,4728.669921875,96.1547592322287
2026-04-20,China - CSI 300,4757.43994140625,96.73978088669787
2026-04-21,China - CSI 300,4768.0,96.95451355113337
2026-04-22,China - CSI 300,4799.6298828125,97.59768886610092
2026-04-23,China - CSI 300,4786.330078125,97.32724505448145
2026-04-24,China - CSI 300,4769.3701171875,96.98237408918331
2026-04-27,China - CSI 300,4770.9501953125,97.01450406107554
2026-04-28,China - CSI 300,4758.2099609375,96.75543878709158
2026-04-29,China - CSI 300,4810.35009765625,97.81567821495567
2026-04-30,China - CSI 300,4807.31005859375,97.75386078448564
2026-05-06,China - CSI 300,4877.08984375,99.1727922285978
2026-05-07,China - CSI 300,4900.509765625,99.6490227514158
2026-05-08,China - CSI 300,4871.91015625,99.06746628860003
2026-05-11,China - CSI 300,4951.83984375,100.69279010778136
2026-05-12,China - CSI 300,4948.0498046875,100.61572186247001
2026-05-13,China - CSI 300,4998.33984375,101.63834062794237
2026-05-14,China - CSI 300,4914.60009765625,99.93554147789729
2026-05-15,China - CSI 300,4859.58984375,98.81693988230064
2026-05-18,China - CSI 300,4833.52001953125,98.28682513282655
2026-05-19,China - CSI 300,4852.8798828125,98.6804967198337
2026-05-20,China - CSI 300,4850.7001953125,98.63617403920115
2026-05-21,China - CSI 300,4783.10009765625,97.26156527572152
2026-05-22,China - CSI 300,4845.10009765625,98.52229930260287
2026-05-25,China - CSI 300,4921.60009765625,100.07788241641616
2026-05-26,China - CSI 300,4947.85009765625,100.61166093586189
2026-05-27,China - CSI 300,4908.169921875,99.80478758424809
2026-05-28,China - CSI 300,4914.2099609375,99.92760827408335
2026-05-29,China - CSI 300,4892.1201171875,99.4784241182105
2026-06-01,China - CSI 300,4844.259765625,98.50521163831779
2026-06-02,China - CSI 300,4914.56005859375,99.93472730679248
2026-06-03,China - CSI 300,4938.81005859375,100.4278369866614
2026-06-04,China - CSI 300,4904.75,99.73524545719829
2026-06-05,China - CSI 300,4816.919921875,97.9492717785558
2026-06-08,China - CSI 300,4713.64013671875,95.84913727153193
2026-06-09,China - CSI 300,4801.81005859375,97.64202147564939
2026-06-10,China - CSI 300,4748.58984375,96.55981928578726
2026-06-11,China - CSI 300,4722.41015625,96.0274705302329
2026-06-12,China - CSI 300,4777.31982421875,97.14402676915161
2026-06-15,China - CSI 300,4891.7099609375,99.47008382884415
2026-06-16,China - CSI 300,4884.22998046875,99.31798276598349
2026-06-17,China - CSI 300,4931.39013671875,100.27695718045794
2026-06-18,China - CSI 300,4941.60009765625,100.48457081218433
2026-06-22,China - CSI 300,5059.66015625,102.88525360387379
2026-06-23,China - CSI 300,4919.39013671875,100.03294414299704
2026-06-24,China - CSI 300,4943.02001953125,100.51344409965732
2026-06-25,China - CSI 300,5020.10009765625,102.08082276557442
2026-06-26,China - CSI 300,4868.22021484375,98.99243347105072
2026-06-29,China - CSI 300,4926.919921875,100.18605795528075
2026-06-30,China - CSI 300,4979.43017578125,101.25382350140637
2026-07-01,China - CSI 300,4958.97998046875,100.83798064516705
2026-07-02,China - CSI 300,4812.2998046875,97.85532437619352
2026-07-03,China - CSI 300,4842.169921875,98.46271587821312
2026-07-06,China - CSI 300,4842.0,98.45926061547563
2026-07-07,China - CSI 300,4792.259765625,97.44782180932053
2026-07-08,China - CSI 300,4755.52978515625,96.70093896764891
2026-07-09,China - CSI 300,4876.31005859375,99.15693574988585
2026-07-10,China - CSI 300,4780.7900390625,97.21459157454039
2026-07-13,China - CSI 300,4695.3798828125,95.4778256031593
2026-07-14,China - CSI 300,4796.5,97.53404451510302
2026-07-15,China - CSI 300,4786.77978515625,97.33638958603669
2026-07-16,China - CSI 300,4698.43994140625,95.54005011918174
2026-07-17,China - CSI 300,4529.10009765625,92.09662264946567
2022-01-03,Brent Oil,78.9800033569336,100.0
2022-01-04,Brent Oil,80.0,101.29146188872231
2022-01-05,Brent Oil,80.80000305175781,102.30438037157217
2022-01-06,Brent Oil,81.98999786376953,103.81108429843044
2022-01-07,Brent Oil,81.75,103.50721261753813
2022-01-10,Brent Oil,80.87000274658203,102.39301001432854
2022-01-11,Brent Oil,83.72000122070312,106.00151641213296
2022-01-12,Brent Oil,84.66999816894531,107.20434865809891
2022-01-13,Brent Oil,84.47000122070312,106.95112386733973
2022-01-14,Brent Oil,86.05999755859375,108.96428703562293
2022-01-18,Brent Oil,87.51000213623047,110.80020057829995
2022-01-19,Brent Oil,88.44000244140625,111.97771420915264
2022-01-20,Brent Oil,88.37999725341797,111.90173904399963
2022-01-21,Brent Oil,87.88999938964844,111.28133154470503
2022-01-24,Brent Oil,86.2699966430664,109.23017596389204
2022-01-25,Brent Oil,88.19999694824219,111.67383286835373
2022-01-26,Brent Oil,89.95999908447266,113.90224773467945
2022-01-27,Brent Oil,89.33999633789062,113.11723542747549
2022-01-28,Brent Oil,90.02999877929688,113.99087737743582
2022-01-31,Brent Oil,91.20999908447266,115.48492682669074
2022-02-01,Brent Oil,89.16000366210938,112.88933891173617
2022-02-02,Brent Oil,89.47000122070312,113.28184023538488
2022-02-03,Brent Oil,91.11000061035156,115.35831443131114
2022-02-04,Brent Oil,93.2699966430664,118.09317887915525
2022-02-07,Brent Oil,92.69000244140625,117.358823121991
2022-02-08,Brent Oil,90.77999877929688,114.94048483264261
2022-02-09,Brent Oil,91.55000305175781,115.91542056286923
2022-02-10,Brent Oil,91.41000366210938,115.7381612773565
2022-02-11,Brent Oil,94.44000244140625,119.57457385080681
2022-02-14,Brent Oil,96.4800033569336,122.15750728815802
2022-02-15,Brent Oil,93.27999877929688,118.10584301666518
2022-02-16,Brent Oil,94.80999755859375,120.04304067970193
2022-02-17,Brent Oil,92.97000122070312,117.71334169301649
2022-02-18,Brent Oil,93.54000091552734,118.43504297257736
2022-02-22,Brent Oil,96.83999633789062,122.6133099795432
2022-02-23,Brent Oil,96.83999633789062,122.6133099795432
2022-02-24,Brent Oil,99.08000183105469,125.44947786756018
2022-02-25,Brent Oil,97.93000030517578,123.99341117092848
2022-02-28,Brent Oil,100.98999786376953,127.86780649700201
2022-03-01,Brent Oil,104.97000122070312,132.90706097632483
2022-03-02,Brent Oil,112.93000030517578,142.9855602750639
2022-03-03,Brent Oil,110.45999908447266,139.85818484366456
2022-03-04,Brent Oil,118.11000061035156,149.54418281875493
2022-03-07,Brent Oil,123.20999908447266,156.0015115821797
2022-03-08,Brent Oil,127.9800033569336,162.04102040684242
2022-03-09,Brent Oil,111.13999938964844,140.71916265611495
2022-03-10,Brent Oil,109.33000183105469,138.42744642205272
2022-03-11,Brent Oil,112.66999816894531,142.65636031915173
2022-03-14,Brent Oil,106.9000015258789,135.35071788078653
2022-03-15,Brent Oil,99.91000366210938,126.50037910303324
2022-03-16,Brent Oil,98.0199966430664,124.10735942879813
2022-03-17,Brent Oil,106.63999938964844,135.02151792487433
2022-03-18,Brent Oil,107.93000030517578,136.65484390701877
2022-03-21,Brent Oil,115.62000274658203,146.3914887722423
2022-03-22,Brent Oil,115.4800033569336,146.21422948672955
2022-03-23,Brent Oil,121.5999984741211,153.96302013887663
2022-03-24,Brent Oil,119.02999877929688,150.70903231209766
2022-03-25,Brent Oil,120.6500015258789,152.76018789291066
2022-03-28,Brent Oil,112.4800033569336,142.41579966590248
2022-03-29,Brent Oil,110.2300033569336,139.56697730028216
2022-03-30,Brent Oil,113.44999694824219,143.6439505269817
2022-03-31,Brent Oil,107.91000366210938,136.62952529190545
2022-04-01,Brent Oil,104.38999938964844,132.172695559254
2022-04-04,Brent Oil,107.52999877929688,136.14838466559385
2022-04-05,Brent Oil,106.63999938964844,135.02151792487433
2022-04-06,Brent Oil,101.06999969482422,127.96910027726828
2022-04-07,Brent Oil,100.58000183105469,127.34869277797371
2022-04-08,Brent Oil,102.77999877929688,130.13420411595095
2022-04-11,Brent Oil,98.4800033569336,124.68979383537607
2022-04-12,Brent Oil,104.63999938964844,132.48923137765627
2022-04-13,Brent Oil,108.77999877929688,137.73106375760514
2022-04-14,Brent Oil,111.69999694824219,141.42819979816593
2022-04-18,Brent Oil,113.16000366210938,143.27677747835287
2022-04-19,Brent Oil,107.25,135.79386609456836
2022-04-20,Brent Oil,106.80000305175781,135.22410548540694
2022-04-21,Brent Oil,108.33000183105469,137.1613031484437
2022-04-22,Brent Oil,106.6500015258789,135.03418206238428
2022-04-25,Brent Oil,102.31999969482422,129.5517793692796
2022-04-26,Brent Oil,104.98999786376953,132.93237959143812
2022-04-27,Brent Oil,105.31999969482422,133.35020919010668
2022-04-28,Brent Oil,107.58999633789062,136.22435017084027
2022-04-29,Brent Oil,109.33999633789062,138.44010089965607
2022-05-02,Brent Oil,107.58000183105469,136.21169569323692
2022-05-03,Brent Oil,104.97000122070312,132.90706097632483
2022-05-04,Brent Oil,110.13999938964844,139.45301938250594
2022-05-05,Brent Oil,110.9000015258789,140.41529097522263
2022-05-06,Brent Oil,112.38999938964844,142.30184174812624
2022-05-09,Brent Oil,105.94000244140625,134.13522149731062
2022-05-10,Brent Oil,102.45999908447266,129.72903865479233
2022-05-11,Brent Oil,107.51000213623047,136.12306605048053
2022-05-12,Brent Oil,107.44999694824219,136.04709088532755
2022-05-13,Brent Oil,111.55000305175781,141.2382860350498
2022-05-16,Brent Oil,114.23999786376953,144.64420487232164
2022-05-17,Brent Oil,111.93000030517578,141.71941700145487
2022-05-18,Brent Oil,109.11000061035156,138.14889335627367
2022-05-19,Brent Oil,112.04000091552734,141.85869353434438
2022-05-20,Brent Oil,112.55000305175781,142.50442930865884
2022-05-23,Brent Oil,113.41999816894531,143.6059677743585
2022-05-24,Brent Oil,113.55999755859375,143.78322705987122
2022-05-25,Brent Oil,114.02999877929688,144.37831594405253
2022-05-26,Brent Oil,117.4000015258789,148.6452222536813
2022-05-27,Brent Oil,119.43000030517578,151.21549155352258
2022-05-31,Brent Oil,122.83999633789062,155.53303509337798
2022-06-01,Brent Oil,116.29000091552734,147.23980244718277
2022-06-02,Brent Oil,117.61000061035156,148.91111118195042
2022-06-03,Brent Oil,119.72000122070312,151.582674262058
2022-06-06,Brent Oil,119.51000213623047,151.31678533378889
2022-06-07,Brent Oil,120.56999969482422,152.65889411264436
2022-06-08,Brent Oil,123.58000183105469,156.46998807098137
2022-06-09,Brent Oil,123.06999969482422,155.82425229666694
2022-06-10,Brent Oil,122.01000213623047,154.48214351781147
2022-06-13,Brent Oil,122.2699966430664,154.8113338138171
2022-06-14,Brent Oil,121.16999816894531,153.41857814482847
2022-06-15,Brent Oil,118.51000213623047,150.05064206017985
2022-06-16,Brent Oil,119.80999755859375,151.69662251992767
2022-06-17,Brent Oil,113.12000274658203,143.22613058821975
2022-06-21,Brent Oil,114.6500015258789,145.16332825125647
2022-06-22,Brent Oil,111.73999786376953,141.47884668829906
2022-06-23,Brent Oil,110.05000305175781,139.33907112463626
2022-06-24,Brent Oil,113.12000274658203,143.22613058821975
2022-06-27,Brent Oil,115.08999633789062,145.720424722908
2022-06-28,Brent Oil,117.9800033569336,149.37958767075213
2022-06-29,Brent Oil,116.26000213623047,147.20181969455953
2022-06-30,Brent Oil,114.80999755859375,145.3659061518825
2022-07-01,Brent Oil,111.62999725341797,141.33957015540955
2022-07-05,Brent Oil,102.7699966430664,130.12153997844104
2022-07-06,Brent Oil,100.69000244140625,127.48796931086324
2022-07-07,Brent Oil,104.6500015258789,132.5018955151662
2022-07-08,Brent Oil,107.0199966430664,135.5026488912794
2022-07-11,Brent Oil,107.0999984741211,135.6039426715457
2022-07-12,Brent Oil,99.48999786376953,125.96859158658846
2022-07-13,Brent Oil,99.56999969482422,126.06988536685475
2022-07-14,Brent Oil,99.0999984741211,125.47479648267345
2022-07-15,Brent Oil,101.16000366210938,128.08305819504454
2022-07-18,Brent Oil,106.2699966430664,134.55304143607262
2022-07-19,Brent Oil,107.3499984741211,135.92047848994795
2022-07-20,Brent Oil,106.91999816894531,135.3760364958998
2022-07-21,Brent Oil,103.86000061035156,131.50164116982629
2022-07-22,Brent Oil,103.19999694824219,130.66598197248916
2022-07-25,Brent Oil,105.1500015258789,133.1349671519707
2022-07-26,Brent Oil,104.4000015258789,132.18535969676395
2022-07-27,Brent Oil,106.62000274658203,134.99619930976104
2022-07-28,Brent Oil,107.13999938964844,135.65458956167885
2022-07-29,Brent Oil,110.01000213623047,139.2884242345031
2022-08-01,Brent Oil,100.02999877929688,126.65231011352611
2022-08-02,Brent Oil,100.54000091552734,127.29804588784057
2022-08-03,Brent Oil,96.77999877929688,122.53734447429679
2022-08-04,Brent Oil,94.12000274658203,119.16940838964818
2022-08-05,Brent Oil,94.91999816894531,120.18231721259144
2022-08-08,Brent Oil,96.6500015258789,122.37274932629396
2022-08-09,Brent Oil,96.30999755859375,121.9422555901155
2022-08-10,Brent Oil,97.4000015258789,123.32235678150074
2022-08-11,Brent Oil,99.5999984741211,126.10786811947798
2022-08-12,Brent Oil,98.1500015258789,124.2719642367075
2022-08-15,Brent Oil,95.0999984741211,120.41022338823734
2022-08-16,Brent Oil,92.33999633789062,116.91566524830259
2022-08-17,Brent Oil,93.6500015258789,118.57431950546689
2022-08-18,Brent Oil,96.58999633789062,122.29677416114096
2022-08-19,Brent Oil,96.72000122070312,122.46137896905034
2022-08-22,Brent Oil,96.4800033569336,122.15750728815802
2022-08-23,Brent Oil,100.22000122070312,126.89288042668194
2022-08-24,Brent Oil,101.22000122070312,128.159023700291
2022-08-25,Brent Oil,99.33999633789062,125.7786681635658
2022-08-26,Brent Oil,100.98999786376953,127.86780649700201
2022-08-29,Brent Oil,105.08999633789062,133.0589919868177
2022-08-30,Brent Oil,99.30999755859375,125.74068541094256
2022-08-31,Brent Oil,96.48999786376953,122.17016176576136
2022-09-01,Brent Oil,92.36000061035156,116.94099352332243
2022-09-02,Brent Oil,93.0199966430664,117.77664306075299
2022-09-06,Brent Oil,92.83000183105469,117.53608240750373
2022-09-07,Brent Oil,88.0,111.42060807759455
2022-09-08,Brent Oil,89.1500015258789,112.87667477422625
2022-09-09,Brent Oil,92.83999633789062,117.5487368851071
2022-09-12,Brent Oil,94.0,119.01746771924873
2022-09-13,Brent Oil,93.16999816894531,117.96656648377567
2022-09-14,Brent Oil,94.0999984741211,119.14408011462831
2022-09-15,Brent Oil,90.83999633789062,115.01645033788903
2022-09-16,Brent Oil,91.3499984741211,115.66218611220349
2022-09-19,Brent Oil,92.0,116.48518117203066
2022-09-20,Brent Oil,90.62000274658203,114.73790693201657
2022-09-21,Brent Oil,89.83000183105469,113.73765258667665
2022-09-22,Brent Oil,90.45999908447266,114.53531937148398
2022-09-23,Brent Oil,86.1500015258789,109.07824495339918
2022-09-26,Brent Oil,84.05999755859375,106.43200048840487
2022-09-27,Brent Oil,86.2699966430664,109.23017596389204
2022-09-28,Brent Oil,89.31999969482422,113.09191681236221
2022-09-29,Brent Oil,88.48999786376953,112.04101557688915
2022-09-30,Brent Oil,87.95999908447266,111.36996118746141
2022-10-03,Brent Oil,88.86000061035156,112.50949206569085
2022-10-04,Brent Oil,91.80000305175781,116.23195638127149
2022-10-05,Brent Oil,93.37000274658203,118.2198009344414
2022-10-06,Brent Oil,94.41999816894531,119.54924557578694
2022-10-07,Brent Oil,97.91999816894531,123.98074703341855
2022-10-10,Brent Oil,96.19000244140625,121.7903245796226
2022-10-11,Brent Oil,94.29000091552734,119.38465042778412
2022-10-12,Brent Oil,92.44999694824219,117.05494178119211
2022-10-13,Brent Oil,94.56999969482422,119.7391689988096
2022-10-14,Brent Oil,91.62999725341797,116.01670468322895
2022-10-17,Brent Oil,91.62000274658203,116.0040502056256
2022-10-18,Brent Oil,90.02999877929688,113.99087737743582
2022-10-19,Brent Oil,92.41000366210938,117.00430455096553
2022-10-20,Brent Oil,92.37999725341797,116.96631213843574
2022-10-21,Brent Oil,93.5,118.38439608244423
2022-10-24,Brent Oil,93.26000213623047,118.08052440155188
2022-10-25,Brent Oil,93.5199966430664,118.4097146975575
2022-10-26,Brent Oil,95.69000244140625,121.15725294281809
2022-10-27,Brent Oil,96.95999908447266,122.76525064994266
2022-10-28,Brent Oil,95.7699966430664,121.25853706317781
2022-10-31,Brent Oil,94.83000183105469,120.06836895472179
2022-11-01,Brent Oil,94.6500015258789,119.84046277907592
2022-11-02,Brent Oil,96.16000366210938,121.75234182699938
2022-11-03,Brent Oil,94.66999816894531,119.8657813941892
2022-11-04,Brent Oil,98.56999969482422,124.80374209324572
2022-11-07,Brent Oil,97.91999816894531,123.98074703341855
2022-11-08,Brent Oil,95.36000061035156,120.73942334414953
2022-11-09,Brent Oil,92.6500015258789,117.30817623185786
2022-11-10,Brent Oil,93.66999816894531,118.59963812058017
2022-11-11,Brent Oil,95.98999786376953,121.53709012895686
2022-11-14,Brent Oil,93.13999938964844,117.92858373115243
2022-11-15,Brent Oil,93.86000061035156,118.840208433736
2022-11-16,Brent Oil,92.86000061035156,117.57406516012696
2022-11-17,Brent Oil,89.77999877929688,113.67434155903358
2022-11-18,Brent Oil,87.62000274658203,110.93947711118948
2022-11-21,Brent Oil,87.44999694824219,110.72422541314695
2022-11-22,Brent Oil,88.36000061035156,111.87642042888632
2022-11-23,Brent Oil,85.41000366210938,108.14130163570232
2022-11-25,Brent Oil,83.62999725341797,105.88755849435674
2022-11-28,Brent Oil,83.19000244140625,105.33046202270522
2022-11-29,Brent Oil,83.02999877929688,105.12787446217263
2022-11-30,Brent Oil,85.43000030517578,108.1666202508156
2022-12-01,Brent Oil,86.87999725341797,110.00252413358606
2022-12-02,Brent Oil,85.56999969482422,108.34387953632836
2022-12-05,Brent Oil,82.68000030517578,104.68472624839077
2022-12-06,Brent Oil,79.3499984741211,100.46846682889515
2022-12-07,Brent Oil,77.16999816894531,97.70827410603118
2022-12-08,Brent Oil,76.1500015258789,96.41681221730887
2022-12-09,Brent Oil,76.0999984741211,96.35350118966579
2022-12-12,Brent Oil,77.98999786376953,98.74651120399433
2022-12-13,Brent Oil,80.68000030517578,102.15243970117271
2022-12-14,Brent Oil,82.69999694824219,104.71004486350408
2022-12-15,Brent Oil,81.20999908447266,102.82349409060045
2022-12-16,Brent Oil,79.04000091552734,100.07596550524644
2022-12-19,Brent Oil,79.80000305175781,101.03823709796313
2022-12-20,Brent Oil,79.98999786376953,101.27879775121241
2022-12-21,Brent Oil,82.19999694824219,104.07697322669955
2022-12-22,Brent Oil,80.9800033569336,102.53228654721806
2022-12-23,Brent Oil,83.91999816894531,106.25474120289213
2022-12-27,Brent Oil,84.33000183105469,106.77386458182698
2022-12-28,Brent Oil,83.26000213623047,105.4190916654616
2022-12-29,Brent Oil,82.26000213623047,104.15294839185256
2022-12-30,Brent Oil,85.91000366210938,108.77437327250684
2023-01-03,Brent Oil,82.0999984741211,103.95036083131997
2023-01-04,Brent Oil,77.83999633789062,98.55658778097165
2023-01-05,Brent Oil,78.69000244140625,99.63281729146459
2023-01-06,Brent Oil,78.56999969482422,99.48087662106515
2023-01-09,Brent Oil,79.6500015258789,100.84831367494047
2023-01-10,Brent Oil,80.0999984741211,101.4180742841019
2023-01-11,Brent Oil,82.66999816894531,104.67206211088084
2023-01-12,Brent Oil,84.02999877929688,106.39401773578166
2023-01-13,Brent Oil,85.27999877929688,107.97669682779294
2023-01-17,Brent Oil,85.91999816894531,108.7870277501102
2023-01-18,Brent Oil,84.9800033569336,107.59685964165418
2023-01-19,Brent Oil,86.16000366210938,109.09090909090908
2023-01-20,Brent Oil,87.62999725341797,110.95213158879285
2023-01-23,Brent Oil,88.19000244140625,111.66117839075036
2023-01-24,Brent Oil,86.12999725341797,109.0529166783793
2023-01-25,Brent Oil,86.12000274658203,109.04026220077594
2023-01-26,Brent Oil,87.47000122070312,110.74955368816681
2023-01-27,Brent Oil,86.66000366210938,109.72398072771361
2023-01-30,Brent Oil,84.9000015258789,107.49556586138786
2023-01-31,Brent Oil,84.48999786376953,106.97644248245301
2023-02-01,Brent Oil,82.83999633789062,104.88730414901681
2023-02-02,Brent Oil,82.16999816894531,104.03899047407634
2023-02-03,Brent Oil,79.94000244140625,101.2154963834759
2023-02-06,Brent Oil,80.98999786376953,102.54494102482141
2023-02-07,Brent Oil,83.69000244140625,105.96353365950975
2023-02-08,Brent Oil,85.08999633789062,107.73612651463714
2023-02-09,Brent Oil,84.5,106.98910661996295
2023-02-10,Brent Oil,86.38999938964844,109.38211663429149
2023-02-13,Brent Oil,86.61000061035156,109.66066970007053
2023-02-14,Brent Oil,85.58000183105469,108.35654367383827
2023-02-15,Brent Oil,85.37999725341797,108.10330922317253
2023-02-16,Brent Oil,85.13999938964844,107.7994375422802
2023-02-17,Brent Oil,83.0,105.0898917095494
2023-02-21,Brent Oil,83.05000305175781,105.15320273719249
2023-02-22,Brent Oil,80.5999984741211,102.05114592090642
2023-02-23,Brent Oil,82.20999908447266,104.08963736420948
2023-02-24,Brent Oil,83.16000366210938,105.29247927008201
2023-02-27,Brent Oil,82.44999694824219,104.39350904510181
2023-02-28,Brent Oil,83.88999938964844,106.21675845026893
2023-03-01,Brent Oil,84.30999755859375,106.74853630680714
2023-03-02,Brent Oil,84.75,107.3056424383652
2023-03-03,Brent Oil,85.83000183105469,108.67307949224055
2023-03-06,Brent Oil,86.18000030517578,109.11622770602239
2023-03-07,Brent Oil,83.29000091552734,105.4570744180848
2023-03-08,Brent Oil,82.66000366210938,104.65940763327748
2023-03-09,Brent Oil,81.58999633789062,103.30462505700552
2023-03-10,Brent Oil,82.77999877929688,104.81133864377037
2023-03-13,Brent Oil,80.7699966430664,102.26638795904239
2023-03-14,Brent Oil,77.44999694824219,98.06279267705666
2023-03-15,Brent Oil,73.69000244140625,93.30210092341945
2023-03-16,Brent Oil,74.69999694824219,94.58089867463184
2023-03-17,Brent Oil,72.97000122070312,92.3904762208359
2023-03-20,Brent Oil,73.79000091552734,93.42871331879904
2023-03-21,Brent Oil,75.31999969482422,95.3659109818358
2023-03-22,Brent Oil,76.69000244140625,97.10053074424654
2023-03-23,Brent Oil,75.91000366210938,96.11294053641655
2023-03-24,Brent Oil,74.98999786376953,94.94808138316725
2023-03-27,Brent Oil,78.12000274658203,98.91111601190372
2023-03-28,Brent Oil,78.6500015258789,99.58217040133145
2023-03-29,Brent Oil,78.27999877929688,99.11369391252974
2023-03-30,Brent Oil,79.2699966430664,100.36717304862883
2023-03-31,Brent Oil,79.7699966430664,101.00024468543336
2023-04-03,Brent Oil,84.93000030517578,107.5335486140111
2023-04-04,Brent Oil,84.94000244140625,107.54621275152103
2023-04-05,Brent Oil,84.98999786376953,107.60951411925754
2023-04-06,Brent Oil,85.12000274658203,107.77411892716691
2023-04-10,Brent Oil,84.18000030517578,106.58394115880432
2023-04-11,Brent Oil,85.61000061035156,108.3945264264615
2023-04-12,Brent Oil,87.33000183105469,110.57229440265408
2023-04-13,Brent Oil,86.08999633789062,109.00226978824617
2023-04-14,Brent Oil,86.30999755859375,109.28082285402519
2023-04-17,Brent Oil,84.76000213623047,107.31830657587513
2023-04-18,Brent Oil,84.7699966430664,107.3309610534785
2023-04-19,Brent Oil,83.12000274658203,105.24183237994886
2023-04-20,Brent Oil,81.0999984741211,102.68421755771094
2023-04-21,Brent Oil,81.66000366210938,103.39326435966846
2023-04-24,Brent Oil,82.7300033569336,104.74803727603386
2023-04-25,Brent Oil,80.7699966430664,102.26638795904239
2023-04-26,Brent Oil,77.69000244140625,98.36667401785556
2023-04-27,Brent Oil,78.37000274658203,99.22765183030596
2023-04-28,Brent Oil,79.54000091552734,100.70903714205095
2023-05-01,Brent Oil,79.30999755859375,100.417819938762
2023-05-02,Brent Oil,75.31999969482422,95.3659109818358
2023-05-03,Brent Oil,72.33000183105469,91.58014529851864
2023-05-04,Brent Oil,72.5,91.7953873366546
2023-05-05,Brent Oil,75.30000305175781,95.3405923667225
2023-05-08,Brent Oil,77.01000213623047,97.50569620540516
2023-05-09,Brent Oil,77.44000244140625,98.0501381994533
2023-05-10,Brent Oil,76.41000366210938,96.74601217322106
2023-05-11,Brent Oil,74.9800033569336,94.93542690556389
2023-05-12,Brent Oil,74.16999816894531,93.9098442852041
2023-05-15,Brent Oil,75.2300033569336,95.25196272396614
2023-05-16,Brent Oil,74.91000366210938,94.84679726280751
2023-05-17,Brent Oil,76.95999908447266,97.44238517776208
2023-05-18,Brent Oil,75.86000061035156,96.04962950877346
2023-05-19,Brent Oil,75.58000183105469,95.69511093774798
2023-05-22,Brent Oil,75.98999786376953,96.21422465677627
2023-05-23,Brent Oil,76.83999633789062,97.29044450736264
2023-05-24,Brent Oil,78.36000061035156,99.21498769279604
2023-05-25,Brent Oil,76.26000213623047,96.55608875019838
2023-05-26,Brent Oil,76.94999694824219,97.42972104025216
2023-05-30,Brent Oil,73.54000091552734,93.11217750039677
2023-05-31,Brent Oil,72.66000366210938,91.99797489718719
2023-06-01,Brent Oil,74.27999877929688,94.04912081809363
2023-06-02,Brent Oil,76.12999725341797,96.39148394228901
2023-06-05,Brent Oil,76.70999908447266,97.12584935935983
2023-06-06,Brent Oil,76.29000091552734,96.5940715028216
2023-06-07,Brent Oil,76.94999694824219,97.42972104025216
2023-06-08,Brent Oil,75.95999908447266,96.17624190415306
2023-06-09,Brent Oil,74.79000091552734,94.69485659240807
2023-06-12,Brent Oil,71.83999633789062,90.95972813931749
2023-06-13,Brent Oil,74.29000091552734,94.06178495560356
2023-06-14,Brent Oil,73.19999694824219,92.68168376421829
2023-06-15,Brent Oil,75.66999816894531,95.80905919561765
2023-06-16,Brent Oil,76.61000061035156,96.99923696398024
2023-06-20,Brent Oil,75.9000015258789,96.10027639890662
2023-06-21,Brent Oil,77.12000274658203,97.64497273829468
2023-06-22,Brent Oil,74.13999938964844,93.87186153258088
2023-06-23,Brent Oil,73.8499984741211,93.50467882404547
2023-06-26,Brent Oil,74.18000030517578,93.92250842271403
2023-06-27,Brent Oil,72.26000213623047,91.49151565576229
2023-06-28,Brent Oil,74.02999877929688,93.73258499969137
2023-06-29,Brent Oil,74.33999633789062,94.12508632334007
2023-06-30,Brent Oil,74.9000015258789,94.83413312529758
2023-07-03,Brent Oil,74.6500015258789,94.51759730689533
2023-07-05,Brent Oil,76.6500015258789,97.04988385411339
2023-07-06,Brent Oil,76.5199966430664,96.885279046204
2023-07-07,Brent Oil,78.47000122070312,99.35426422568555
2023-07-10,Brent Oil,77.69000244140625,98.36667401785556
2023-07-11,Brent Oil,79.4000015258789,100.53177785653821
2023-07-12,Brent Oil,80.11000061035156,101.43073842161184
2023-07-13,Brent Oil,81.36000061035156,103.01341751362312
2023-07-14,Brent Oil,79.87000274658203,101.1268667407195
2023-07-17,Brent Oil,78.5,99.39224697830878
2023-07-18,Brent Oil,79.62999725341797,100.82298539992061
2023-07-19,Brent Oil,79.45999908447266,100.60774336178466
2023-07-20,Brent Oil,79.63999938964844,100.83564953743054
2023-07-21,Brent Oil,81.06999969482422,102.64623480508772
2023-07-24,Brent Oil,82.73999786376953,104.76069175363722
2023-07-25,Brent Oil,83.63999938964844,105.90022263186667
2023-07-26,Brent Oil,82.91999816894531,104.9885979292831
2023-07-27,Brent Oil,84.23999786376953,106.65990666405077
2023-07-28,Brent Oil,84.98999786376953,107.60951411925754
2023-07-31,Brent Oil,85.55999755859375,108.33121539881843
2023-08-01,Brent Oil,84.91000366210938,107.5082299988978
2023-08-02,Brent Oil,83.19999694824219,105.34311650030858
2023-08-03,Brent Oil,85.13999938964844,107.7994375422802
2023-08-04,Brent Oil,86.23999786376953,109.19219321126883
2023-08-07,Brent Oil,85.33999633789062,108.05266233303938
2023-08-08,Brent Oil,86.16999816894531,109.10356356851246
2023-08-09,Brent Oil,87.55000305175781,110.85084746843312
2023-08-10,Brent Oil,86.4000015258789,109.39478077180142
2023-08-11,Brent Oil,86.80999755859375,109.9138944908297
2023-08-14,Brent Oil,86.20999908447266,109.1542104586456
2023-08-15,Brent Oil,84.88999938964844,107.48290172387796
2023-08-16,Brent Oil,83.44999694824219,105.65965231871084
2023-08-17,Brent Oil,84.12000274658203,106.50797565355788
2023-08-18,Brent Oil,84.80000305175781,107.36895346600828
2023-08-21,Brent Oil,84.45999908447266,106.9384597298298
2023-08-22,Brent Oil,84.02999877929688,106.39401773578166
2023-08-23,Brent Oil,83.20999908447266,105.35578063781853
2023-08-24,Brent Oil,83.36000061035156,105.54570406084119
2023-08-25,Brent Oil,84.4800033569336,106.96378800484968
2023-08-28,Brent Oil,84.41999816894531,106.88781283969666
2023-08-29,Brent Oil,85.48999786376953,108.24258575606206
2023-08-30,Brent Oil,85.86000061035156,108.71106224486375
2023-08-31,Brent Oil,86.86000061035156,109.97720551847279
2023-09-01,Brent Oil,88.55000305175781,112.11699074204216
2023-09-05,Brent Oil,90.04000091552734,114.00354151494577
2023-09-06,Brent Oil,90.5999984741211,114.71257865699671
2023-09-07,Brent Oil,89.91999816894531,113.85160084454631
2023-09-08,Brent Oil,90.6500015258789,114.7758896846398
2023-09-11,Brent Oil,90.63999938964844,114.76322554712985
2023-09-12,Brent Oil,92.05999755859375,116.56114667727711
2023-09-13,Brent Oil,91.87999725341797,116.33324050163122
2023-09-14,Brent Oil,93.69999694824219,118.6376208732034
2023-09-15,Brent Oil,93.93000030517578,118.92883807649235
2023-09-18,Brent Oil,94.43000030517578,119.56190971329687
2023-09-19,Brent Oil,94.33999633789062,119.44795179552064
2023-09-20,Brent Oil,93.52999877929688,118.42237883506743
2023-09-21,Brent Oil,93.30000305175781,118.13117129168502
2023-09-22,Brent Oil,93.2699966430664,118.09317887915525
2023-09-25,Brent Oil,93.29000091552734,118.1185071541751
2023-09-26,Brent Oil,93.95999908447266,118.96682082911558
2023-09-27,Brent Oil,96.55000305175781,122.24613693091437
2023-09-28,Brent Oil,95.37999725341797,120.7647419592628
2023-09-29,Brent Oil,95.30999755859375,120.67611231650646
2023-10-02,Brent Oil,90.70999908447266,114.85185518988624
2023-10-03,Brent Oil,90.91999816894531,115.11774411815534
2023-10-04,Brent Oil,85.80999755859375,108.64775121722067
2023-10-05,Brent Oil,84.06999969482422,106.4446646259148
2023-10-06,Brent Oil,84.58000183105469,107.09040040022926
2023-10-09,Brent Oil,88.1500015258789,111.61053150061721
2023-10-10,Brent Oil,87.6500015258789,110.97745986381271
2023-10-11,Brent Oil,85.81999969482422,108.66041535473062
2023-10-12,Brent Oil,86.0,108.88832153037649
2023-10-13,Brent Oil,90.88999938964844,115.07976136553214
2023-10-16,Brent Oil,89.6500015258789,113.50974641103076
2023-10-17,Brent Oil,89.9000015258789,113.82628222943303
2023-10-18,Brent Oil,91.5,115.85210953522616
2023-10-19,Brent Oil,92.37999725341797,116.96631213843574
2023-10-20,Brent Oil,92.16000366210938,116.68776873256326
2023-10-23,Brent Oil,89.83000183105469,113.73765258667665
2023-10-24,Brent Oil,88.06999969482422,111.50923772035092
2023-10-25,Brent Oil,90.12999725341797,114.11748977281542
2023-10-26,Brent Oil,87.93000030517578,111.33197843483818
2023-10-27,Brent Oil,90.4800033569336,114.56064764650384
2023-10-30,Brent Oil,87.44999694824219,110.72422541314695
2023-10-31,Brent Oil,87.41000366210938,110.67358818292037
2023-11-01,Brent Oil,84.62999725341797,107.15370176796577
2023-11-02,Brent Oil,86.8499984741211,109.96454138096286
2023-11-03,Brent Oil,84.88999938964844,107.48290172387796
2023-11-06,Brent Oil,85.18000030517578,107.85008443241335
2023-11-07,Brent Oil,81.61000061035156,103.3299533320254
2023-11-08,Brent Oil,79.54000091552734,100.70903714205095
2023-11-09,Brent Oil,80.01000213623047,101.30412602623224
2023-11-10,Brent Oil,81.43000030517578,103.1020471563795
2023-11-13,Brent Oil,82.5199966430664,104.48213868785818
2023-11-14,Brent Oil,82.47000122070312,104.41883732012167
2023-11-15,Brent Oil,81.18000030517578,102.78551133797724
2023-11-16,Brent Oil,77.41999816894531,98.02480992443346
2023-11-17,Brent Oil,80.61000061035156,102.06381005841637
2023-11-20,Brent Oil,82.31999969482422,104.228913897099
2023-11-21,Brent Oil,82.44999694824219,104.39350904510181
2023-11-22,Brent Oil,81.95999908447266,103.77310154580724
2023-11-23,Brent Oil,81.37000274658203,103.02608165113305
2023-11-24,Brent Oil,80.58000183105469,102.02582730579313
2023-11-27,Brent Oil,79.9800033569336,101.26614327360903
2023-11-28,Brent Oil,81.68000030517578,103.41858297478174
2023-11-29,Brent Oil,83.0999984741211,105.216504104929
2023-11-30,Brent Oil,82.83000183105469,104.87464967141345
2023-12-01,Brent Oil,78.87999725341797,99.87337794471385
2023-12-04,Brent Oil,78.02999877929688,98.79715809412748
2023-12-05,Brent Oil,77.19999694824219,97.74625685865442
2023-12-06,Brent Oil,74.30000305175781,94.07444909311347
2023-12-07,Brent Oil,74.05000305175781,93.75791327471123
2023-12-08,Brent Oil,75.83999633789062,96.0243012337536
2023-12-11,Brent Oil,76.02999877929688,96.26487154690942
2023-12-12,Brent Oil,73.23999786376953,92.73233065435144
2023-12-13,Brent Oil,74.26000213623047,94.02380220298033
2023-12-14,Brent Oil,76.61000061035156,96.99923696398024
2023-12-15,Brent Oil,76.55000305175781,96.9232714587338
2023-12-18,Brent Oil,77.94999694824219,98.69586431386118
2023-12-19,Brent Oil,79.2300033569336,100.31653581840226
2023-12-20,Brent Oil,79.69999694824219,100.91161504267698
2023-12-21,Brent Oil,79.38999938964844,100.51911371902828
2023-12-22,Brent Oil,79.06999969482422,100.11394825786965
2023-12-26,Brent Oil,81.06999969482422,102.64623480508772
2023-12-27,Brent Oil,79.6500015258789,100.84831367494047
2023-12-28,Brent Oil,78.38999938964844,99.25297044541925
2023-12-29,Brent Oil,77.04000091552734,97.54367895802838
2024-01-02,Brent Oil,75.88999938964844,96.08761226139669
2024-01-03,Brent Oil,78.25,99.07571115990652
2024-01-04,Brent Oil,77.58999633789062,98.24005196256941
2024-01-05,Brent Oil,78.76000213623047,99.72144693422096
2024-01-08,Brent Oil,76.12000274658203,96.37882946468565
2024-01-09,Brent Oil,77.58999633789062,98.24005196256941
2024-01-10,Brent Oil,76.80000305175781,97.23980727713607
2024-01-11,Brent Oil,77.41000366210938,98.01215544683008
2024-01-12,Brent Oil,78.29000091552734,99.12635805003967
2024-01-16,Brent Oil,78.29000091552734,99.12635805003967
2024-01-17,Brent Oil,77.87999725341797,98.60723467110482
2024-01-18,Brent Oil,79.0999984741211,100.15193101049289
2024-01-19,Brent Oil,78.55999755859375,99.46821248355522
2024-01-22,Brent Oil,80.05999755859375,101.36742739396875
2024-01-23,Brent Oil,79.55000305175781,100.72170127956088
2024-01-24,Brent Oil,80.04000091552734,101.34210877885548
2024-01-25,Brent Oil,82.43000030517578,104.36819042998853
2024-01-26,Brent Oil,83.55000305175781,105.78627437399699
2024-01-29,Brent Oil,82.4000015258789,104.3302076773653
2024-01-30,Brent Oil,82.87000274658203,104.92529656154659
2024-01-31,Brent Oil,81.70999908447266,103.45656572740498
2024-02-01,Brent Oil,78.69999694824219,99.64547176906795
2024-02-02,Brent Oil,77.33000183105469,97.91086166656379
2024-02-05,Brent Oil,77.98999786376953,98.74651120399433
2024-02-06,Brent Oil,78.58999633789062,99.50619523617844
2024-02-07,Brent Oil,79.20999908447266,100.29120754338238
2024-02-08,Brent Oil,81.62999725341797,103.35527194713868
2024-02-09,Brent Oil,82.19000244140625,104.06431874909619
2024-02-12,Brent Oil,82.0,103.82374843594037
2024-02-13,Brent Oil,82.7699966430664,104.79867450626044
2024-02-14,Brent Oil,81.5999984741211,103.31728919451547
2024-02-15,Brent Oil,82.86000061035156,104.91263242403667
2024-02-16,Brent Oil,83.47000122070312,105.6849805937307
2024-02-20,Brent Oil,82.33999633789062,104.25423251221228
2024-02-21,Brent Oil,83.02999877929688,105.12787446217263
2024-02-22,Brent Oil,83.66999816894531,105.93820538448988
2024-02-23,Brent Oil,81.62000274658203,103.3426174695353
2024-02-26,Brent Oil,82.52999877929688,104.49480282536811
2024-02-27,Brent Oil,83.6500015258789,105.91288676937658
2024-02-28,Brent Oil,83.68000030517578,105.9508695219998
2024-02-29,Brent Oil,83.62000274658203,105.87490401675336
2024-03-01,Brent Oil,83.55000305175781,105.78627437399699
2024-03-04,Brent Oil,82.80000305175781,104.83666691879023
2024-03-05,Brent Oil,82.04000091552734,103.87439532607353
2024-03-06,Brent Oil,82.95999908447266,105.03924481941627
2024-03-07,Brent Oil,82.95999908447266,105.03924481941627
2024-03-08,Brent Oil,82.08000183105469,103.92504221620669
2024-03-11,Brent Oil,82.20999908447266,104.08963736420948
2024-03-12,Brent Oil,81.91999816894531,103.72245465567408
2024-03-13,Brent Oil,84.02999877929688,106.39401773578166
2024-03-14,Brent Oil,85.41999816894531,108.15395611330567
2024-03-15,Brent Oil,85.33999633789062,108.05266233303938
2024-03-18,Brent Oil,86.88999938964844,110.015188271096
2024-03-19,Brent Oil,87.37999725341797,110.6355957703906
2024-03-20,Brent Oil,85.94999694824219,108.8250105027334
2024-03-21,Brent Oil,85.77999877929688,108.60976846459747
2024-03-22,Brent Oil,85.43000030517578,108.1666202508156
2024-03-25,Brent Oil,86.75,109.83792898558326
2024-03-26,Brent Oil,86.25,109.20485734877876
2024-03-27,Brent Oil,86.08999633789062,109.00226978824617
2024-03-28,Brent Oil,87.4800033569336,110.76221782567674
2024-04-01,Brent Oil,87.41999816894531,110.68624266052373
2024-04-02,Brent Oil,88.91999816894531,112.58545757093728
2024-04-03,Brent Oil,89.3499984741211,113.12989956498542
2024-04-04,Brent Oil,90.6500015258789,114.7758896846398
2024-04-05,Brent Oil,91.16999816894531,115.43427993655759
2024-04-08,Brent Oil,90.37999725341797,114.43402559121768
2024-04-09,Brent Oil,89.41999816894531,113.2185292077418
2024-04-10,Brent Oil,90.4800033569336,114.56064764650384
2024-04-11,Brent Oil,89.73999786376953,113.62369466890043
2024-04-12,Brent Oil,90.44999694824219,114.52265523397405
2024-04-15,Brent Oil,90.0999984741211,114.07950702019221
2024-04-16,Brent Oil,90.0199966430664,113.97821323992589
2024-04-17,Brent Oil,87.29000091552734,110.52164751252094
2024-04-18,Brent Oil,87.11000061035156,110.29374133687504
2024-04-19,Brent Oil,87.29000091552734,110.52164751252094
2024-04-22,Brent Oil,87.0,110.15446480398552
2024-04-23,Brent Oil,88.41999816894531,111.95238593413276
2024-04-24,Brent Oil,88.0199966430664,111.44592669270786
2024-04-25,Brent Oil,89.01000213623047,112.69941548871351
2024-04-26,Brent Oil,89.5,113.31982298800808
2024-04-29,Brent Oil,88.4000015258789,111.92706731901947
2024-04-30,Brent Oil,87.86000061035156,111.24334879208182
2024-05-01,Brent Oil,83.44000244140625,105.64699784110746
2024-05-02,Brent Oil,83.66999816894531,105.93820538448988
2024-05-03,Brent Oil,82.95999908447266,105.03924481941627
2024-05-06,Brent Oil,83.33000183105469,105.50772130821797
2024-05-07,Brent Oil,83.16000366210938,105.29247927008201
2024-05-08,Brent Oil,83.58000183105469,105.82425712662022
2024-05-09,Brent Oil,83.87999725341797,106.204094312759
2024-05-10,Brent Oil,82.79000091552734,104.8240027812803
2024-05-13,Brent Oil,83.36000061035156,105.54570406084119
2024-05-14,Brent Oil,82.37999725341797,104.30487940234545
2024-05-15,Brent Oil,82.75,104.77335589114716
2024-05-16,Brent Oil,83.2699966430664,105.43174614306497
2024-05-17,Brent Oil,83.9800033569336,106.33071636804515
2024-05-20,Brent Oil,83.70999908447266,105.98885227462303
2024-05-21,Brent Oil,82.87999725341797,104.93795103914995
2024-05-22,Brent Oil,81.9000015258789,103.69713604056079
2024-05-23,Brent Oil,81.36000061035156,103.01341751362312
2024-05-24,Brent Oil,82.12000274658203,103.97568910633983
2024-05-28,Brent Oil,84.22000122070312,106.63458804893746
2024-05-29,Brent Oil,83.5999984741211,105.8495757417335
2024-05-30,Brent Oil,81.86000061035156,103.64648915042764
2024-05-31,Brent Oil,81.62000274658203,103.3426174695353
2024-06-03,Brent Oil,78.36000061035156,99.21498769279604
2024-06-04,Brent Oil,77.5199966430664,98.15142231981304
2024-06-05,Brent Oil,78.41000366210938,99.27829872043912
2024-06-06,Brent Oil,79.87000274658203,101.1268667407195
2024-06-07,Brent Oil,79.62000274658203,100.81033092231726
2024-06-10,Brent Oil,81.62999725341797,103.35527194713868
2024-06-11,Brent Oil,81.91999816894531,103.72245465567408
2024-06-12,Brent Oil,82.5999984741211,104.58343246812447
2024-06-13,Brent Oil,82.75,104.77335589114716
2024-06-14,Brent Oil,82.62000274658203,104.60876074314433
2024-06-17,Brent Oil,84.25,106.6725708015607
2024-06-18,Brent Oil,85.33000183105469,108.04000785543602
2024-06-20,Brent Oil,85.70999908447266,108.52113882184109
2024-06-21,Brent Oil,85.23999786376953,107.9260499376598
2024-06-24,Brent Oil,86.01000213623047,108.90098566788642
2024-06-25,Brent Oil,85.01000213623047,107.63484239427738
2024-06-26,Brent Oil,85.25,107.93871407516973
2024-06-27,Brent Oil,86.38999938964844,109.38211663429149
2024-06-28,Brent Oil,86.41000366210938,109.40744490931135
2024-07-01,Brent Oil,86.5999984741211,109.6480055625606
2024-07-02,Brent Oil,86.23999786376953,109.19219321126883
2024-07-03,Brent Oil,87.33999633789062,110.58494888025746
2024-07-05,Brent Oil,86.54000091552734,109.57204005731415
2024-07-08,Brent Oil,85.75,108.57178571197423
2024-07-09,Brent Oil,84.66000366210938,107.19169418049555
2024-07-10,Brent Oil,85.08000183105469,107.72347203703376
2024-07-11,Brent Oil,85.4000015258789,108.12863749819239
2024-07-12,Brent Oil,85.02999877929688,107.66016100939069
2024-07-15,Brent Oil,84.8499984741211,107.43225483374479
2024-07-16,Brent Oil,83.7300033569336,106.01418054964289
2024-07-17,Brent Oil,85.08000183105469,107.72347203703376
2024-07-18,Brent Oil,85.11000061035156,107.76145478965698
2024-07-19,Brent Oil,82.62999725341797,104.6214152207477
2024-07-22,Brent Oil,82.4000015258789,104.3302076773653
2024-07-23,Brent Oil,81.01000213623047,102.57026929984127
2024-07-24,Brent Oil,81.70999908447266,103.45656572740498
2024-07-25,Brent Oil,82.37000274658203,104.29222492474209
2024-07-26,Brent Oil,81.12999725341797,102.72220031033416
2024-07-29,Brent Oil,79.77999877929688,101.01290882294329
2024-07-30,Brent Oil,78.62999725341797,99.55684212631158
2024-07-31,Brent Oil,80.72000122070312,102.20308659130588
2024-08-01,Brent Oil,79.5199966430664,100.68370886703109
2024-08-02,Brent Oil,76.80999755859375,97.25246175473941
2024-08-05,Brent Oil,76.30000305175781,96.60673564033154
2024-08-06,Brent Oil,76.4800033569336,96.83464181597743
2024-08-07,Brent Oil,78.33000183105469,99.17700494017282
2024-08-08,Brent Oil,79.16000366210938,100.2279061756459
2024-08-09,Brent Oil,79.66000366210938,100.8609778124504
2024-08-12,Brent Oil,82.30000305175781,104.20359528198571
2024-08-13,Brent Oil,80.69000244140625,102.16510383868265
2024-08-14,Brent Oil,79.76000213623047,100.98759020783
2024-08-15,Brent Oil,81.04000091552734,102.6082520524645
2024-08-16,Brent Oil,79.68000030517578,100.8862964275637
2024-08-19,Brent Oil,77.66000366210938,98.32869126523235
2024-08-20,Brent Oil,77.19999694824219,97.74625685865442
2024-08-21,Brent Oil,76.05000305175781,96.29019982192928
2024-08-22,Brent Oil,77.22000122070312,97.77158513367426
2024-08-23,Brent Oil,79.0199966430664,100.05063723022658
2024-08-26,Brent Oil,81.43000030517578,103.1020471563795
2024-08-27,Brent Oil,79.55000305175781,100.72170127956088
2024-08-28,Brent Oil,78.6500015258789,99.58217040133145
2024-08-29,Brent Oil,79.94000244140625,101.2154963834759
2024-08-30,Brent Oil,78.80000305175781,99.77209382435412
2024-09-03,Brent Oil,73.75,93.37806642866589
2024-09-04,Brent Oil,72.69999694824219,92.04861212741378
2024-09-05,Brent Oil,72.69000244140625,92.03595764981041
2024-09-06,Brent Oil,71.05999755859375,89.9721379314875
2024-09-09,Brent Oil,71.83999633789062,90.95972813931749
2024-09-10,Brent Oil,69.19000244140625,87.60445619217882
2024-09-11,Brent Oil,70.61000061035156,89.40237732232606
2024-09-12,Brent Oil,71.97000122070312,91.12433294722688
2024-09-13,Brent Oil,71.61000061035156,90.66852059593509
2024-09-16,Brent Oil,72.75,92.11192315505686
2024-09-17,Brent Oil,73.69999694824219,93.31475540102281
2024-09-18,Brent Oil,73.6500015258789,93.2514540332863
2024-09-19,Brent Oil,74.87999725341797,94.80880485027772
2024-09-20,Brent Oil,74.48999786376953,94.31500974636273
2024-09-23,Brent Oil,73.9000015258789,93.56798985168857
2024-09-24,Brent Oil,75.16999816894531,95.17598755881313
2024-09-25,Brent Oil,73.45999908447266,93.01088372013048
2024-09-26,Brent Oil,71.5999984741211,90.65585645842516
2024-09-27,Brent Oil,71.9800033569336,91.13699708473679
2024-09-30,Brent Oil,71.7699966430664,90.87109849656112
2024-10-01,Brent Oil,73.55999755859375,93.13749611551007
2024-10-02,Brent Oil,73.9000015258789,93.56798985168857
2024-10-03,Brent Oil,77.62000274658203,98.2780443750992
2024-10-04,Brent Oil,78.05000305175781,98.82248636914734
2024-10-07,Brent Oil,80.93000030517578,102.468975519575
2024-10-08,Brent Oil,77.18000030517578,97.72093824354113
2024-10-09,Brent Oil,76.58000183105469,96.96125421135702
2024-10-10,Brent Oil,79.4000015258789,100.53177785653821
2024-10-11,Brent Oil,79.04000091552734,100.07596550524644
2024-10-14,Brent Oil,77.45999908447266,98.07545681456659
2024-10-15,Brent Oil,74.25,94.0111380654704
2024-10-16,Brent Oil,74.22000122070312,93.97315531284718
2024-10-17,Brent Oil,74.44999694824219,94.26436285622958
2024-10-18,Brent Oil,73.05999755859375,92.50442447870556
2024-10-21,Brent Oil,74.29000091552734,94.06178495560356
2024-10-22,Brent Oil,76.04000091552734,96.27753568441936
2024-10-23,Brent Oil,74.95999908447266,94.91009863054403
2024-10-24,Brent Oil,74.37999725341797,94.17573321347321
2024-10-25,Brent Oil,76.05000305175781,96.29019982192928
2024-10-28,Brent Oil,71.41999816894531,90.42795028277928
2024-10-29,Brent Oil,71.12000274658203,90.0481130966405
2024-10-30,Brent Oil,72.55000305175781,91.85869836429768
2024-10-31,Brent Oil,73.16000366210938,92.63104653399171
2024-11-01,Brent Oil,73.0999984741211,92.55507136883871
2024-11-04,Brent Oil,75.08000183105469,95.06203930094347
2024-11-05,Brent Oil,75.52999877929688,95.6317999101049
2024-11-06,Brent Oil,74.91999816894531,94.85945174041088
2024-11-07,Brent Oil,75.62999725341797,95.7584123054845
2024-11-08,Brent Oil,73.87000274658203,93.53000709906534
2024-11-11,Brent Oil,71.83000183105469,90.94707366171413
2024-11-12,Brent Oil,71.88999938964844,91.02303916696057
2024-11-13,Brent Oil,72.27999877929688,91.51683427087556
2024-11-14,Brent Oil,72.55999755859375,91.87135284190104
2024-11-15,Brent Oil,71.04000091552734,89.9468193163742
2024-11-18,Brent Oil,73.30000305175781,92.80830581950445
2024-11-19,Brent Oil,73.30999755859375,92.82096029710782
2024-11-20,Brent Oil,72.80999755859375,92.1878886603033
2024-11-21,Brent Oil,74.2300033569336,93.98581945035711
2024-11-22,Brent Oil,75.16999816894531,95.17598755881313
2024-11-25,Brent Oil,73.01000213623047,92.44112311096904
2024-11-26,Brent Oil,72.80999755859375,92.1878886603033
2024-11-27,Brent Oil,72.83000183105469,92.21321693532316
2024-11-29,Brent Oil,72.94000244140625,92.35249346821269
2024-12-02,Brent Oil,71.83000183105469,90.94707366171413
2024-12-03,Brent Oil,73.62000274658203,93.21347128066307
2024-12-04,Brent Oil,72.30999755859375,91.55481702349879
2024-12-05,Brent Oil,72.08999633789062,91.27626395771975
2024-12-06,Brent Oil,71.12000274658203,90.0481130966405
2024-12-09,Brent Oil,72.13999938964844,91.33957498536283
2024-12-10,Brent Oil,72.19000244140625,91.4028860130059
2024-12-11,Brent Oil,73.5199966430664,93.08684922537692
2024-12-12,Brent Oil,73.41000366210938,92.94758235239398
2024-12-13,Brent Oil,74.48999786376953,94.31500974636273
2024-12-16,Brent Oil,73.91000366210938,93.58065398919848
2024-12-17,Brent Oil,73.19000244140625,92.66902928661493
2024-12-18,Brent Oil,73.38999938964844,92.9222540773741
2024-12-19,Brent Oil,72.87999725341797,92.27651830305967
2024-12-20,Brent Oil,72.94000244140625,92.35249346821269
2024-12-23,Brent Oil,72.62999725341797,91.95998248465742
2024-12-24,Brent Oil,73.58000183105469,93.16282439052993
2024-12-26,Brent Oil,73.26000213623047,92.7576589293713
2024-12-27,Brent Oil,74.16999816894531,93.9098442852041
2024-12-30,Brent Oil,74.38999938964844,94.18839735098314
2024-12-31,Brent Oil,74.63999938964844,94.5049331693854
2025-01-02,Brent Oil,75.93000030517578,96.13825915152984
2025-01-03,Brent Oil,76.51000213623047,96.87262456860066
2025-01-06,Brent Oil,76.30000305175781,96.60673564033154
2025-01-07,Brent Oil,77.05000305175781,97.55634309553831
2025-01-08,Brent Oil,76.16000366210938,96.4294763548188
2025-01-09,Brent Oil,76.91999816894531,97.39173828762894
2025-01-10,Brent Oil,79.76000213623047,100.98759020783
2025-01-13,Brent Oil,81.01000213623047,102.57026929984127
2025-01-14,Brent Oil,79.91999816894531,101.19016810845602
2025-01-15,Brent Oil,82.02999877929688,103.8617311885636
2025-01-16,Brent Oil,81.29000091552734,102.92478787086677
2025-01-17,Brent Oil,80.79000091552734,102.29171623406224
2025-01-21,Brent Oil,79.29000091552734,100.3925013236487
2025-01-22,Brent Oil,79.0,100.0253186151133
2025-01-23,Brent Oil,78.29000091552734,99.12635805003967
2025-01-24,Brent Oil,78.5,99.39224697830878
2025-01-27,Brent Oil,77.08000183105469,97.59432584816153
2025-01-28,Brent Oil,77.48999786376953,98.11343956718981
2025-01-29,Brent Oil,76.58000183105469,96.96125421135702
2025-01-30,Brent Oil,76.87000274658203,97.32843691989243
2025-01-31,Brent Oil,76.76000213623047,97.1891603870029
2025-02-03,Brent Oil,75.95999908447266,96.17624190415306
2025-02-04,Brent Oil,76.19999694824219,96.48011358504537
2025-02-05,Brent Oil,74.61000061035156,94.46695041676217
2025-02-06,Brent Oil,74.29000091552734,94.06178495560356
2025-02-07,Brent Oil,74.66000366210938,94.53026144440526
2025-02-10,Brent Oil,75.87000274658203,96.0622936462834
2025-02-11,Brent Oil,77.0,97.49303206789523
2025-02-12,Brent Oil,75.18000030517578,95.18865169632306
2025-02-13,Brent Oil,75.0199966430664,94.98606413579047
2025-02-14,Brent Oil,74.73999786376953,94.63154556476499
2025-02-18,Brent Oil,75.83999633789062,96.0243012337536
2025-02-19,Brent Oil,76.04000091552734,96.27753568441936
2025-02-20,Brent Oil,76.4800033569336,96.83464181597743
2025-02-21,Brent Oil,74.43000030517578,94.23904424111629
2025-02-24,Brent Oil,74.77999877929688,94.68219245489814
2025-02-25,Brent Oil,73.0199966430664,92.45377758857241
2025-02-26,Brent Oil,72.52999877929688,91.83337008927782
2025-02-27,Brent Oil,74.04000091552734,93.7452491372013
2025-02-28,Brent Oil,73.18000030517578,92.656365149105
2025-03-03,Brent Oil,71.62000274658203,90.68118473344502
2025-03-04,Brent Oil,71.04000091552734,89.9468193163742
2025-03-05,Brent Oil,69.30000305175781,87.74373272506834
2025-03-06,Brent Oil,69.45999908447266,87.94631062569437
2025-03-07,Brent Oil,70.36000061035156,89.0858415039238
2025-03-10,Brent Oil,69.27999877929688,87.71840445004848
2025-03-11,Brent Oil,69.55999755859375,88.07292302107396
2025-03-12,Brent Oil,70.94999694824219,89.83286139859798
2025-03-13,Brent Oil,69.87999725341797,88.4780884822326
2025-03-14,Brent Oil,70.58000183105469,89.36439456970284
2025-03-17,Brent Oil,71.06999969482422,89.98480206899742
2025-03-18,Brent Oil,70.55999755859375,89.339066294683
2025-03-19,Brent Oil,70.77999877929688,89.61761936046202
2025-03-20,Brent Oil,72.0,91.16231569985008
2025-03-21,Brent Oil,72.16000366210938,91.36490326038268
2025-03-24,Brent Oil,73.0,92.42845897345912
2025-03-25,Brent Oil,73.0199966430664,92.45377758857241
2025-03-26,Brent Oil,73.79000091552734,93.42871331879904
2025-03-27,Brent Oil,74.02999877929688,93.73258499969137
2025-03-28,Brent Oil,73.62999725341797,93.22612575826645
2025-03-31,Brent Oil,74.73999786376953,94.63154556476499
2025-04-01,Brent Oil,74.48999786376953,94.31500974636273
2025-04-02,Brent Oil,74.94999694824219,94.8974344930341
2025-04-03,Brent Oil,70.13999938964844,88.80728843814477
2025-04-04,Brent Oil,65.58000183105469,83.03367820165771
2025-04-07,Brent Oil,64.20999908447266,81.29905843924696
2025-04-08,Brent Oil,62.81999969482422,79.53912006172294
2025-04-09,Brent Oil,65.4800033569336,82.90706580627811
2025-04-10,Brent Oil,63.33000183105469,80.18485583603739
2025-04-11,Brent Oil,64.76000213623047,81.99544110369456
2025-04-14,Brent Oil,64.87999725341797,82.14737211418743
2025-04-15,Brent Oil,64.66999816894531,81.88148318591833
2025-04-16,Brent Oil,65.8499984741211,83.37553263517324
2025-04-17,Brent Oil,67.95999908447266,86.04709571528082
2025-04-21,Brent Oil,66.26000213623047,83.89465601410811
2025-04-22,Brent Oil,67.44000244140625,85.38870546336301
2025-04-23,Brent Oil,66.12000274658203,83.71739672859536
2025-04-24,Brent Oil,66.55000305175781,84.26183872264352
2025-04-25,Brent Oil,66.87000274658203,84.66700418380213
2025-04-28,Brent Oil,65.86000061035156,83.38819677268317
2025-04-29,Brent Oil,64.25,81.34970532938011
2025-04-30,Brent Oil,63.119998931884766,79.918962077815
2025-05-01,Brent Oil,62.130001068115234,78.6654829417159
2025-05-02,Brent Oil,61.290000915527344,77.60192239868617
2025-05-05,Brent Oil,60.22999954223633,76.25980878987743
2025-05-06,Brent Oil,62.150001525878906,78.69080638678247
2025-05-07,Brent Oil,61.119998931884766,77.38667553059693
2025-05-08,Brent Oil,62.84000015258789,79.56444350678952
2025-05-09,Brent Oil,63.90999984741211,80.91921642315492
2025-05-12,Brent Oil,64.95999908447266,82.24866589445374
2025-05-13,Brent Oil,66.62999725341797,84.36312284300324
2025-05-14,Brent Oil,66.08999633789062,83.67940431606557
2025-05-15,Brent Oil,64.52999877929688,81.7042239004056
2025-05-16,Brent Oil,65.41000366210938,82.81843616352174
2025-05-19,Brent Oil,65.54000091552734,82.98303131152454
2025-05-20,Brent Oil,65.37999725341797,82.78044375099195
2025-05-21,Brent Oil,64.91000366210938,82.18536452671722
2025-05-22,Brent Oil,64.44000244140625,81.59027564253593
2025-05-23,Brent Oil,64.77999877929688,82.02075971880785
2025-05-27,Brent Oil,64.08999633789062,81.14711776884752
2025-05-28,Brent Oil,64.9000015258789,82.1727003892073
2025-05-29,Brent Oil,64.1500015258789,81.22309293400053
2025-05-30,Brent Oil,63.900001525878906,80.90655711559826
2025-06-02,Brent Oil,64.62999725341797,81.83083629578518
2025-06-03,Brent Oil,65.62999725341797,83.09697956939421
2025-06-04,Brent Oil,64.86000061035156,82.12205349907414
2025-06-05,Brent Oil,65.33999633789062,82.72979686085881
2025-06-06,Brent Oil,66.47000122070312,84.16054494237721
2025-06-09,Brent Oil,67.04000091552734,84.88224622193809
2025-06-10,Brent Oil,66.87000274658203,84.66700418380213
2025-06-11,Brent Oil,69.7699966430664,88.33881194934307
2025-06-12,Brent Oil,69.36000061035156,87.81969823031478
2025-06-13,Brent Oil,74.2300033569336,93.98581945035711
2025-06-16,Brent Oil,73.2300033569336,92.71967617674808
2025-06-17,Brent Oil,76.44999694824219,96.79664940344765
2025-06-18,Brent Oil,76.69999694824219,97.11318522184989
2025-06-20,Brent Oil,77.01000213623047,97.50569620540516
2025-06-23,Brent Oil,71.4800033569336,90.50392544793229
2025-06-24,Brent Oil,67.13999938964844,85.00885861731769
2025-06-25,Brent Oil,67.68000030517578,85.69257714425534
2025-06-26,Brent Oil,67.7300033569336,85.75588817189842
2025-06-27,Brent Oil,67.7699966430664,85.806525402125
2025-06-30,Brent Oil,67.61000061035156,85.60394750149898
2025-07-01,Brent Oil,67.11000061035156,84.97087586469446
2025-07-02,Brent Oil,69.11000061035156,87.50316241191251
2025-07-03,Brent Oil,68.80000305175781,87.11066108826383
2025-07-04,Brent Oil,68.29000091552734,86.46492531394938
2025-07-07,Brent Oil,69.58000183105469,88.0982512960938
2025-07-08,Brent Oil,70.1500015258789,88.8199525756547
2025-07-09,Brent Oil,70.19000244140625,88.87059946578785
2025-07-10,Brent Oil,68.63999938964844,86.90807352773122
2025-07-11,Brent Oil,70.36000061035156,89.0858415039238
2025-07-14,Brent Oil,69.20999908447266,87.62977480729211
2025-07-15,Brent Oil,68.70999908447266,86.99670317048759
2025-07-16,Brent Oil,68.5199966430664,86.75613285733178
2025-07-17,Brent Oil,69.5199966430664,88.0222761309408
2025-07-18,Brent Oil,69.27999877929688,87.71840445004848
2025-07-21,Brent Oil,69.20999908447266,87.62977480729211
2025-07-22,Brent Oil,68.58999633789062,86.84476250008815
2025-07-23,Brent Oil,68.51000213623047,86.74347837972842
2025-07-24,Brent Oil,69.18000030517578,87.5917920546689
2025-07-25,Brent Oil,68.44000244140625,86.65484873697204
2025-07-28,Brent Oil,70.04000091552734,88.68067604276519
2025-07-29,Brent Oil,72.51000213623047,91.80805147416453
2025-07-30,Brent Oil,73.23999786376953,92.73233065435144
2025-07-31,Brent Oil,72.52999877929688,91.83337008927782
2025-08-01,Brent Oil,69.66999816894531,88.21219955396347
2025-08-04,Brent Oil,68.76000213623047,87.06001419813067
2025-08-05,Brent Oil,67.63999938964844,85.6419302541222
2025-08-06,Brent Oil,66.88999938964844,84.69232279891543
2025-08-07,Brent Oil,66.43000030517578,84.10989805224406
2025-08-08,Brent Oil,66.58999633789062,84.31247595287009
2025-08-11,Brent Oil,66.62999725341797,84.36312284300324
2025-08-12,Brent Oil,66.12000274658203,83.71739672859536
2025-08-13,Brent Oil,65.62999725341797,83.09697956939421
2025-08-14,Brent Oil,66.83999633789062,84.62901177127235
2025-08-15,Brent Oil,65.8499984741211,83.37553263517324
2025-08-18,Brent Oil,66.5999984741211,84.32514009038002
2025-08-19,Brent Oil,65.79000091552734,83.29956712992681
2025-08-20,Brent Oil,66.83999633789062,84.62901177127235
2025-08-21,Brent Oil,67.66999816894531,85.67991300674541
2025-08-22,Brent Oil,67.7300033569336,85.75588817189842
2025-08-25,Brent Oil,68.80000305175781,87.11066108826383
2025-08-26,Brent Oil,67.22000122070312,85.11015239758399
2025-08-27,Brent Oil,68.05000305175781,86.16105363305705
2025-08-28,Brent Oil,68.62000274658203,86.88275491261793
2025-08-29,Brent Oil,68.12000274658203,86.24968327581341
2025-09-02,Brent Oil,69.13999938964844,87.54114516453573
2025-09-03,Brent Oil,67.5999984741211,85.59128336398905
2025-09-04,Brent Oil,66.98999786376953,84.81893519429501
2025-09-05,Brent Oil,65.5,82.9323844213914
2025-09-08,Brent Oil,66.0199966430664,83.59077467330921
2025-09-09,Brent Oil,66.38999938964844,84.05925116211091
2025-09-10,Brent Oil,67.48999786376953,85.45200683109952
2025-09-11,Brent Oil,66.37000274658203,84.03393254699762
2025-09-12,Brent Oil,66.98999786376953,84.81893519429501
2025-09-15,Brent Oil,67.44000244140625,85.38870546336301
2025-09-16,Brent Oil,68.47000122070312,86.69283148959526
2025-09-17,Brent Oil,67.94999694824219,86.0344315777709
2025-09-18,Brent Oil,67.44000244140625,85.38870546336301
2025-09-19,Brent Oil,66.68000030517578,84.4264338706463
2025-09-22,Brent Oil,66.56999969482422,84.2871573377568
2025-09-23,Brent Oil,67.62999725341797,85.62926611661227
2025-09-24,Brent Oil,69.30999755859375,87.75638720267169
2025-09-25,Brent Oil,69.41999816894531,87.89566373556121
2025-09-26,Brent Oil,70.12999725341797,88.79462430063484
2025-09-29,Brent Oil,67.97000122070312,86.05975985279075
2025-09-30,Brent Oil,67.0199966430664,84.85691794691823
2025-10-01,Brent Oil,65.3499984741211,82.74246099836873
2025-10-02,Brent Oil,64.11000061035156,81.17244604386738
2025-10-03,Brent Oil,64.52999877929688,81.7042239004056
2025-10-06,Brent Oil,65.47000122070312,82.89440166876818
2025-10-07,Brent Oil,65.44999694824219,82.86907339374832
2025-10-08,Brent Oil,66.25,83.88199187659818
2025-10-09,Brent Oil,65.22000122070312,82.57786585036591
2025-10-10,Brent Oil,62.72999954223633,79.42516697389999
2025-10-13,Brent Oil,63.31999969482422,80.17219169852746
2025-10-14,Brent Oil,62.38999938964844,78.9946780676748
2025-10-15,Brent Oil,61.90999984741211,78.38692987593686
2025-10-16,Brent Oil,61.060001373291016,77.31071002535049
2025-10-17,Brent Oil,61.290000915527344,77.60192239868617
2025-10-20,Brent Oil,61.0099983215332,77.24739899770742
2025-10-21,Brent Oil,61.31999969482422,77.63990515130939
2025-10-22,Brent Oil,62.59000015258789,79.24790768838726
2025-10-23,Brent Oil,65.98999786376953,83.55279192068599
2025-10-24,Brent Oil,65.94000244140625,83.48949055294948
2025-10-27,Brent Oil,65.62000274658203,83.08432509179084
2025-10-28,Brent Oil,64.4000015258789,81.53962875240278
2025-10-29,Brent Oil,64.91999816894531,82.19801900432059
2025-10-30,Brent Oil,65.0,82.29931278458689
2025-10-31,Brent Oil,65.06999969482422,82.38794242734325
2025-11-03,Brent Oil,64.88999938964844,82.16003625169736
2025-11-04,Brent Oil,64.44000244140625,81.59027564253593
2025-11-05,Brent Oil,63.52000045776367,80.42542131923992
2025-11-06,Brent Oil,63.380001068115234,80.24816203372718
2025-11-07,Brent Oil,63.630001068115234,80.56469785212943
2025-11-10,Brent Oil,64.05999755859375,81.1091350162243
2025-11-11,Brent Oil,65.16000366210938,82.50190034511948
2025-11-12,Brent Oil,62.709999084472656,79.39984352883343
2025-11-13,Brent Oil,63.0099983215332,79.77968554492547
2025-11-14,Brent Oil,64.38999938964844,81.52696461489285
2025-11-17,Brent Oil,64.19999694824219,81.28639430173703
2025-11-18,Brent Oil,64.88999938964844,82.16003625169736
2025-11-19,Brent Oil,63.5099983215332,80.41275718172999
2025-11-20,Brent Oil,63.380001068115234,80.24816203372718
2025-11-21,Brent Oil,62.560001373291016,79.20992493576404
2025-11-24,Brent Oil,63.369998931884766,80.23549789621724
2025-11-25,Brent Oil,62.47999954223633,79.10863115549773
2025-11-26,Brent Oil,63.130001068115234,79.93162621532493
2025-11-28,Brent Oil,63.20000076293945,80.02025585808128
2025-12-01,Brent Oil,63.16999816894531,79.9822682755048
2025-12-02,Brent Oil,62.45000076293945,79.07064840287453
2025-12-03,Brent Oil,62.66999816894531,79.34919663870026
2025-12-04,Brent Oil,63.2599983215332,80.09622136332773
2025-12-05,Brent Oil,63.75,80.7166336925756
2025-12-08,Brent Oil,62.4900016784668,79.12129529300766
2025-12-09,Brent Oil,61.939998626708984,78.42491262856008
2025-12-10,Brent Oil,62.209999084472656,78.76677189202891
2025-12-11,Brent Oil,61.279998779296875,77.58925826117624
2025-12-12,Brent Oil,61.119998931884766,77.38667553059693
2025-12-15,Brent Oil,60.560001373291016,76.67763838854597
2025-12-16,Brent Oil,58.91999816894531,74.60115936266641
2025-12-17,Brent Oil,59.68000030517578,75.56343095538311
2025-12-18,Brent Oil,59.81999969482422,75.74069024089584
2025-12-19,Brent Oil,60.470001220703125,76.56368530072304
2025-12-22,Brent Oil,62.06999969482422,78.58951260651617
2025-12-23,Brent Oil,62.380001068115234,78.98201876011814
2025-12-24,Brent Oil,62.2400016784668,78.80475947460542
2025-12-26,Brent Oil,60.63999938964844,76.77892733885899
2025-12-29,Brent Oil,61.939998626708984,78.42491262856008
2025-12-30,Brent Oil,61.91999816894531,78.3995891834935
2025-12-31,Brent Oil,60.849998474121094,77.0448162671281
2026-01-02,Brent Oil,60.75,76.91820387174852
2026-01-05,Brent Oil,61.7599983215332,78.19700645291418
2026-01-06,Brent Oil,60.70000076293945,76.85489767405872
2026-01-07,Brent Oil,59.959999084472656,75.91794952640859
2026-01-08,Brent Oil,61.9900016784668,78.48822365620315
2026-01-09,Brent Oil,63.34000015258789,80.19751514359403
2026-01-12,Brent Oil,63.869998931884766,80.86856953302176
2026-01-13,Brent Oil,65.47000122070312,82.89440166876818
2026-01-14,Brent Oil,66.5199966430664,84.22384631011371
2026-01-15,Brent Oil,63.7599983215332,80.72929300013224
2026-01-16,Brent Oil,64.12999725341797,81.19776465898066
2026-01-20,Brent Oil,64.91999816894531,82.19801900432059
2026-01-21,Brent Oil,65.23999786376953,82.60318446547922
2026-01-22,Brent Oil,64.05999755859375,81.1091350162243
2026-01-23,Brent Oil,65.87999725341797,83.41351538779647
2026-01-26,Brent Oil,65.58999633789062,83.04633267926106
2026-01-27,Brent Oil,67.56999969482422,85.55330061136583
2026-01-28,Brent Oil,68.4000015258789,86.6042018468389
2026-01-29,Brent Oil,70.70999908447266,89.52898971770566
2026-01-30,Brent Oil,70.69000244140625,89.50367110259236
2026-02-02,Brent Oil,66.30000305175781,83.94530290424125
2026-02-03,Brent Oil,67.33000183105469,85.2494289304735
2026-02-04,Brent Oil,69.45999908447266,87.94631062569437
2026-02-05,Brent Oil,67.55000305175781,85.52798199625254
2026-02-06,Brent Oil,68.05000305175781,86.16105363305705
2026-02-09,Brent Oil,69.04000091552734,87.41453276915615
2026-02-10,Brent Oil,68.80000305175781,87.11066108826383
2026-02-11,Brent Oil,69.4000015258789,87.87034512044792
2026-02-12,Brent Oil,67.5199966430664,85.48998958372275
2026-02-13,Brent Oil,67.75,85.78120678701171
2026-02-17,Brent Oil,67.41999816894531,85.36337718834316
2026-02-18,Brent Oil,70.3499984741211,89.07317736641389
2026-02-19,Brent Oil,71.66000366210938,90.73183162357817
2026-02-20,Brent Oil,71.76000213623047,90.85844401895777
2026-02-23,Brent Oil,71.48999786376953,90.51657992553565
2026-02-24,Brent Oil,70.7699966430664,89.60495522295209
2026-02-25,Brent Oil,70.8499984741211,89.70624900321839
2026-02-26,Brent Oil,70.75,89.5796366078388
2026-02-27,Brent Oil,72.4800033569336,91.7700687215413
2026-03-02,Brent Oil,77.73999786376953,98.42997538559207
2026-03-03,Brent Oil,81.4000015258789,103.06406440375628
2026-03-04,Brent Oil,81.4000015258789,103.06406440375628
2026-03-05,Brent Oil,85.41000366210938,108.14130163570232
2026-03-06,Brent Oil,92.69000244140625,117.358823121991
2026-03-09,Brent Oil,98.95999908447266,125.29753719716072
2026-03-10,Brent Oil,87.80000305175781,111.16738328683537
2026-03-11,Brent Oil,91.9800033569336,116.45986255691739
2026-03-12,Brent Oil,100.45999908447266,127.19675210757427
2026-03-13,Brent Oil,103.13999938964844,130.59001646724272
2026-03-16,Brent Oil,100.20999908447266,126.88021628917201
2026-03-17,Brent Oil,103.41999816894531,130.94453503826819
2026-03-18,Brent Oil,107.37999725341797,135.95846124257116
2026-03-19,Brent Oil,108.6500015258789,137.5664686096023
2026-03-20,Brent Oil,112.19000244140625,142.04861695736705
2026-03-23,Brent Oil,99.94000244140625,126.53836185565646
2026-03-24,Brent Oil,104.48999786376953,132.2993079546336
2026-03-25,Brent Oil,102.22000122070312,129.4251669739
2026-03-26,Brent Oil,108.01000213623047,136.75613768728505
2026-03-27,Brent Oil,112.56999969482422,142.52974792377213
2026-03-30,Brent Oil,112.77999877929688,142.79563685204124
2026-03-31,Brent Oil,118.3499984741211,149.84805449964728
2026-04-01,Brent Oil,101.16000366210938,128.08305819504454
2026-04-02,Brent Oil,109.02999877929688,138.04759957600737
2026-04-06,Brent Oil,109.7699966430664,138.98454289370423
2026-04-07,Brent Oil,109.2699966430664,138.3514712568997
2026-04-08,Brent Oil,94.75,119.9670751744555
2026-04-09,Brent Oil,95.91999816894531,121.44846048620049
2026-04-10,Brent Oil,95.19999694824219,120.53683578361694
2026-04-13,Brent Oil,99.36000061035156,125.80399643858564
2026-04-14,Brent Oil,94.79000091552734,120.01772206458865
2026-04-15,Brent Oil,94.93000030517578,120.19498135010139
2026-04-16,Brent Oil,99.38999938964844,125.84197919120888
2026-04-17,Brent Oil,90.37999725341797,114.43402559121768
2026-04-20,Brent Oil,95.4800033569336,120.89136401454898
2026-04-21,Brent Oil,98.4800033569336,124.68979383537607
2026-04-22,Brent Oil,101.91000366210938,129.0326656502513
2026-04-23,Brent Oil,105.06999969482422,133.03367337170442
2026-04-24,Brent Oil,105.33000183105469,133.3628733276166
2026-04-27,Brent Oil,108.2300033569336,137.0346907530641
2026-04-28,Brent Oil,111.26000213623047,140.8711033265144
2026-04-29,Brent Oil,118.02999877929688,149.44288903848863
2026-04-30,Brent Oil,114.01000213623047,144.35299732893924
2026-05-01,Brent Oil,108.16999816894531,136.9587155879111
2026-05-04,Brent Oil,114.44000244140625,144.89743932298737
2026-05-05,Brent Oil,109.87000274658203,139.1111649489904
2026-05-06,Brent Oil,101.2699966430664,128.2223250680275
2026-05-07,Brent Oil,100.05999755859375,126.69029286614935
2026-05-08,Brent Oil,101.29000091552734,128.24765334304732
2026-05-11,Brent Oil,104.20999908447266,131.9447893836081
2026-05-12,Brent Oil,107.7699966430664,136.45225634648617
2026-05-13,Brent Oil,105.62999725341797,133.74271051375536
2026-05-14,Brent Oil,105.72000122070312,133.8566684315316
2026-05-15,Brent Oil,109.26000213623047,138.33881677929634
2026-05-18,Brent Oil,112.0999984741211,141.93465903959083
2026-05-19,Brent Oil,111.27999877929688,140.8964219416277
2026-05-20,Brent Oil,105.0199966430664,132.97036234406136
2026-05-21,Brent Oil,102.58000183105469,129.8809793251918
2026-05-22,Brent Oil,103.54000091552734,131.09647570866764
2026-05-26,Brent Oil,99.58000183105469,126.08254950436468
2026-05-27,Brent Oil,94.29000091552734,119.38465042778412
2026-05-28,Brent Oil,93.70999908447266,118.65028501071333
2026-05-29,Brent Oil,92.05000305175781,116.54849219967373
2026-06-01,Brent Oil,94.9800033569336,120.25829237774445
2026-06-02,Brent Oil,96.0,121.54975426646679
2026-06-03,Brent Oil,97.80999755859375,123.84147050052903
2026-06-04,Brent Oil,95.02999877929688,120.32159374548097
2026-06-05,Brent Oil,93.08999633789062,117.86527270350935
2026-06-08,Brent Oil,94.25,119.33400353765097
2026-06-09,Brent Oil,91.44999694824219,115.78879850758308
2026-06-10,Brent Oil,93.0999984741211,117.87793684101928
2026-06-11,Brent Oil,90.37999725341797,114.43402559121768
2026-06-12,Brent Oil,87.33000183105469,110.57229440265408
2026-06-15,Brent Oil,83.16999816894531,105.30513374768537
2026-06-16,Brent Oil,78.95999908447266,99.97467172498014
2026-06-17,Brent Oil,79.55000305175781,100.72170127956088
2026-06-18,Brent Oil,79.8499984741211,101.10153846569965
2026-06-22,Brent Oil,77.9000015258789,98.63256294612466
2026-06-23,Brent Oil,77.08000183105469,97.59432584816153
2026-06-24,Brent Oil,73.73999786376953,93.36540229115596
2026-06-25,Brent Oil,75.26000213623047,95.28994547658937
2026-06-26,Brent Oil,71.98999786376953,91.14965156234017
2026-06-29,Brent Oil,73.1500015258789,92.61838239648178
2026-06-30,Brent Oil,72.91999816894531,92.32716519319281
2026-07-01,Brent Oil,71.56999969482422,90.61787370580194
2026-07-02,Brent Oil,71.80000305175781,90.9090909090909
2026-07-06,Brent Oil,71.98999786376953,91.14965156234017
2026-07-07,Brent Oil,74.16000366210938,93.89718980760074
2026-07-08,Brent Oil,78.0199966430664,98.78449395661755
2026-07-09,Brent Oil,76.30000305175781,96.60673564033154
2026-07-10,Brent Oil,76.01000213623047,96.23955293179614
2026-07-13,Brent Oil,83.30000305175781,105.46973855559474
2026-07-14,Brent Oil,84.7300033569336,107.28032382325192
2026-07-15,Brent Oil,84.94999694824219,107.55886722912437
2026-07-16,Brent Oil,84.2300033569336,106.64725218644739
2026-07-17,Brent Oil,88.0999984741211,111.54722047297415
2026-07-20,Brent Oil,89.22000122070312,112.96530441698263
2026-07-21,Brent Oil,91.01000213623047,115.23170203593156
2026-07-22,Brent Oil,94.06999969482422,119.1060973620051
2026-07-23,Brent Oil,100.69000244140625,127.48796931086324
2026-07-24,Brent Oil,96.77999877929688,122.53734447429679
2026-07-27,Brent Oil,88.36000061035156,111.87642042888632
2026-07-28,Brent Oil,84.08999633789062,106.4699832410281
2026-07-29,Brent Oil,90.73999786376953,114.88983794250944
2026-07-30,Brent Oil,89.02999877929688,112.72473410382679
2026-07-31,Brent Oil,90.12000274658203,114.10483529521204
2026-08-03,Brent Oil,83.7699966430664,106.06481777986947
2026-08-04,Brent Oil,79.36000061035156,100.48113096640508
2026-08-05,Brent Oil,79.44999694824219,100.59507922427473
2026-08-06,Brent Oil,82.48999786376953,104.44415593523497
2026-08-07,Brent Oil,83.55000305175781,105.78627437399699
2026-08-10,Brent Oil,87.72000122070312,111.06608950656907
2026-08-11,Brent Oil,88.91000366210938,112.57280309333393
2026-08-12,Brent Oil,88.9800033569336,112.66143273609029
2026-08-13,Brent Oil,87.06999969482422,110.24309444674189
2026-08-14,Brent Oil,88.5199966430664,112.07899832951236
2026-08-17,Brent Oil,90.87000274658203,115.05444275041883
2026-08-18,Brent Oil,91.0199966430664,115.24435651353492
2026-08-19,Brent Oil,91.62000274658203,116.0040502056256
2026-08-20,Brent Oil,93.77999877929688,118.73891465346969
2026-08-21,Brent Oil,94.38999938964844,119.5112628231637
2026-08-24,Brent Oil,92.16999816894531,116.70042321016663
2026-08-25,Brent Oil,88.58000183105469,112.15497349466537
2026-08-26,Brent Oil,87.83999633789062,111.21802051706196
2026-08-27,Brent Oil,89.69999694824219,113.57304777876726
2026-08-28,Brent Oil,89.30999755859375,113.07925267485228
2026-08-31,Brent Oil,90.48999786376953,114.57330212410719
2022-01-03,Gold,1799.4000244140625,100.0
2022-01-04,Gold,1814.0,100.8113802038372
2022-01-05,Gold,1824.5999755859375,101.40046408969461
2022-01-06,Gold,1788.699951171875,99.4053532790369
2022-01-07,Gold,1797.0,99.86662085242307
2022-01-10,Gold,1798.4000244140625,99.94442592050505
2022-01-11,Gold,1818.5999755859375,101.0670196127249
2022-01-12,Gold,1827.199951171875,101.54495533959242
2022-01-13,Gold,1821.199951171875,101.21151086262275
2022-01-14,Gold,1816.5,100.95031540257457
2022-01-18,Gold,1812.300048828125,100.71690698227388
2022-01-19,Gold,1843.0999755859375,102.42858456035115
2022-01-20,Gold,1842.5,102.39524146944325
2022-01-21,Gold,1831.800048828125,101.80060153242539
2022-01-24,Gold,1841.699951171875,102.35077949226918
2022-01-25,Gold,1852.699951171875,102.96209436671361
2022-01-26,Gold,1829.9000244140625,101.69500942459595
2022-01-27,Gold,1793.300048828125,99.66099947186986
2022-01-28,Gold,1784.9000244140625,99.19417584732324
2022-01-31,Gold,1795.0,99.75547269343318
2022-02-01,Gold,1800.300048828125,100.0500180283345
2022-02-02,Gold,1809.199951171875,100.54462190868334
2022-02-03,Gold,1803.0,100.20006532939276
2022-02-04,Gold,1806.5999755859375,100.40013065878553
2022-02-07,Gold,1820.5999755859375,101.17816777171483
2022-02-08,Gold,1826.5999755859375,101.5116122486845
2022-02-09,Gold,1835.199951171875,101.98954797555201
2022-02-10,Gold,1836.199951171875,102.04512205504696
2022-02-11,Gold,1840.800048828125,102.30076824787993
2022-02-14,Gold,1868.0,103.81238049656444
2022-02-15,Gold,1854.800048828125,103.07880536080923
2022-02-16,Gold,1870.199951171875,103.93464075787521
2022-02-17,Gold,1900.699951171875,105.62965018247117
2022-02-18,Gold,1898.5999755859375,105.51294597232082
2022-02-22,Gold,1906.0999755859375,105.92975156853295
2022-02-23,Gold,1909.199951171875,106.10202985817823
2022-02-24,Gold,1925.0999755859375,106.98565907893698
2022-02-25,Gold,1886.5,104.84050096722099
2022-02-28,Gold,1899.4000244140625,105.55740794949489
2022-03-01,Gold,1942.4000244140625,107.94709336777768
2022-03-02,Gold,1920.9000244140625,106.7522506586363
2022-03-03,Gold,1934.4000244140625,107.50250073181809
2022-03-04,Gold,1965.0999755859375,109.20862225873493
2022-03-07,Gold,1993.9000244140625,110.80915846176755
2022-03-08,Gold,2040.0999755859375,113.37667822085609
2022-03-09,Gold,1985.9000244140625,110.36456582580796
2022-03-10,Gold,1998.0999755859375,111.04256688206824
2022-03-11,Gold,1982.699951171875,110.18672470105697
2022-03-14,Gold,1959.5999755859375,108.90296482151271
2022-03-15,Gold,1928.5,107.17461230600884
2022-03-16,Gold,1908.0,106.0353436763624
2022-03-17,Gold,1942.0999755859375,107.9304184303511
2022-03-18,Gold,1928.199951171875,107.15793736858225
2022-03-21,Gold,1928.5999755859375,107.18016835716928
2022-03-22,Gold,1920.699951171875,106.74113177237015
2022-03-23,Gold,1936.5999755859375,107.62476099312887
2022-03-24,Gold,1961.5999755859375,109.0141129805026
2022-03-25,Gold,1953.800048828125,108.58063923080917
2022-03-28,Gold,1939.5999755859375,107.79148323161374
2022-03-29,Gold,1912.0,106.25763999434218
2022-03-30,Gold,1933.5,107.4524827034836
2022-03-31,Gold,1949.199951171875,108.32499303797618
2022-04-01,Gold,1919.0999755859375,106.65221460196727
2022-04-04,Gold,1929.199951171875,107.2135114480772
2022-04-05,Gold,1922.9000244140625,106.86339881762619
2022-04-06,Gold,1918.4000244140625,106.61331545989891
2022-04-07,Gold,1933.800048828125,107.46915764091018
2022-04-08,Gold,1941.5999755859375,107.90263139060363
2022-04-11,Gold,1944.300048828125,108.05268547560713
2022-04-12,Gold,1972.0999755859375,109.59764081519955
2022-04-13,Gold,1981.0,110.09225147949367
2022-04-14,Gold,1970.9000244140625,109.53095463338374
2022-04-18,Gold,1982.9000244140625,110.19784358732312
2022-04-19,Gold,1955.699951171875,108.68622455469334
2022-04-20,Gold,1952.300048828125,108.49727811156673
2022-04-21,Gold,1944.9000244140625,108.08602856651505
2022-04-22,Gold,1931.0,107.31354750474623
2022-04-25,Gold,1893.199951171875,105.21284458625905
2022-04-26,Gold,1901.4000244140625,105.66855610848478
2022-04-27,Gold,1885.9000244140625,104.80715787631307
2022-04-28,Gold,1888.699951171875,104.96276122853179
2022-04-29,Gold,1909.300048828125,106.10759269328393
2022-05-02,Gold,1861.800048828125,103.46782391727385
2022-05-03,Gold,1868.800048828125,103.8568424737385
2022-05-04,Gold,1867.0,103.7568064170695
2022-05-05,Gold,1874.0,104.14582497353413
2022-05-06,Gold,1881.199951171875,104.54595563231968
2022-05-09,Gold,1857.0999755859375,103.20662167328045
2022-05-10,Gold,1839.9000244140625,102.25075021954544
2022-05-11,Gold,1852.5999755859375,102.95653831555317
2022-05-12,Gold,1823.800048828125,101.35600889646581
2022-05-13,Gold,1807.4000244140625,100.4445926359596
2022-05-16,Gold,1813.5,100.78359316408974
2022-05-17,Gold,1818.199951171875,101.04478862413788
2022-05-18,Gold,1815.9000244140625,100.91697231166665
2022-05-19,Gold,1841.199951171875,102.32299245252172
2022-05-20,Gold,1841.800048828125,102.35634232737488
2022-05-23,Gold,1847.800048828125,102.68978680434458
2022-05-24,Gold,1865.0999755859375,103.65121430924005
2022-05-25,Gold,1846.199951171875,102.60086284999646
2022-05-26,Gold,1847.4000244140625,102.66755581575755
2022-05-27,Gold,1851.300048828125,102.8842960825769
2022-05-31,Gold,1842.699951171875,102.40635357176413
2022-06-01,Gold,1843.300048828125,102.4397034466173
2022-06-02,Gold,1866.5,103.72901937732202
2022-06-03,Gold,1845.4000244140625,102.55640765676766
2022-06-06,Gold,1839.199951171875,102.21184429353181
2022-06-07,Gold,1847.5,102.67311186691799
2022-06-08,Gold,1851.9000244140625,102.91763917348482
2022-06-09,Gold,1848.800048828125,102.74536088383952
2022-06-10,Gold,1871.5,104.00688977479675
2022-06-13,Gold,1828.0,101.5894173167665
2022-06-14,Gold,1809.5,100.56129684610993
2022-06-15,Gold,1815.300048828125,100.88362922075873
2022-06-16,Gold,1845.699951171875,102.57307581024897
2022-06-17,Gold,1835.5999755859375,102.01177896413904
2022-06-21,Gold,1834.5999755859375,101.9562048846441
2022-06-22,Gold,1834.300048828125,101.93953673116276
2022-06-23,Gold,1825.699951171875,101.46159422035
2022-06-24,Gold,1826.5,101.50605619752406
2022-06-27,Gold,1820.9000244140625,101.19484270914141
2022-06-28,Gold,1817.5,101.00588948206952
2022-06-29,Gold,1813.699951171875,100.79470526641062
2022-06-30,Gold,1804.0999755859375,100.26119546004817
2022-07-01,Gold,1798.9000244140625,99.97221296025252
2022-07-05,Gold,1761.800048828125,97.91041596777897
2022-07-06,Gold,1734.9000244140625,96.4154718725758
2022-07-07,Gold,1737.9000244140625,96.58219411106064
2022-07-08,Gold,1740.5999755859375,96.7322414121189
2022-07-11,Gold,1730.0,96.1431575262615
2022-07-12,Gold,1723.300048828125,95.77081390722344
2022-07-13,Gold,1734.199951171875,96.37656594656218
2022-07-14,Gold,1704.5,94.72601849914031
2022-07-15,Gold,1702.4000244140625,94.60931428898996
2022-07-18,Gold,1709.199951171875,94.98721395918847
2022-07-19,Gold,1710.0,95.03167593636252
2022-07-20,Gold,1699.5,94.44814810166557
2022-07-21,Gold,1712.699951171875,95.18172323742078
2022-07-22,Gold,1727.0999755859375,95.9819913389371
2022-07-25,Gold,1719.0,95.53184265181707
2022-07-26,Gold,1717.699951171875,95.45959363489554
2022-07-27,Gold,1719.0999755859375,95.5373987029775
2022-07-28,Gold,1750.300048828125,97.27131405358706
2022-07-29,Gold,1762.9000244140625,97.97154609843437
2022-08-01,Gold,1769.0,98.31054662656452
2022-08-02,Gold,1771.0999755859375,98.42725083671485
2022-08-03,Gold,1758.0,97.69923175212007
2022-08-04,Gold,1788.5,99.39424117671601
2022-08-05,Gold,1772.9000244140625,98.52728689338386
2022-08-08,Gold,1786.800048828125,99.2997679551527
2022-08-09,Gold,1794.0,99.69989861393823
2022-08-10,Gold,1795.5999755859375,99.7888157843411
2022-08-11,Gold,1789.699951171875,99.46092735853185
2022-08-12,Gold,1798.5999755859375,99.95553802282593
2022-08-15,Gold,1781.4000244140625,98.99966656909092
2022-08-16,Gold,1773.199951171875,98.5439550468652
2022-08-17,Gold,1760.300048828125,97.82705484853655
2022-08-18,Gold,1755.300048828125,97.5491844510618
2022-08-19,Gold,1747.5999755859375,97.12125996858354
2022-08-22,Gold,1734.0,96.3654538442413
2022-08-23,Gold,1746.800048828125,97.07680477535474
2022-08-24,Gold,1747.800048828125,97.13237885484969
2022-08-25,Gold,1757.699951171875,97.68255681469348
2022-08-26,Gold,1736.0999755859375,96.48215805439165
2022-08-29,Gold,1736.5999755859375,96.50994509413911
2022-08-30,Gold,1723.199951171875,95.76525107211775
2022-08-31,Gold,1712.800048828125,95.18728607252648
2022-09-01,Gold,1696.5999755859375,94.28698191434115
2022-09-02,Gold,1709.800048828125,95.02056383404164
2022-09-06,Gold,1700.4000244140625,94.49816613000006
2022-09-07,Gold,1715.300048828125,95.32622127126386
2022-09-08,Gold,1708.0,94.92052777737263
2022-09-09,Gold,1716.199951171875,95.3762325156531
2022-09-12,Gold,1728.0999755859375,96.03756541843205
2022-09-13,Gold,1705.0,94.75380553888778
2022-09-14,Gold,1696.5,94.28142586318071
2022-09-15,Gold,1665.4000244140625,92.55307334767686
2022-09-16,Gold,1671.699951171875,92.90318597812788
2022-09-19,Gold,1666.199951171875,92.59752854090566
2022-09-20,Gold,1659.699951171875,92.2362970241885
2022-09-21,Gold,1664.5999755859375,92.50861137050279
2022-09-22,Gold,1670.800048828125,92.85317473373863
2022-09-23,Gold,1645.300048828125,91.43603570661743
2022-09-26,Gold,1623.300048828125,90.21340595772855
2022-09-27,Gold,1626.699951171875,90.40235240085518
2022-09-28,Gold,1660.4000244140625,92.2752029502021
2022-09-29,Gold,1658.5,92.16961084237266
2022-09-30,Gold,1662.4000244140625,92.386351109192
2022-10-03,Gold,1692.9000244140625,94.08136053378794
2022-10-04,Gold,1721.0999755859375,95.6485468619674
2022-10-05,Gold,1711.4000244140625,95.1094810044445
2022-10-06,Gold,1711.699951171875,95.12614915792584
2022-10-07,Gold,1700.5,94.50372218116051
2022-10-10,Gold,1667.300048828125,92.65866545550631
2022-10-11,Gold,1678.699951171875,93.29220453459253
2022-10-12,Gold,1670.300048828125,92.82538769399116
2022-10-13,Gold,1670.0,92.80871275656457
2022-10-14,Gold,1641.699951171875,91.23596359327941
2022-10-17,Gold,1657.0,92.08624972313024
2022-10-18,Gold,1649.0,91.64165708717064
2022-10-19,Gold,1627.5,90.44681437802925
2022-10-20,Gold,1630.800048828125,90.63021155394068
2022-10-21,Gold,1651.0,91.75280524616053
2022-10-24,Gold,1648.699951171875,91.62498214974406
2022-10-25,Gold,1652.800048828125,91.85284130282955
2022-10-26,Gold,1664.0,92.47526827959489
2022-10-27,Gold,1660.699951171875,92.29187110368345
2022-10-28,Gold,1639.5999755859375,91.11925938312908
2022-10-31,Gold,1635.9000244140625,90.91363800257587
2022-11-01,Gold,1645.0,91.41936076919085
2022-11-02,Gold,1645.699951171875,91.4582599112592
2022-11-03,Gold,1627.300048828125,90.43570227570835
2022-11-04,Gold,1672.5,92.94764795530193
2022-11-07,Gold,1676.5,93.16994427328173
2022-11-08,Gold,1712.0999755859375,95.14838014651286
2022-11-09,Gold,1710.0999755859375,95.03723198752296
2022-11-10,Gold,1750.300048828125,97.27131405358706
2022-11-11,Gold,1766.0,98.14382438807966
2022-11-14,Gold,1773.5999755859375,98.56618603545222
2022-11-15,Gold,1773.800048828125,98.57730492171835
2022-11-16,Gold,1773.0,98.5328429445443
2022-11-17,Gold,1760.800048828125,97.85484188828403
2022-11-18,Gold,1751.9000244140625,97.36023122398993
2022-11-21,Gold,1737.4000244140625,96.55440707131318
2022-11-22,Gold,1738.300048828125,96.60442509964767
2022-11-23,Gold,1744.9000244140625,96.9712126675253
2022-11-25,Gold,1753.300048828125,97.4380362920719
2022-11-28,Gold,1740.0999755859375,96.70445437237143
2022-11-29,Gold,1748.4000244140625,97.16572194575761
2022-11-30,Gold,1746.0,97.03234279818068
2022-12-01,Gold,1801.0999755859375,100.0944732215633
2022-12-02,Gold,1795.9000244140625,99.80549072176768
2022-12-05,Gold,1767.4000244140625,98.22162945616164
2022-12-06,Gold,1769.300048828125,98.32722156399109
2022-12-07,Gold,1785.5,99.22751893823116
2022-12-08,Gold,1788.699951171875,99.4053532790369
2022-12-09,Gold,1798.0999755859375,99.92775098307847
2022-12-12,Gold,1780.5,98.94964854075641
2022-12-13,Gold,1813.9000244140625,100.80582415267676
2022-12-14,Gold,1807.5,100.45014868712003
2022-12-15,Gold,1777.199951171875,98.76625136484498
2022-12-16,Gold,1790.0,99.47760229595843
2022-12-19,Gold,1787.699951171875,99.34977919954194
2022-12-20,Gold,1815.9000244140625,100.91697231166665
2022-12-21,Gold,1815.9000244140625,100.91697231166665
2022-12-22,Gold,1787.0,99.31088005747358
2022-12-23,Gold,1795.9000244140625,99.80549072176768
2022-12-27,Gold,1814.800048828125,100.85584218101127
2022-12-28,Gold,1807.9000244140625,100.47237967570706
2022-12-29,Gold,1819.5,101.11703764105941
2022-12-30,Gold,1819.699951171875,101.12814974338032
2023-01-03,Gold,1839.699951171875,102.23963133327929
2023-01-04,Gold,1852.800048828125,102.96765720181934
2023-01-05,Gold,1834.800048828125,101.96732377091024
2023-01-06,Gold,1864.199951171875,103.60119628090554
2023-01-09,Gold,1872.699951171875,104.0735759566126
2023-01-10,Gold,1871.5999755859375,104.01244582595722
2023-01-11,Gold,1874.5999755859375,104.17916806444205
2023-01-12,Gold,1895.5,105.34066768267553
2023-01-13,Gold,1918.4000244140625,106.61331545989891
2023-01-17,Gold,1907.199951171875,105.99088169918834
2023-01-18,Gold,1904.4000244140625,105.83527834696962
2023-01-19,Gold,1922.0999755859375,106.81893684045211
2023-01-20,Gold,1926.4000244140625,107.05790809585851
2023-01-23,Gold,1927.0999755859375,107.09680723792687
2023-01-24,Gold,1933.9000244140625,107.47471369207062
2023-01-25,Gold,1941.199951171875,107.88040040201659
2023-01-26,Gold,1929.0999755859375,107.20795539691676
2023-01-27,Gold,1928.5999755859375,107.18016835716928
2023-01-30,Gold,1922.9000244140625,106.86339881762619
2023-01-31,Gold,1929.5,107.23018638550379
2023-02-01,Gold,1927.800048828125,107.13571316394048
2023-02-02,Gold,1916.300048828125,106.49661124974857
2023-02-03,Gold,1862.9000244140625,103.52895404792926
2023-02-06,Gold,1866.199951171875,103.71234443989543
2023-02-07,Gold,1871.699951171875,104.01800187711765
2023-02-08,Gold,1877.4000244140625,104.33477820060601
2023-02-09,Gold,1866.199951171875,103.71234443989543
2023-02-10,Gold,1862.800048828125,103.52339799676882
2023-02-13,Gold,1851.9000244140625,102.91763917348482
2023-02-14,Gold,1854.0,103.03434338363515
2023-02-15,Gold,1834.199951171875,101.93397389605707
2023-02-16,Gold,1842.0,102.36745442969577
2023-02-17,Gold,1840.4000244140625,102.2785372592929
2023-02-21,Gold,1833.0,101.86728771424123
2023-02-22,Gold,1832.0,101.81171363474628
2023-02-23,Gold,1818.0,101.033676521817
2023-02-24,Gold,1808.800048828125,100.52239770404157
2023-02-27,Gold,1817.0,100.97810244232205
2023-02-28,Gold,1828.9000244140625,101.63943534510098
2023-03-01,Gold,1837.699951171875,102.1284831742894
2023-03-02,Gold,1833.5,101.89507475398871
2023-03-03,Gold,1847.699951171875,102.68422396923889
2023-03-06,Gold,1847.9000244140625,102.69534285550502
2023-03-07,Gold,1813.9000244140625,100.80582415267676
2023-03-08,Gold,1812.699951171875,100.73913118691567
2023-03-09,Gold,1829.300048828125,101.66166633368803
2023-03-10,Gold,1862.0,103.47893601959474
2023-03-13,Gold,1911.699951171875,106.2409650569156
2023-03-14,Gold,1906.199951171875,105.93530761969339
2023-03-15,Gold,1926.5999755859375,107.06902019817939
2023-03-16,Gold,1919.0,106.64665855080683
2023-03-17,Gold,1969.800048828125,109.46982450272833
2023-03-20,Gold,1979.199951171875,109.99221542282464
2023-03-21,Gold,1938.0,107.70256606121087
2023-03-22,Gold,1946.800048828125,108.1916206743445
2023-03-23,Gold,1993.800048828125,110.80360241060711
2023-03-24,Gold,1982.0999755859375,110.15338161014905
2023-03-27,Gold,1952.4000244140625,108.50283416272717
2023-03-28,Gold,1972.4000244140625,109.61431575262614
2023-03-29,Gold,1966.0999755859375,109.26419633822988
2023-03-30,Gold,1980.300048828125,110.05335233742531
2023-03-31,Gold,1969.0,109.42536252555428
2023-04-03,Gold,1983.9000244140625,110.25341766681807
2023-04-04,Gold,2022.199951171875,112.38190084110747
2023-04-05,Gold,2020.9000244140625,112.30965860813117
2023-04-06,Gold,2011.9000244140625,111.80949189267663
2023-04-10,Gold,1989.0999755859375,110.5424001666137
2023-04-11,Gold,2004.800048828125,111.41491728505156
2023-04-12,Gold,2010.9000244140625,111.75391781318169
2023-04-13,Gold,2041.300048828125,113.44337118661718
2023-04-14,Gold,2002.199951171875,111.27041925120848
2023-04-17,Gold,1994.199951171875,110.82582661524889
2023-04-18,Gold,2007.4000244140625,111.55940853494937
2023-04-19,Gold,1995.199951171875,110.88140069474383
2023-04-20,Gold,2007.5999755859375,111.57052063727025
2023-04-21,Gold,1979.5,110.00889036025123
2023-04-24,Gold,1989.0999755859375,110.5424001666137
2023-04-25,Gold,1994.0,110.81471451292799
2023-04-26,Gold,1985.699951171875,110.35344693954181
2023-04-27,Gold,1989.9000244140625,110.58686214378774
2023-04-28,Gold,1990.0999755859375,110.59797424610865
2023-05-01,Gold,1983.4000244140625,110.22563062707059
2023-05-02,Gold,2014.300048828125,111.94287104025355
2023-05-03,Gold,2028.5999755859375,112.73757630666417
2023-05-04,Gold,2048.0,113.81571480565522
2023-05-05,Gold,2017.4000244140625,112.11514932989886
2023-05-08,Gold,2026.300048828125,112.60975999419294
2023-05-09,Gold,2036.199951171875,113.15993795403674
2023-05-10,Gold,2030.5,112.84316841449362
2023-05-11,Gold,2014.699951171875,111.96509524489532
2023-05-12,Gold,2014.5,111.95398314257446
2023-05-15,Gold,2018.0,112.14849242080678
2023-05-16,Gold,1988.4000244140625,110.50350102454533
2023-05-17,Gold,1980.699951171875,110.07557654206708
2023-05-18,Gold,1956.5,108.73068653186742
2023-05-19,Gold,1978.699951171875,109.96442838307718
2023-05-22,Gold,1974.800048828125,109.74769490020309
2023-05-23,Gold,1972.4000244140625,109.61431575262614
2023-05-24,Gold,1962.800048828125,109.08080594626368
2023-05-25,Gold,1943.0999755859375,107.98599250984604
2023-05-26,Gold,1944.0999755859375,108.04156658934099
2023-05-30,Gold,1958.0,108.81404765110985
2023-05-31,Gold,1963.9000244140625,109.1419360769191
2023-06-01,Gold,1978.0,109.92552924100882
2023-06-02,Gold,1952.4000244140625,108.50283416272717
2023-06-05,Gold,1958.0,108.81404765110985
2023-06-06,Gold,1965.5,109.23085324732196
2023-06-07,Gold,1942.699951171875,107.96376152125902
2023-06-08,Gold,1963.5999755859375,109.12526113949251
2023-06-09,Gold,1962.199951171875,109.04745607141054
2023-06-12,Gold,1955.300048828125,108.66400035005157
2023-06-13,Gold,1944.5999755859375,108.06935362908847
2023-06-14,Gold,1955.300048828125,108.66400035005157
2023-06-15,Gold,1957.800048828125,108.80293554878895
2023-06-16,Gold,1958.4000244140625,108.83627863969687
2023-06-20,Gold,1935.5,107.56363086247349
2023-06-21,Gold,1933.300048828125,107.4413706011627
2023-06-22,Gold,1912.699951171875,106.29653913641054
2023-06-23,Gold,1919.0999755859375,106.65221460196727
2023-06-26,Gold,1923.699951171875,106.90785401085499
2023-06-27,Gold,1914.0,106.36878815333208
2023-06-28,Gold,1912.300048828125,106.27431493176877
2023-06-29,Gold,1909.199951171875,106.10202985817823
2023-06-30,Gold,1921.0999755859375,106.76336276095716
2023-07-03,Gold,1921.699951171875,106.7967058518651
2023-07-05,Gold,1919.5999755859375,106.68000164171477
2023-07-06,Gold,1908.699951171875,106.07424281843076
2023-07-07,Gold,1926.199951171875,107.04678920959236
2023-07-10,Gold,1925.0,106.98010302777652
2023-07-11,Gold,1931.300048828125,107.33022244217281
2023-07-12,Gold,1956.199951171875,108.71401159444083
2023-07-13,Gold,1959.199951171875,108.88073383292567
2023-07-14,Gold,1960.0999755859375,108.93075186126018
2023-07-17,Gold,1952.4000244140625,108.50283416272717
2023-07-18,Gold,1977.199951171875,109.88106726383475
2023-07-19,Gold,1977.5,109.89774220126134
2023-07-20,Gold,1968.300048828125,109.3864633834859
2023-07-21,Gold,1964.300048828125,109.1641670655061
2023-07-24,Gold,1960.300048828125,108.94187074752632
2023-07-25,Gold,1962.0999755859375,109.04190002025007
2023-07-26,Gold,1968.9000244140625,109.41980647439382
2023-07-27,Gold,1945.4000244140625,108.11381560626255
2023-07-28,Gold,1960.4000244140625,108.94742679868676
2023-07-31,Gold,1970.5,109.50872364479669
2023-08-01,Gold,1940.699951171875,107.85261336226912
2023-08-02,Gold,1937.4000244140625,107.66922297030294
2023-08-03,Gold,1932.0,107.36912158424117
2023-08-04,Gold,1939.5999755859375,107.79148323161374
2023-08-07,Gold,1933.5,107.4524827034836
2023-08-08,Gold,1924.0999755859375,106.93008499944202
2023-08-09,Gold,1915.4000244140625,106.44659322141408
2023-08-10,Gold,1914.4000244140625,106.3910191419191
2023-08-11,Gold,1912.9000244140625,106.3076580226767
2023-08-14,Gold,1910.5999755859375,106.17983492626021
2023-08-15,Gold,1902.5,105.7296862391402
2023-08-16,Gold,1896.0999755859375,105.37401077358346
2023-08-17,Gold,1884.0999755859375,104.70712181964407
2023-08-18,Gold,1886.0999755859375,104.81826997863396
2023-08-21,Gold,1893.300048828125,105.21840742136474
2023-08-22,Gold,1896.4000244140625,105.39068571101005
2023-08-23,Gold,1918.5,106.61887151105935
2023-08-24,Gold,1918.199951171875,106.60219657363277
2023-08-25,Gold,1911.0999755859375,106.20762196600768
2023-08-28,Gold,1917.9000244140625,106.58552842015143
2023-08-29,Gold,1936.5,107.61920494196843
2023-08-30,Gold,1944.300048828125,108.05268547560713
2023-08-31,Gold,1938.199951171875,107.71367816353174
2023-09-01,Gold,1939.800048828125,107.80260211787987
2023-09-05,Gold,1926.199951171875,107.04678920959236
2023-09-06,Gold,1918.0999755859375,106.59664052247233
2023-09-07,Gold,1917.5,106.56329743156441
2023-09-08,Gold,1918.4000244140625,106.61331545989891
2023-09-11,Gold,1923.300048828125,106.88562980621322
2023-09-12,Gold,1911.300048828125,106.21874085227383
2023-09-13,Gold,1909.0999755859375,106.09647380701779
2023-09-14,Gold,1910.0,106.1464918353523
2023-09-15,Gold,1923.699951171875,106.90785401085499
2023-09-18,Gold,1931.5,107.34133454449368
2023-09-19,Gold,1932.0,107.36912158424117
2023-09-20,Gold,1945.5999755859375,108.12492770858341
2023-09-21,Gold,1919.199951171875,106.65777065312771
2023-09-22,Gold,1925.4000244140625,107.00233401636356
2023-09-25,Gold,1916.5999755859375,106.5132794032299
2023-09-26,Gold,1900.4000244140625,105.61298202898983
2023-09-27,Gold,1871.5999755859375,104.01244582595722
2023-09-28,Gold,1860.4000244140625,103.39001884919188
2023-09-29,Gold,1848.0999755859375,102.70645495782591
2023-10-02,Gold,1830.0,101.70056547575639
2023-10-03,Gold,1824.5999755859375,101.40046408969461
2023-10-04,Gold,1818.5,101.06146356156447
2023-10-05,Gold,1816.5999755859375,100.95587145373501
2023-10-06,Gold,1830.199951171875,101.71167757807726
2023-10-09,Gold,1849.5,102.78426002590788
2023-10-10,Gold,1861.0,103.4233619400998
2023-10-11,Gold,1872.800048828125,104.07913879171831
2023-10-12,Gold,1869.300048828125,103.88462951348598
2023-10-13,Gold,1927.4000244140625,107.11348217535345
2023-10-16,Gold,1921.0999755859375,106.76336276095716
2023-10-17,Gold,1922.699951171875,106.85227993136004
2023-10-18,Gold,1955.300048828125,108.66400035005157
2023-10-19,Gold,1968.4000244140625,109.39201943464636
2023-10-20,Gold,1982.5,110.17561259873607
2023-10-23,Gold,1976.300048828125,109.8310560194455
2023-10-24,Gold,1975.0,109.75880700252397
2023-10-25,Gold,1984.0999755859375,110.26452976913895
2023-10-26,Gold,1987.199951171875,110.43680805878424
2023-10-27,Gold,1988.5999755859375,110.51461312686621
2023-10-30,Gold,1996.199951171875,110.93697477423878
2023-10-31,Gold,1985.199951171875,110.32565989979435
2023-11-01,Gold,1978.800048828125,109.96999121818287
2023-11-02,Gold,1985.5999755859375,110.34789088838137
2023-11-03,Gold,1991.5,110.67577931419062
2023-11-06,Gold,1981.5999755859375,110.12559457040159
2023-11-07,Gold,1966.800048828125,109.30310226424349
2023-11-08,Gold,1951.5,108.45281613439266
2023-11-09,Gold,1964.199951171875,109.15860423040043
2023-11-10,Gold,1932.5999755859375,107.40246467514909
2023-11-13,Gold,1945.5,108.11937165742297
2023-11-14,Gold,1961.800048828125,109.02523186676873
2023-11-15,Gold,1960.0999755859375,108.93075186126018
2023-11-16,Gold,1983.9000244140625,110.25341766681807
2023-11-17,Gold,1981.5999755859375,110.12559457040159
2023-11-20,Gold,1977.699951171875,109.90885430358223
2023-11-21,Gold,1999.300048828125,111.10925984782934
2023-11-22,Gold,1991.4000244140625,110.67022326303018
2023-11-24,Gold,2002.199951171875,111.27041925120848
2023-11-27,Gold,2011.800048828125,111.80393584151618
2023-11-28,Gold,2039.699951171875,113.35444723226907
2023-11-29,Gold,2047.0999755859375,113.76569677732074
2023-11-30,Gold,2038.0999755859375,113.26553006186619
2023-12-01,Gold,2071.0,115.09391863403906
2023-12-04,Gold,2024.0999755859375,112.48749294893689
2023-12-05,Gold,2018.5,112.17627946055424
2023-12-06,Gold,2030.5,112.84316841449362
2023-12-07,Gold,2029.9000244140625,112.8098253235857
2023-12-08,Gold,1998.300048828125,111.05368576833436
2023-12-11,Gold,1978.0,109.92552924100882
2023-12-12,Gold,1977.800048828125,109.91441713868792
2023-12-13,Gold,1982.300048828125,110.1645004964152
2023-12-14,Gold,2030.199951171875,112.82649347706703
2023-12-15,Gold,2021.0999755859375,112.32077071045205
2023-12-18,Gold,2026.300048828125,112.60975999419294
2023-12-19,Gold,2038.4000244140625,113.28220499929277
2023-12-20,Gold,2034.5,113.06546473247343
2023-12-21,Gold,2039.0999755859375,113.32110414136113
2023-12-22,Gold,2057.10009765625,114.32144435621548
2023-12-26,Gold,2058.199951171875,114.38256770292561
2023-12-27,Gold,2081.89990234375,115.69967067337781
2023-12-28,Gold,2073.89990234375,115.25507803741822
2023-12-29,Gold,2062.39990234375,114.61597612322629
2024-01-02,Gold,2064.39990234375,114.72712428221618
2024-01-03,Gold,2034.199951171875,113.04878979504684
2024-01-04,Gold,2042.300048828125,113.49894526611213
2024-01-05,Gold,2042.4000244140625,113.50450131727257
2024-01-08,Gold,2026.5999755859375,112.62642814767428
2024-01-09,Gold,2026.4000244140625,112.6153160453534
2024-01-10,Gold,2021.699951171875,112.35411380135997
2024-01-11,Gold,2014.300048828125,111.94287104025355
2024-01-12,Gold,2046.699951171875,113.74346578873369
2024-01-16,Gold,2026.0,112.59308505676636
2024-01-17,Gold,2002.5999755859375,111.2926502397955
2024-01-18,Gold,2018.5999755859375,112.18183551171468
2024-01-19,Gold,2026.5,112.62087209651384
2024-01-22,Gold,2019.800048828125,112.24852847747577
2024-01-23,Gold,2023.699951171875,112.46526196034988
2024-01-24,Gold,2013.9000244140625,111.92064005166654
2024-01-25,Gold,2016.9000244140625,112.08736229015138
2024-01-26,Gold,2016.800048828125,112.08180623899094
2024-01-29,Gold,2025.199951171875,112.5486230795923
2024-01-30,Gold,2031.5,112.89874249398856
2024-01-31,Gold,2048.39990234375,113.83793901029702
2024-02-01,Gold,2053.0,114.09358520312998
2024-02-02,Gold,2036.0999755859375,113.1543819028763
2024-02-05,Gold,2025.699951171875,112.57641011933977
2024-02-06,Gold,2034.5,113.06546473247343
2024-02-07,Gold,2035.199951171875,113.10436387454179
2024-02-08,Gold,2032.199951171875,112.93764163605695
2024-02-09,Gold,2023.300048828125,112.4430377557081
2024-02-12,Gold,2018.199951171875,112.15960452312765
2024-02-13,Gold,1992.9000244140625,110.7535843822726
2024-02-14,Gold,1990.300048828125,110.6090931323748
2024-02-15,Gold,2002.0999755859375,111.26486320004803
2024-02-16,Gold,2011.5,111.78726090408959
2024-02-20,Gold,2027.5,112.67644617600878
2024-02-21,Gold,2022.300048828125,112.38746367621314
2024-02-22,Gold,2019.699951171875,112.24296564237008
2024-02-23,Gold,2038.5999755859375,113.29331710161365
2024-02-26,Gold,2028.5,112.73202025550373
2024-02-27,Gold,2034.0,113.03767769272595
2024-02-28,Gold,2033.0,112.982103613231
2024-02-29,Gold,2045.699951171875,113.68789170923874
2024-03-01,Gold,2086.89990234375,115.97754107085254
2024-03-04,Gold,2117.699951171875,117.68922543287508
2024-03-05,Gold,2133.5,118.56729860247334
2024-03-06,Gold,2150.300048828125,119.50094585156661
2024-03-07,Gold,2158.0,119.92886355009959
2024-03-08,Gold,2178.60009765625,121.07369501485175
2024-03-11,Gold,2182.5,121.29042849772584
2024-03-12,Gold,2160.39990234375,120.06223591373129
2024-03-13,Gold,2175.39990234375,120.89584710615551
2024-03-14,Gold,2163.0,120.20673394757435
2024-03-15,Gold,2157.300048828125,119.88996440803123
2024-03-18,Gold,2160.699951171875,120.07891085115787
2024-03-19,Gold,2156.300048828125,119.83439032853629
2024-03-20,Gold,2157.89990234375,119.92330071499391
2024-03-21,Gold,2182.39990234375,121.28486566262015
2024-03-22,Gold,2158.10009765625,119.93442638520531
2024-03-25,Gold,2174.800048828125,120.86251079919286
2024-03-26,Gold,2175.60009765625,120.9069727763669
2024-03-27,Gold,2190.60009765625,121.74058396879113
2024-03-28,Gold,2217.39990234375,123.22995844494335
2024-04-01,Gold,2236.5,124.2914287904531
2024-04-02,Gold,2261.0,125.65299373807935
2024-04-03,Gold,2294.39990234375,127.50916256605443
2024-04-04,Gold,2288.800048828125,127.19795586161702
2024-04-05,Gold,2325.699951171875,129.24863396782442
2024-04-08,Gold,2331.699951171875,129.58207844479412
2024-04-09,Gold,2343.5,130.23785529641262
2024-04-10,Gold,2329.60009765625,129.46538101858903
2024-04-11,Gold,2354.800048828125,130.86584510828362
2024-04-12,Gold,2356.199951171875,130.94364339242037
2024-04-15,Gold,2365.800048828125,131.47715998272807
2024-04-16,Gold,2390.800048828125,132.86651197010178
2024-04-17,Gold,2371.699951171875,131.8050416245921
2024-04-18,Gold,2382.300048828125,132.39413229439475
2024-04-19,Gold,2398.39990234375,133.28886683352908
2024-04-22,Gold,2332.199951171875,129.6098654845416
2024-04-23,Gold,2327.699951171875,129.3597821268143
2024-04-24,Gold,2324.5,129.18194778600858
2024-04-25,Gold,2329.800048828125,129.4764931209099
2024-04-26,Gold,2334.800048828125,129.75436351838465
2024-04-29,Gold,2345.39990234375,130.3434406202968
2024-04-30,Gold,2291.39990234375,127.34244032756959
2024-05-01,Gold,2299.89990234375,127.81482000327664
2024-05-02,Gold,2299.199951171875,127.77592086120828
2024-05-03,Gold,2299.0,127.76480875888738
2024-05-06,Gold,2321.60009765625,129.02078838262946
2024-05-07,Gold,2315.199951171875,128.66510613312747
2024-05-08,Gold,2313.60009765625,128.57619574666984
2024-05-09,Gold,2332.10009765625,129.60431621732639
2024-05-10,Gold,2367.300048828125,131.5605211019705
2024-05-13,Gold,2336.10009765625,129.8266125353062
2024-05-14,Gold,2353.39990234375,130.7880332562564
2024-05-15,Gold,2388.699951171875,132.74980097600618
2024-05-16,Gold,2380.0,132.26630919797825
2024-05-17,Gold,2412.199951171875,134.0557918441375
2024-05-20,Gold,2433.89990234375,135.2617466555998
2024-05-21,Gold,2421.699951171875,134.58374559933952
2024-05-22,Gold,2389.199951171875,132.77758801575368
2024-05-23,Gold,2335.0,129.76547562070556
2024-05-24,Gold,2332.5,129.62654042196817
2024-05-28,Gold,2355.199951171875,130.88806931292544
2024-05-29,Gold,2340.300048828125,130.06002095560686
2024-05-30,Gold,2342.89990234375,130.20450542155945
2024-05-31,Gold,2322.89990234375,129.09302383166045
2024-06-03,Gold,2346.60009765625,130.41014037000315
2024-06-04,Gold,2325.5,129.23752186550354
2024-06-05,Gold,2354.10009765625,130.82694596621528
2024-06-06,Gold,2370.300048828125,131.72724334045535
2024-06-07,Gold,2305.199951171875,128.10936533817798
2024-06-10,Gold,2307.699951171875,128.24830053691534
2024-06-11,Gold,2307.5,128.23718843459446
2024-06-12,Gold,2336.0,129.8210497002005
2024-06-13,Gold,2300.199951171875,127.83149494070322
2024-06-14,Gold,2331.39990234375,129.56540350736753
2024-06-17,Gold,2312.39990234375,128.5094959969635
2024-06-18,Gold,2330.39990234375,129.5098294278726
2024-06-20,Gold,2353.800048828125,130.8102710287887
2024-06-21,Gold,2316.39990234375,128.7317923149433
2024-06-24,Gold,2330.0,129.48760522323082
2024-06-25,Gold,2316.60009765625,128.7429179851547
2024-06-26,Gold,2299.199951171875,127.77592086120828
2024-06-27,Gold,2324.5,129.18194778600858
2024-06-28,Gold,2327.699951171875,129.3597821268143
2024-07-01,Gold,2327.60009765625,129.35423285959914
2024-07-02,Gold,2323.0,129.09858666676618
2024-07-03,Gold,2359.800048828125,131.1437155057584
2024-07-05,Gold,2388.5,132.7386888736853
2024-07-08,Gold,2355.199951171875,130.88806931292544
2024-07-09,Gold,2360.10009765625,131.16039044318498
2024-07-10,Gold,2372.199951171875,131.83282866433953
2024-07-11,Gold,2415.0,134.21140198030145
2024-07-12,Gold,2414.0,134.1558279008065
2024-07-15,Gold,2422.89990234375,134.65043178115533
2024-07-16,Gold,2462.39990234375,136.84560792120584
2024-07-17,Gold,2454.800048828125,136.4232530577785
2024-07-18,Gold,2451.800048828125,136.2565308192937
2024-07-19,Gold,2395.5,133.12770743014997
2024-07-22,Gold,2392.0,132.93319815191765
2024-07-23,Gold,2404.60009765625,133.6334369807102
2024-07-24,Gold,2413.300048828125,134.11692875873814
2024-07-25,Gold,2351.89990234375,130.70467213701397
2024-07-26,Gold,2380.0,132.26630919797825
2024-07-29,Gold,2377.300048828125,132.11626189691998
2024-07-30,Gold,2405.0,133.65566118535196
2024-07-31,Gold,2426.5,134.8505038944934
2024-08-01,Gold,2435.0,135.32288357020045
2024-08-02,Gold,2425.699951171875,134.8060419173193
2024-08-05,Gold,2401.699951171875,133.47226400944055
2024-08-06,Gold,2389.10009765625,132.77203874853848
2024-08-07,Gold,2390.5,132.84983703267523
2024-08-08,Gold,2422.199951171875,134.611532639087
2024-08-09,Gold,2432.10009765625,135.16172416682127
2024-08-12,Gold,2462.39990234375,136.84560792120584
2024-08-13,Gold,2466.699951171875,137.0845791766122
2024-08-14,Gold,2439.39990234375,135.56740409282202
2024-08-15,Gold,2453.10009765625,136.3287798362152
2024-08-16,Gold,2498.60009765625,138.85740045323539
2024-08-19,Gold,2501.800048828125,139.03523479404112
2024-08-20,Gold,2511.300048828125,139.56318854924314
2024-08-21,Gold,2508.39990234375,139.40201557797346
2024-08-22,Gold,2478.89990234375,137.7625802328725
2024-08-23,Gold,2508.39990234375,139.40201557797346
2024-08-26,Gold,2517.699951171875,139.9188572308546
2024-08-27,Gold,2516.0,139.8243840092913
2024-08-28,Gold,2501.0,138.99077281686706
2024-08-29,Gold,2525.699951171875,140.3634498668142
2024-08-30,Gold,2493.800048828125,138.59064215808152
2024-09-03,Gold,2489.89990234375,138.3738951073169
2024-09-04,Gold,2493.39990234375,138.56840438554926
2024-09-05,Gold,2511.39990234375,139.56873781645834
2024-09-06,Gold,2493.5,138.57396722065494
2024-09-09,Gold,2501.800048828125,139.03523479404112
2024-09-10,Gold,2512.300048828125,139.6187626287381
2024-09-11,Gold,2512.10009765625,139.6076505264172
2024-09-12,Gold,2551.199951171875,141.7805888939354
2024-09-13,Gold,2581.300048828125,143.45337411388954
2024-09-16,Gold,2580.39990234375,143.4033493016098
2024-09-17,Gold,2564.300048828125,142.50861476247542
2024-09-18,Gold,2570.699951171875,142.8642834440869
2024-09-19,Gold,2588.0,143.82571773292761
2024-09-20,Gold,2619.89990234375,145.59852544166029
2024-09-23,Gold,2626.5,145.96531979348313
2024-09-24,Gold,2651.199951171875,147.33799684343026
2024-09-25,Gold,2659.199951171875,147.78258947938986
2024-09-26,Gold,2669.89990234375,148.37722941640772
2024-09-27,Gold,2644.300048828125,146.95454112207133
2024-09-30,Gold,2636.10009765625,146.49883638379083
2024-10-01,Gold,2667.300048828125,148.23274495045516
2024-10-02,Gold,2647.10009765625,147.11015125823528
2024-10-03,Gold,2657.10009765625,147.66589205318476
2024-10-04,Gold,2645.800048828125,147.03790224131376
2024-10-07,Gold,2644.800048828125,146.9823281618188
2024-10-08,Gold,2615.0,145.32621787929122
2024-10-09,Gold,2606.0,144.8260511638367
2024-10-10,Gold,2620.60009765625,145.63743815161914
2024-10-11,Gold,2657.60009765625,147.69367909293226
2024-10-14,Gold,2647.800048828125,147.14905040030365
2024-10-15,Gold,2661.39990234375,147.90484974070066
2024-10-16,Gold,2674.0,148.6050885694932
2024-10-17,Gold,2691.0,149.54984792090733
2024-10-18,Gold,2713.699951171875,150.8113768118646
2024-10-21,Gold,2723.10009765625,151.3337812998514
2024-10-22,Gold,2744.199951171875,152.50638623646051
2024-10-23,Gold,2714.39990234375,150.85027595393294
2024-10-24,Gold,2734.89990234375,151.98954458357937
2024-10-25,Gold,2740.89990234375,152.32298906054908
2024-10-28,Gold,2742.89990234375,152.43413721953897
2024-10-29,Gold,2768.39990234375,153.85127624666018
2024-10-30,Gold,2788.5,154.96832067166486
2024-10-31,Gold,2738.300048828125,152.17850459459652
2024-11-01,Gold,2738.60009765625,152.1951795320231
2024-11-04,Gold,2736.10009765625,152.05624433328572
2024-11-05,Gold,2740.300048828125,152.2896527535864
2024-11-06,Gold,2667.60009765625,148.24941988788174
2024-11-07,Gold,2698.39990234375,149.96109068201375
2024-11-08,Gold,2687.5,149.35533864267504
2024-11-11,Gold,2611.199951171875,145.11503366363232
2024-11-12,Gold,2600.0,144.492606686867
2024-11-13,Gold,2580.800048828125,143.42558707414207
2024-11-14,Gold,2568.199951171875,142.72534824534952
2024-11-15,Gold,2565.699951171875,142.58641304661214
2024-11-18,Gold,2610.60009765625,145.08169735666965
2024-11-19,Gold,2627.10009765625,145.9986696683363
2024-11-20,Gold,2648.199951171875,147.17127460494544
2024-11-21,Gold,2672.10009765625,148.49950324560902
2024-11-22,Gold,2709.89990234375,150.60019259620566
2024-11-25,Gold,2616.800048828125,145.42625393596023
2024-11-26,Gold,2620.300048828125,145.62076321419255
2024-11-27,Gold,2639.89990234375,146.71000703155926
2024-11-29,Gold,2657.0,147.66032921807908
2024-12-02,Gold,2634.89990234375,146.4321366340845
2024-12-03,Gold,2644.699951171875,146.97676532671312
2024-12-04,Gold,2653.800048828125,147.48249487727335
2024-12-05,Gold,2626.60009765625,145.97088262858884
2024-12-06,Gold,2638.60009765625,146.63777158252822
2024-12-09,Gold,2664.89990234375,148.09935901893297
2024-12-10,Gold,2697.60009765625,149.9166422727302
2024-12-11,Gold,2733.800048828125,151.92842123686924
2024-12-12,Gold,2687.5,149.35533864267504
2024-12-13,Gold,2656.0,147.60475513858412
2024-12-16,Gold,2651.39990234375,147.34910894575117
2024-12-17,Gold,2644.39990234375,146.96009038928653
2024-12-18,Gold,2636.5,146.52106058843262
2024-12-19,Gold,2592.199951171875,144.05912615322828
2024-12-20,Gold,2628.699951171875,146.08758005479393
2024-12-23,Gold,2612.300048828125,145.17617057823296
2024-12-24,Gold,2620.0,145.60408827676596
2024-12-26,Gold,2638.800048828125,146.64888368484912
2024-12-27,Gold,2617.199951171875,145.44847814060202
2024-12-30,Gold,2606.10009765625,144.83161399894237
2024-12-31,Gold,2629.199951171875,146.1153670945414
2025-01-02,Gold,2658.89990234375,147.7659145419633
2025-01-03,Gold,2645.0,146.9934402641397
2025-01-06,Gold,2638.39990234375,146.62664591231683
2025-01-07,Gold,2656.699951171875,147.6436542806525
2025-01-08,Gold,2664.5,148.07713481429118
2025-01-09,Gold,2683.800048828125,149.1497172621218
2025-01-10,Gold,2708.5,150.52239431206894
2025-01-13,Gold,2673.5,148.57730152974574
2025-01-14,Gold,2677.5,148.79959784772555
2025-01-15,Gold,2712.5,150.74469063004875
2025-01-16,Gold,2746.39990234375,152.6286464977713
2025-01-17,Gold,2744.300048828125,152.51194907156622
2025-01-21,Gold,2755.0,153.10658900858408
2025-01-22,Gold,2767.60009765625,153.80682783737663
2025-01-23,Gold,2763.10009765625,153.55674447964935
2025-01-24,Gold,2777.300048828125,154.34589369489953
2025-01-27,Gold,2737.5,152.13404261742247
2025-01-28,Gold,2766.800048828125,153.76236586020255
2025-01-29,Gold,2769.10009765625,153.89018895661903
2025-01-30,Gold,2823.0,156.88562641424056
2025-01-31,Gold,2812.5,156.3020985795436
2025-02-03,Gold,2833.89990234375,157.49137845357933
2025-02-04,Gold,2853.300048828125,158.56952373651563
2025-02-05,Gold,2871.60009765625,159.5865321048513
2025-02-06,Gold,2856.0,158.7195710375739
2025-02-07,Gold,2867.300048828125,159.34756084944493
2025-02-10,Gold,2914.300048828125,161.9595425857075
2025-02-11,Gold,2912.5,161.8595065290385
2025-02-12,Gold,2909.0,161.66499725080618
2025-02-13,Gold,2925.89990234375,162.60419376711462
2025-02-14,Gold,2883.60009765625,160.25342105879068
2025-02-18,Gold,2931.60009765625,162.92097687454822
2025-02-19,Gold,2919.39990234375,162.24296225039745
2025-02-20,Gold,2940.0,163.3877937151496
2025-02-21,Gold,2937.60009765625,163.25442135151792
2025-02-24,Gold,2947.89990234375,163.82682351600351
2025-02-25,Gold,2904.5,161.4149138930789
2025-02-26,Gold,2916.800048828125,162.0984777844449
2025-02-27,Gold,2883.199951171875,160.2311832862584
2025-02-28,Gold,2836.800048828125,157.65255142484898
2025-03-03,Gold,2890.199951171875,160.62020184272305
2025-03-04,Gold,2909.60009765625,161.69834712565935
2025-03-05,Gold,2915.300048828125,162.01511666520247
2025-03-06,Gold,2916.60009765625,162.08736568212402
2025-03-07,Gold,2904.699951171875,161.4260259953998
2025-03-10,Gold,2891.0,160.6646638198971
2025-03-11,Gold,2912.89990234375,161.88173073368029
2025-03-12,Gold,2939.10009765625,163.33778247076035
2025-03-13,Gold,2984.300048828125,165.84972815035394
2025-03-14,Gold,2994.5,166.4165810476243
2025-03-17,Gold,3000.0,166.72223848484654
2025-03-18,Gold,3035.10009765625,168.67289410227545
2025-03-19,Gold,3035.89990234375,168.717342511559
2025-03-20,Gold,3040.0,168.9452016646445
2025-03-21,Gold,3018.199951171875,167.7336840180765
2025-03-24,Gold,3013.10009765625,167.45026435338656
2025-03-25,Gold,3023.699951171875,168.03934145529874
2025-03-26,Gold,3020.89990234375,167.88373131913477
2025-03-27,Gold,3060.199951171875,170.06779535686437
2025-03-28,Gold,3086.5,171.5293963611596
2025-03-31,Gold,3122.800048828125,173.54673816040435
2025-04-01,Gold,3118.89990234375,173.32999110963976
2025-04-02,Gold,3139.89990234375,174.4970467790337
2025-04-03,Gold,3097.0,172.11292419585658
2025-04-04,Gold,3012.0,167.38912743878592
2025-04-07,Gold,2951.300048828125,164.01578352702063
2025-04-08,Gold,2968.39990234375,164.96609214564995
2025-04-09,Gold,3056.5,169.86217397631114
2025-04-10,Gold,3155.199951171875,175.34733290888448
2025-04-11,Gold,3222.199951171875,179.07079623504606
2025-04-14,Gold,3204.800048828125,178.10381267899015
2025-04-15,Gold,3218.699951171875,178.87628695681374
2025-04-16,Gold,3326.60009765625,184.87273827505302
2025-04-17,Gold,3308.699951171875,183.87795411135914
2025-04-21,Gold,3406.199951171875,189.29642686211665
2025-04-22,Gold,3400.800048828125,188.99633226000012
2025-04-23,Gold,3276.300048828125,182.07735936287898
2025-04-24,Gold,3332.0,185.17283287716955
2025-04-25,Gold,3282.39990234375,182.41635310706388
2025-04-28,Gold,3332.5,185.20061991691702
2025-04-29,Gold,3318.800048828125,184.4392577414143
2025-04-30,Gold,3305.0,183.67233273080592
2025-05-01,Gold,3210.0,178.3927951787858
2025-05-02,Gold,3231.89990234375,179.60986209256896
2025-05-05,Gold,3311.300048828125,184.0224521452022
2025-05-06,Gold,3411.39990234375,189.58540936191227
2025-05-07,Gold,3381.39990234375,187.9181869770638
2025-05-08,Gold,3296.60009765625,183.20551589020454
2025-05-09,Gold,3335.39990234375,185.3617793202962
2025-05-12,Gold,3220.0,178.9485359737353
2025-05-13,Gold,3240.300048828125,180.07669250106085
2025-05-14,Gold,3181.39990234375,176.80337107807404
2025-05-15,Gold,3220.699951171875,178.98743511580363
2025-05-16,Gold,3182.0,176.8367209529272
2025-05-19,Gold,3228.89990234375,179.44313985408414
2025-05-20,Gold,3280.300048828125,182.2996556808588
2025-05-21,Gold,3309.300048828125,183.91130398621232
2025-05-22,Gold,3292.300048828125,182.96654463479817
2025-05-23,Gold,3363.60009765625,186.92897921636614
2025-05-27,Gold,3299.10009765625,183.34445108894192
2025-05-28,Gold,3293.60009765625,183.03879365171971
2025-05-29,Gold,3317.10009765625,184.344784519851
2025-05-30,Gold,3288.89990234375,182.77758462378105
2025-06-02,Gold,3370.60009765625,187.31799777283078
2025-06-03,Gold,3350.199951171875,186.18427841039951
2025-06-04,Gold,3373.5,187.47915717620992
2025-06-05,Gold,3350.699951171875,186.21206545014698
2025-06-06,Gold,3322.699951171875,184.6559912242884
2025-06-09,Gold,3332.10009765625,185.17839571227523
2025-06-10,Gold,3320.89990234375,184.55595516761943
2025-06-11,Gold,3321.300048828125,184.5781929401517
2025-06-12,Gold,3380.89990234375,187.89039993731635
2025-06-13,Gold,3431.199951171875,190.6857788494904
2025-06-16,Gold,3396.39990234375,188.75179816948807
2025-06-17,Gold,3386.60009765625,188.20718304474994
2025-06-18,Gold,3389.800048828125,188.3850173855557
2025-06-20,Gold,3368.10009765625,187.1790625740934
2025-06-23,Gold,3377.699951171875,187.71256559651061
2025-06-24,Gold,3317.39990234375,184.36144588938708
2025-06-25,Gold,3327.10009765625,184.9005253148005
2025-06-26,Gold,3333.5,185.25619399641198
2025-06-27,Gold,3273.699951171875,181.93286132903592
2025-06-30,Gold,3294.39990234375,183.0832420610033
2025-07-01,Gold,3336.699951171875,185.4340283372177
2025-07-02,Gold,3348.0,186.06201814908874
2025-07-03,Gold,3331.60009765625,185.15060867252777
2025-07-04,Gold,3332.5,185.20061991691702
2025-07-07,Gold,3332.199951171875,185.18394497949043
2025-07-08,Gold,3307.0,183.78348088979584
2025-07-09,Gold,3311.60009765625,184.0391270826288
2025-07-10,Gold,3317.39990234375,184.36144588938708
2025-07-11,Gold,3356.0,186.5066107850483
2025-07-14,Gold,3351.5,186.25652742732106
2025-07-15,Gold,3329.800048828125,185.05057261585875
2025-07-16,Gold,3352.5,186.31210150681602
2025-07-17,Gold,3340.10009765625,185.62298834823483
2025-07-18,Gold,3353.0,186.33988854656346
2025-07-21,Gold,3401.89990234375,189.05745560671028
2025-07-22,Gold,3439.199951171875,191.13037148544996
2025-07-23,Gold,3394.10009765625,188.62398864096207
2025-07-24,Gold,3371.0,187.34022197747257
2025-07-25,Gold,3334.0,185.28398103615945
2025-07-28,Gold,3309.10009765625,183.9001918838914
2025-07-29,Gold,3323.39990234375,184.6948903663568
2025-07-30,Gold,3295.800048828125,183.1610539130305
2025-07-31,Gold,3293.199951171875,183.01655587918745
2025-08-01,Gold,3347.699951171875,186.04534321166216
2025-08-04,Gold,3374.39990234375,187.52916842059918
2025-08-05,Gold,3381.89990234375,187.9459740168113
2025-08-06,Gold,3380.0,187.8403886929271
2025-08-07,Gold,3400.300048828125,188.96854522025265
2025-08-08,Gold,3439.10009765625,191.12482221823478
2025-08-11,Gold,3353.10009765625,186.3454513816692
2025-08-12,Gold,3348.89990234375,186.11202939347797
2025-08-13,Gold,3358.699951171875,186.65665808610657
2025-08-14,Gold,3335.199951171875,185.35066721797529
2025-08-15,Gold,3336.0,185.39512919514934
2025-08-18,Gold,3331.699951171875,185.15615793974297
2025-08-19,Gold,3313.39990234375,184.1391495714073
2025-08-20,Gold,3343.39990234375,185.80637195625576
2025-08-21,Gold,3336.89990234375,185.4451404395386
2025-08-22,Gold,3374.39990234375,187.52916842059918
2025-08-25,Gold,3373.800048828125,187.4958321136365
2025-08-26,Gold,3388.60009765625,188.31833120373986
2025-08-27,Gold,3404.60009765625,189.20751647565902
2025-08-28,Gold,3431.800048828125,190.71912872434353
2025-08-29,Gold,3473.699951171875,193.0476772280257
2025-09-02,Gold,3549.39990234375,197.25463233221524
2025-09-03,Gold,3593.199951171875,199.68877972767208
2025-09-04,Gold,3565.800048828125,198.1660553766667
2025-09-05,Gold,3613.199951171875,200.80026131757106
2025-09-08,Gold,3638.10009765625,202.18406403772957
2025-09-09,Gold,3643.300048828125,202.4730465375252
2025-09-10,Gold,3643.60009765625,202.48972147495178
2025-09-11,Gold,3636.89990234375,202.11736428802328
2025-09-12,Gold,3649.39990234375,202.8120402817101
2025-09-15,Gold,3682.199951171875,204.63487280272253
2025-09-16,Gold,3688.89990234375,205.00721642176057
2025-09-17,Gold,3681.800048828125,204.61264859808077
2025-09-18,Gold,3643.699951171875,202.495270742167
2025-09-19,Gold,3671.5,204.04023286570467
2025-09-22,Gold,3740.699951171875,207.88595645317702
2025-09-23,Gold,3780.60009765625,210.10337036575982
2025-09-24,Gold,3732.10009765625,207.40802751025478
2025-09-25,Gold,3736.89990234375,207.6747722375181
2025-09-26,Gold,3775.300048828125,209.80882503085846
2025-09-29,Gold,3820.89990234375,212.34299491509384
2025-09-30,Gold,3840.800048828125,213.4489272377776
2025-10-01,Gold,3867.5,214.93275244671466
2025-10-02,Gold,3839.699951171875,213.38779032317697
2025-10-03,Gold,3880.800048828125,215.67189041757558
2025-10-06,Gold,3948.5,219.4342528858055
2025-10-07,Gold,3976.60009765625,220.99588994676975
2025-10-08,Gold,4043.300048828125,224.70267833550474
2025-10-09,Gold,3946.300048828125,219.31199262449474
2025-10-10,Gold,3975.89990234375,220.95697723681093
2025-10-13,Gold,4108.60009765625,228.33166844010302
2025-10-14,Gold,4138.7001953125,230.00445366005718
2025-10-15,Gold,4176.89990234375,232.1273672152956
2025-10-16,Gold,4280.2001953125,237.86818590859244
2025-10-17,Gold,4189.89990234375,232.84983024872994
2025-10-20,Gold,4336.39990234375,240.99143289473997
2025-10-21,Gold,4087.699951171875,227.17016203792429
2025-10-22,Gold,4044.39990234375,224.76380168221493
2025-10-23,Gold,4125.5,229.27086495641146
2025-10-24,Gold,4118.39990234375,228.87628356484112
2025-10-27,Gold,4001.89990234375,222.40190330367957
2025-10-28,Gold,3966.199951171875,220.417911379288
2025-10-29,Gold,3983.699951171875,221.39045777044961
2025-10-30,Gold,4001.300048828125,222.3685669967169
2025-10-31,Gold,3982.199951171875,221.3070966512072
2025-11-03,Gold,4000.300048828125,222.31299291722198
2025-11-04,Gold,3947.699951171875,219.38979090863145
2025-11-05,Gold,3980.300048828125,221.201511327323
2025-11-06,Gold,3979.89990234375,221.1792735547907
2025-11-07,Gold,3999.39990234375,222.26296810494222
2025-11-10,Gold,4111.7998046875,228.50948921301827
2025-11-11,Gold,4106.7998046875,228.2316188155435
2025-11-12,Gold,4204.39990234375,233.6556544014067
2025-11-13,Gold,4186.89990234375,232.68310801024512
2025-11-14,Gold,4087.60009765625,227.16461277070908
2025-11-17,Gold,4068.300048828125,226.0920303228785
2025-11-18,Gold,4061.300048828125,225.70301176641382
2025-11-19,Gold,4077.699951171875,226.61442124297483
2025-11-20,Gold,4056.5,225.43625347126
2025-11-21,Gold,4076.699951171875,226.55884716347984
2025-11-24,Gold,4091.89990234375,227.40357045822498
2025-11-25,Gold,4139.2001953125,230.03224069980465
2025-11-26,Gold,4165.2001953125,231.47716676667335
2025-11-28,Gold,4218.2998046875,234.4281286792303
2025-12-01,Gold,4239.2998046875,235.59518434862423
2025-12-02,Gold,4186.60009765625,232.66644664070904
2025-12-03,Gold,4199.2998046875,233.3722211688263
2025-12-04,Gold,4211.7998046875,234.06689716251316
2025-12-05,Gold,4212.89990234375,234.12803407711377
2025-12-08,Gold,4187.2001953125,232.6997965155622
2025-12-09,Gold,4206.7001953125,233.78349106571372
2025-12-10,Gold,4196.39990234375,233.2110617654471
2025-12-11,Gold,4285.5,238.1627176756033
2025-12-12,Gold,4300.10009765625,238.9741046633857
2025-12-15,Gold,4306.7001953125,239.3408990152086
2025-12-16,Gold,4304.5,239.2186251860073
2025-12-17,Gold,4347.5,241.60831060429012
2025-12-18,Gold,4339.5,241.1637179683305
2025-12-19,Gold,4361.39990234375,242.3807848821137
2025-12-22,Gold,4444.60009765625,247.00455915040584
2025-12-23,Gold,4482.7998046875,249.1274727056443
2025-12-24,Gold,4480.60009765625,249.005226012224
2025-12-26,Gold,4529.10009765625,251.700568867729
2025-12-29,Gold,4325.10009765625,240.36345665075945
2025-12-30,Gold,4370.10009765625,242.86429022803216
2025-12-31,Gold,4325.60009765625,240.3912436905069
2026-01-02,Gold,4314.39990234375,239.7688031458511
2026-01-05,Gold,4436.89990234375,246.57662788398233
2026-01-06,Gold,4482.2001953125,249.0941499665721
2026-01-07,Gold,4449.2998046875,247.26574104256346
2026-01-08,Gold,4449.7001953125,247.28799238298626
2026-01-09,Gold,4490.2998046875,249.5442783018564
2026-01-12,Gold,4604.2998046875,255.87972336428058
2026-01-13,Gold,4589.2001953125,255.04057647253165
2026-01-14,Gold,4626.2998046875,257.10235311316944
2026-01-15,Gold,4616.2998046875,256.54661231821996
2026-01-16,Gold,4588.39990234375,254.9961009274671
2026-01-20,Gold,4759.60009765625,264.51039419131473
2026-01-21,Gold,4831.7998046875,268.52282644938145
2026-01-22,Gold,4908.7998046875,272.8020305704925
2026-01-23,Gold,4976.2001953125,276.54774523707687
2026-01-26,Gold,5079.7001953125,282.29966246480404
2026-01-27,Gold,5079.89990234375,282.31076099923445
2026-01-28,Gold,5301.60009765625,294.631545277577
2026-01-29,Gold,5318.39990234375,295.5651789587797
2026-01-30,Gold,4713.89990234375,261.9706479040832
2026-02-02,Gold,4622.5,256.891182465401
2026-02-03,Gold,4903.7001953125,272.5186244736931
2026-02-04,Gold,4920.39990234375,273.4466953197901
2026-02-05,Gold,4861.39990234375,270.16782462958815
2026-02-06,Gold,4951.2001953125,275.1583932497031
2026-02-09,Gold,5050.89990234375,280.6991126938809
2026-02-10,Gold,5003.7998046875,278.08156812251264
2026-02-11,Gold,5071.60009765625,281.8495069937387
2026-02-12,Gold,4923.7001953125,273.63010606359205
2026-02-13,Gold,5022.0,279.09302722363304
2026-02-17,Gold,4882.89990234375,271.36266733872947
2026-02-18,Gold,4986.5,277.1201474015624
2026-02-19,Gold,4975.89990234375,276.53105673175975
2026-02-20,Gold,5059.2998046875,281.1659295344823
2026-02-23,Gold,5204.7001953125,289.24642240167265
2026-02-24,Gold,5155.7998046875,286.52882820574484
2026-02-25,Gold,5206.39990234375,289.34088205534545
2026-02-26,Gold,5176.5,287.6792225056027
2026-02-27,Gold,5230.5,290.6802227983299
2026-03-02,Gold,5294.39990234375,294.23140105090096
2026-03-03,Gold,5107.39990234375,283.8390481853455
2026-03-04,Gold,5120.2001953125,284.5504126843495
2026-03-05,Gold,5065.2998046875,281.49937401145195
2026-03-06,Gold,5146.10009765625,285.9897759161124
2026-03-09,Gold,5091.5,282.95542574853204
2026-03-10,Gold,5229.7001953125,290.6357743890464
2026-03-11,Gold,5167.39990234375,287.1734929550425
2026-03-12,Gold,5115.7998046875,284.3058650259469
2026-03-13,Gold,5052.5,280.788036648229
2026-03-16,Gold,4994.0,277.5369529977745
2026-03-17,Gold,5001.0,277.9259715542392
2026-03-18,Gold,4889.89990234375,271.75168589519416
2026-03-19,Gold,4600.7001953125,255.67967838672354
2026-03-20,Gold,4570.39990234375,253.99576749655802
2026-03-23,Gold,4404.10009765625,244.75380893086037
2026-03-24,Gold,4399.2998046875,244.48703706781606
2026-03-25,Gold,4549.7998046875,252.85093603180587
2026-03-26,Gold,4375.5,243.16438483014866
2026-03-27,Gold,4492.0,249.6387650913102
2026-03-30,Gold,4526.0,251.52828379413847
2026-03-31,Gold,4647.60009765625,258.2860972878804
2026-04-01,Gold,4783.2001953125,265.82194789455167
2026-04-02,Gold,4651.5,258.50283077075454
2026-04-06,Gold,4656.7998046875,258.7973625377654
2026-04-07,Gold,4657.10009765625,258.8140510430825
2026-04-08,Gold,4749.5,263.94909056125954
2026-04-09,Gold,4792.2001953125,266.3221146100062
2026-04-10,Gold,4761.89990234375,264.6382037198407
2026-04-13,Gold,4742.39990234375,263.5545091696892
2026-04-14,Gold,4825.0,268.1449335631282
2026-04-15,Gold,4800.0,266.75558157575443
2026-04-16,Gold,4785.39990234375,265.944194587972
2026-04-17,Gold,4857.60009765625,269.9566539818197
2026-04-20,Gold,4806.60009765625,267.1223759275773
2026-04-21,Gold,4698.39990234375,261.10924967191147
2026-04-22,Gold,4732.5,263.00433120984536
2026-04-23,Gold,4705.10009765625,261.48160685884
2026-04-24,Gold,4722.2998046875,262.4374647446845
2026-04-27,Gold,4675.39990234375,259.8310458435276
2026-04-28,Gold,4591.5,255.16838600105763
2026-04-29,Gold,4545.2001953125,252.5953169747539
2026-04-30,Gold,4614.7001953125,256.45771549965286
2026-05-01,Gold,4629.89990234375,257.3024252265074
2026-05-04,Gold,4519.5,251.16705227742128
2026-05-05,Gold,4555.7998046875,253.18438050877555
2026-05-06,Gold,4681.89990234375,260.1922773602448
2026-05-07,Gold,4699.7998046875,261.18704795604816
2026-05-08,Gold,4720.39990234375,262.3318794208003
2026-05-11,Gold,4718.7001953125,262.2374197671275
2026-05-12,Gold,4677.60009765625,259.9533196727289
2026-05-13,Gold,4697.7001953125,261.07036409773355
2026-05-14,Gold,4678.10009765625,259.9811067124764
2026-05-15,Gold,4555.7998046875,253.18438050877555
2026-05-18,Gold,4552.5,253.0009969007546
2026-05-19,Gold,4506.2998046875,250.43346357377558
2026-05-20,Gold,4531.2998046875,251.82281556114933
2026-05-21,Gold,4539.7998046875,252.29519523685636
2026-05-22,Gold,4521.0,251.25041339666373
2026-05-26,Gold,4500.39990234375,250.10558193191156
2026-05-27,Gold,4447.5,247.16571855378498
2026-05-28,Gold,4499.2998046875,250.04444501731092
2026-05-29,Gold,4560.5,253.4455895367142
2026-06-01,Gold,4475.2001953125,248.70513141010747
2026-06-02,Gold,4489.10009765625,249.47760568793106
2026-06-03,Gold,4436.7001953125,246.56552934955192
2026-06-04,Gold,4475.7998046875,248.73845414917963
2026-06-05,Gold,4337.10009765625,241.03034560469885
2026-06-08,Gold,4335.89990234375,240.9636458549925
2026-06-09,Gold,4260.0,236.74557864848208
2026-06-10,Gold,4108.2001953125,228.30944423546123
2026-06-11,Gold,4090.300048828125,227.31466007176735
2026-06-12,Gold,4215.0,234.2447450712094
2026-06-15,Gold,4328.0,240.5246160541386
2026-06-16,Gold,4330.89990234375,240.68577545751774
2026-06-17,Gold,4358.89990234375,242.2418496833763
2026-06-18,Gold,4224.10009765625,234.75047462176963
2026-06-22,Gold,4181.89990234375,232.40523761277038
2026-06-23,Gold,4129.89990234375,229.51538547903306
2026-06-24,Gold,3990.300048828125,221.75725212227246
2026-06-25,Gold,4030.5,223.99132740439128
2026-06-26,Gold,4078.699951171875,226.66999532246973
2026-06-29,Gold,4022.300048828125,223.53562266611084
2026-06-30,Gold,4022.89990234375,223.5689589730735
2026-07-01,Gold,4068.300048828125,226.0920303228785
2026-07-02,Gold,4112.7001953125,228.5595275931885
2026-07-06,Gold,4155.10009765625,230.91586313661816
2026-07-07,Gold,4145.2998046875,230.37122087609902
2026-07-08,Gold,4070.89990234375,226.23651478883104
2026-07-09,Gold,4130.60009765625,229.55429818899188
2026-07-10,Gold,4104.10009765625,228.08158508237577
2026-07-13,Gold,3997.0,222.12959574131054
2026-07-14,Gold,4061.10009765625,225.69189966409294
2026-07-15,Gold,4044.0,224.74157747757312
2026-07-16,Gold,3985.60009765625,221.4960566622243
2026-07-17,Gold,4012.699951171875,223.00210607580314
2026-07-20,Gold,4010.300048828125,222.86873371217143
2026-07-21,Gold,4071.10009765625,226.24764045904243
2026-07-22,Gold,4146.89990234375,230.46014483044718
2026-07-23,Gold,4046.60009765625,224.8860755114162
2026-07-24,Gold,4067.60009765625,226.05313118081008
2026-07-27,Gold,4074.5,226.43658690216907
2026-07-28,Gold,4036.300048828125,224.3136597790401
2026-07-29,Gold,4034.699951171875,224.224735824692
2026-07-30,Gold,4100.10009765625,227.85928876439593
2026-07-31,Gold,4049.10009765625,225.02501071015354
2026-08-03,Gold,4033.699951171875,224.16916174519704
2026-08-04,Gold,4095.39990234375,227.59807973645732
2026-08-05,Gold,4245.7998046875,235.95641586534143
2026-08-06,Gold,4242.0,235.745245217573
2026-08-07,Gold,4340.7001953125,241.23041771803685
2026-08-10,Gold,4361.7998046875,242.40300908675545
2026-08-11,Gold,4383.0,243.58119042636076
2026-08-12,Gold,4408.89990234375,245.02055365812376
2026-08-13,Gold,4363.60009765625,242.50305871131496
2026-08-14,Gold,4380.39990234375,243.4366923925177
2026-08-17,Gold,4417.7998046875,245.5151575384726
2026-08-18,Gold,4366.0,242.63643107494664
2026-08-19,Gold,4489.39990234375,249.49426705746714
2026-08-20,Gold,4516.2998046875,250.98920436872504
2026-08-21,Gold,4624.10009765625,256.9801064197491
2026-08-24,Gold,4640.7998046875,257.90817726584623
2026-08-25,Gold,4638.10009765625,257.75814353267845
2026-08-26,Gold,4598.2001953125,255.54074318798618
2026-08-27,Gold,4609.7001953125,256.1798451021781
2026-08-28,Gold,4478.10009765625,248.86629081348661
2026-08-31,Gold,4431.10009765625,246.254309077224
2022-01-03,Germany - DAX,16020.73046875,100.0
2022-01-04,Germany - DAX,16152.6103515625,100.82318270736621
2022-01-05,Germany - DAX,16271.75,101.56684198476242
2022-01-06,Germany - DAX,16052.0302734375,100.19537064647928
2022-01-07,Germany - DAX,15947.740234375,99.54440133352612
2022-01-10,Germany - DAX,15768.26953125,98.42416088334768
2022-01-11,Germany - DAX,15941.8095703125,99.50738264655634
2022-01-12,Germany - DAX,16010.3203125,99.93502071412844
2022-01-13,Germany - DAX,16031.58984375,100.0677832700649
2022-01-14,Germany - DAX,15883.240234375,99.14179796830621
2022-01-17,Germany - DAX,15933.7197265625,99.45688654860511
2022-01-18,Germany - DAX,15772.5595703125,98.450938932394
2022-01-19,Germany - DAX,15809.7197265625,98.68288938136062
2022-01-20,Germany - DAX,15912.330078125,99.32337423167785
2022-01-21,Germany - DAX,15603.8798828125,97.39805505903362
2022-01-24,Germany - DAX,15011.1298828125,93.69816134222579
2022-01-25,Germany - DAX,15123.8701171875,94.40187603610264
2022-01-26,Germany - DAX,15459.3896484375,96.49615963886635
2022-01-27,Germany - DAX,15524.26953125,96.90113419941497
2022-01-28,Germany - DAX,15318.9501953125,95.61954884138154
2022-01-31,Germany - DAX,15471.2001953125,96.5698800406797
2022-02-01,Germany - DAX,15619.3896484375,97.4948656611173
2022-02-02,Germany - DAX,15613.76953125,97.45978538061159
2022-02-03,Germany - DAX,15368.4697265625,95.92864542937166
2022-02-04,Germany - DAX,15099.5595703125,94.2501317263009
2022-02-07,Germany - DAX,15206.6396484375,94.91851621934178
2022-02-08,Germany - DAX,15242.3798828125,95.14160364001036
2022-02-09,Germany - DAX,15482.009765625,96.6373524342362
2022-02-10,Germany - DAX,15490.4404296875,96.68997590280367
2022-02-11,Germany - DAX,15425.1201171875,96.282252218622
2022-02-14,Germany - DAX,15113.9697265625,94.34007866272873
2022-02-15,Germany - DAX,15412.7099609375,96.20478910747232
2022-02-16,Germany - DAX,15396.0703125,96.10092587558063
2022-02-17,Germany - DAX,15267.6298828125,95.29921193414684
2022-02-18,Germany - DAX,15042.509765625,93.89403182936562
2022-02-21,Germany - DAX,14731.1201171875,91.95036484710849
2022-02-22,Germany - DAX,14693.0,91.71242240583307
2022-02-23,Germany - DAX,14631.3603515625,91.3276731051833
2022-02-24,Germany - DAX,14052.099609375,87.71197815720696
2022-02-25,Germany - DAX,14567.23046875,90.92737997911398
2022-02-28,Germany - DAX,14461.01953125,90.26442058592541
2022-03-01,Germany - DAX,13904.849609375,86.79285652110413
2022-03-02,Germany - DAX,14000.1103515625,87.38746575177132
2022-03-03,Germany - DAX,13698.400390625,85.50421853326269
2022-03-04,Germany - DAX,13094.5400390625,81.73497497261238
2022-03-07,Germany - DAX,12834.650390625,80.1127664912673
2022-03-08,Germany - DAX,12831.509765625,80.09316298438523
2022-03-09,Germany - DAX,13847.9296875,86.43756734133777
2022-03-10,Germany - DAX,13442.099609375,83.9044114473752
2022-03-11,Germany - DAX,13628.1103515625,85.06547425003785
2022-03-14,Germany - DAX,13929.1103515625,86.94428995439748
2022-03-15,Germany - DAX,13917.26953125,86.87038058843193
2022-03-16,Germany - DAX,14440.740234375,90.13783898644992
2022-03-17,Germany - DAX,14388.0595703125,89.80901088360369
2022-03-18,Germany - DAX,14413.08984375,89.96524766373255
2022-03-21,Germany - DAX,14326.9697265625,89.42769341578185
2022-03-22,Germany - DAX,14473.2001953125,90.34045122688939
2022-03-23,Germany - DAX,14283.650390625,89.15729790527752
2022-03-24,Germany - DAX,14273.7900390625,89.09575045223389
2022-03-25,Germany - DAX,14305.759765625,89.29530269253192
2022-03-28,Germany - DAX,14417.3701171875,89.99196475660077
2022-03-29,Germany - DAX,14820.330078125,92.50720562981508
2022-03-30,Germany - DAX,14606.0498046875,91.16968688274251
2022-03-31,Germany - DAX,14414.75,89.97561021401226
2022-04-01,Germany - DAX,14446.48046875,90.17366902794646
2022-04-04,Germany - DAX,14518.16015625,90.62108737531719
2022-04-05,Germany - DAX,14424.3603515625,90.03559718889612
2022-04-06,Germany - DAX,14151.6904296875,88.33361535725075
2022-04-07,Germany - DAX,14078.150390625,87.87458485794895
2022-04-08,Germany - DAX,14283.669921875,89.15741981763374
2022-04-11,Germany - DAX,14192.7802734375,88.59009457229122
2022-04-12,Germany - DAX,14124.9501953125,88.16670515033378
2022-04-13,Germany - DAX,14076.4404296875,87.86391143116084
2022-04-14,Germany - DAX,14163.849609375,88.40951189462287
2022-04-19,Germany - DAX,14153.4599609375,88.34466061672536
2022-04-20,Germany - DAX,14362.0302734375,89.64653828645356
2022-04-21,Germany - DAX,14502.41015625,90.52277725125187
2022-04-22,Germany - DAX,14142.08984375,88.273689338545
2022-04-25,Germany - DAX,13924.169921875,86.91345222388863
2022-04-26,Germany - DAX,13756.400390625,85.86624946632865
2022-04-27,Germany - DAX,13793.9404296875,86.100571110624
2022-04-28,Germany - DAX,13979.83984375,87.26093901285614
2022-04-29,Germany - DAX,14097.8798828125,87.9977346245965
2022-05-02,Germany - DAX,13939.0703125,87.00645916045787
2022-05-03,Germany - DAX,14039.4697265625,87.63314353204966
2022-05-04,Germany - DAX,13970.8203125,87.2046398867483
2022-05-05,Germany - DAX,13902.51953125,86.77831237700568
2022-05-06,Germany - DAX,13674.2900390625,85.35372382511234
2022-05-09,Germany - DAX,13380.669921875,83.52097270455492
2022-05-10,Germany - DAX,13534.740234375,84.48266613545388
2022-05-11,Germany - DAX,13828.6396484375,86.31716060270543
2022-05-12,Germany - DAX,13739.6396484375,85.76163037782834
2022-05-13,Germany - DAX,14027.9296875,87.5611116163701
2022-05-16,Germany - DAX,13964.3798828125,87.16443928728086
2022-05-17,Germany - DAX,14185.9404296875,88.54740086513885
2022-05-18,Germany - DAX,14007.759765625,87.43521272608952
2022-05-19,Germany - DAX,13882.2998046875,86.6521026102167
2022-05-20,Germany - DAX,13981.91015625,87.27386172261672
2022-05-23,Germany - DAX,14175.400390625,88.48161086209835
2022-05-24,Germany - DAX,13919.75,86.88586345767337
2022-05-25,Germany - DAX,14007.9296875,87.43627336358874
2022-05-26,Germany - DAX,14231.2900390625,88.83046916507348
2022-05-27,Germany - DAX,14462.1904296875,90.2717292316815
2022-05-30,Germany - DAX,14575.98046875,90.98199671470583
2022-05-31,Germany - DAX,14388.349609375,89.81082128209373
2022-06-01,Germany - DAX,14340.4697265625,89.51195923640927
2022-06-02,Germany - DAX,14485.169921875,90.41516521440604
2022-06-03,Germany - DAX,14460.08984375,90.25861755776879
2022-06-06,Germany - DAX,14653.8095703125,91.46779916743614
2022-06-07,Germany - DAX,14556.6201171875,90.86115109159104
2022-06-08,Germany - DAX,14445.990234375,90.17060902780504
2022-06-09,Germany - DAX,14198.7998046875,88.62766796048187
2022-06-10,Germany - DAX,13761.830078125,85.9001411013611
2022-06-13,Germany - DAX,13427.0302734375,83.81034996892454
2022-06-14,Germany - DAX,13304.3896484375,83.04483790167379
2022-06-15,Germany - DAX,13485.2900390625,84.17400233632839
2022-06-16,Germany - DAX,13038.490234375,81.38511698831617
2022-06-17,Germany - DAX,13126.259765625,81.93296673475065
2022-06-20,Germany - DAX,13265.599609375,82.80271386657961
2022-06-21,Germany - DAX,13292.400390625,82.97000200180089
2022-06-22,Germany - DAX,13144.2802734375,82.04544917022793
2022-06-23,Germany - DAX,12912.58984375,80.59925774881032
2022-06-24,Germany - DAX,13118.1298828125,81.88222071646916
2022-06-27,Germany - DAX,13186.0703125,82.30629894323931
2022-06-28,Germany - DAX,13231.8203125,82.59186644647669
2022-06-29,Germany - DAX,13003.349609375,81.16577227698389
2022-06-30,Germany - DAX,12783.76953125,79.79517261204782
2022-07-01,Germany - DAX,12813.0302734375,79.9778156085365
2022-07-04,Germany - DAX,12773.3798828125,79.73032133415032
2022-07-05,Germany - DAX,12401.2001953125,77.4072082387395
2022-07-06,Germany - DAX,12594.51953125,78.6138906451041
2022-07-07,Germany - DAX,12843.2197265625,80.166255537564
2022-07-08,Germany - DAX,13015.23046875,81.23993156327971
2022-07-11,Germany - DAX,12832.4404296875,80.09897210815967
2022-07-12,Germany - DAX,12905.48046875,80.55488165114194
2022-07-13,Germany - DAX,12756.3203125,79.62383698659964
2022-07-14,Germany - DAX,12519.66015625,78.14662496613884
2022-07-15,Germany - DAX,12864.7197265625,80.30045665930398
2022-07-18,Germany - DAX,12959.8095703125,80.89399915685415
2022-07-19,Germany - DAX,13308.41015625,83.0699335602041
2022-07-20,Germany - DAX,13281.98046875,82.90496175975122
2022-07-21,Germany - DAX,13246.6396484375,82.68436744676758
2022-07-22,Germany - DAX,13253.6796875,82.72831075557133
2022-07-25,Germany - DAX,13210.3203125,82.45766532473672
2022-07-26,Germany - DAX,13096.9296875,81.74989094939735
2022-07-27,Germany - DAX,13166.3798828125,82.18339300130421
2022-07-28,Germany - DAX,13282.1103515625,82.90577247692016
2022-07-29,Germany - DAX,13484.0498046875,84.16626090170767
2022-08-01,Germany - DAX,13479.6298828125,84.13867213549241
2022-08-02,Germany - DAX,13449.2001953125,83.94873268448326
2022-08-03,Germany - DAX,13587.5595703125,84.81235981602939
2022-08-04,Germany - DAX,13662.6796875,85.28125302495035
2022-08-05,Germany - DAX,13573.9296875,84.72728327823302
2022-08-08,Germany - DAX,13687.6904296875,85.43736789272299
2022-08-09,Germany - DAX,13534.9697265625,84.48409860563962
2022-08-10,Germany - DAX,13700.9296875,85.5200061833947
2022-08-11,Germany - DAX,13694.509765625,85.47993359190131
2022-08-12,Germany - DAX,13795.849609375,86.11248804344567
2022-08-15,Germany - DAX,13816.6103515625,86.24207478250227
2022-08-16,Germany - DAX,13910.1201171875,86.82575457043328
2022-08-17,Germany - DAX,13626.7099609375,85.05673313409604
2022-08-18,Germany - DAX,13697.41015625,85.49803757680174
2022-08-19,Germany - DAX,13544.51953125,84.54370765221915
2022-08-22,Germany - DAX,13230.5703125,82.58406405567786
2022-08-23,Germany - DAX,13194.23046875,82.35723392567296
2022-08-24,Germany - DAX,13220.0595703125,82.51845692117172
2022-08-25,Germany - DAX,13271.9599609375,82.8424146253865
2022-08-26,Germany - DAX,12971.4697265625,80.96678083352454
2022-08-29,Germany - DAX,12892.990234375,80.4769186993317
2022-08-30,Germany - DAX,12961.1396484375,80.90230138831353
2022-08-31,Germany - DAX,12834.9599609375,80.11469880211357
2022-09-01,Germany - DAX,12630.23046875,78.83679519723835
2022-09-02,Germany - DAX,13050.26953125,81.45864233035957
2022-09-05,Germany - DAX,12760.7802734375,79.65167567314518
2022-09-06,Germany - DAX,12871.4404296875,80.34240670108333
2022-09-07,Germany - DAX,12915.9697265625,80.62035468205623
2022-09-08,Germany - DAX,12904.3203125,80.54764005718177
2022-09-09,Germany - DAX,13088.2099609375,81.69546317795766
2022-09-12,Germany - DAX,13402.26953125,83.65579557931167
2022-09-13,Germany - DAX,13188.9501953125,82.32427492016569
2022-09-14,Germany - DAX,13028.0,81.31963786178406
2022-09-15,Germany - DAX,12956.66015625,80.87434078941178
2022-09-16,Germany - DAX,12741.259765625,79.52983036870928
2022-09-19,Germany - DAX,12803.240234375,79.91670703997531
2022-09-20,Germany - DAX,12670.830078125,79.0902144121374
2022-09-21,Germany - DAX,12767.150390625,79.69143738813017
2022-09-22,Germany - DAX,12531.6298828125,78.2213389536555
2022-09-23,Germany - DAX,12284.1904296875,76.67684350379038
2022-09-26,Germany - DAX,12227.919921875,76.32560790986874
2022-09-27,Germany - DAX,12139.6796875,75.77482007564905
2022-09-28,Germany - DAX,12183.2802734375,76.04697112408313
2022-09-29,Germany - DAX,11975.5498046875,74.75033568567288
2022-09-30,Germany - DAX,12114.3603515625,75.61677899264795
2022-10-03,Germany - DAX,12209.48046875,76.21051045435028
2022-10-04,Germany - DAX,12670.48046875,79.08803218096085
2022-10-05,Germany - DAX,12517.1796875,78.1311420968974
2022-10-06,Germany - DAX,12470.7802734375,77.84152100781532
2022-10-07,Germany - DAX,12273.0,76.60699381928737
2022-10-10,Germany - DAX,12272.9404296875,76.60662198660086
2022-10-11,Germany - DAX,12220.25,76.27773292757651
2022-10-12,Germany - DAX,12172.259765625,75.97818207707932
2022-10-13,Germany - DAX,12355.580078125,77.12245145267106
2022-10-14,Germany - DAX,12437.8095703125,77.63572075926041
2022-10-17,Germany - DAX,12649.0302734375,78.95414193572927
2022-10-18,Germany - DAX,12765.6103515625,79.6818245988413
2022-10-19,Germany - DAX,12741.41015625,79.53076909385227
2022-10-20,Germany - DAX,12767.41015625,79.69305882246806
2022-10-21,Germany - DAX,12730.900390625,79.46516805496394
2022-10-24,Germany - DAX,12931.4501953125,80.71698241560557
2022-10-25,Germany - DAX,13052.9599609375,81.47543575743049
2022-10-26,Germany - DAX,13195.8095703125,82.36709053967431
2022-10-27,Germany - DAX,13211.23046875,82.46334644053712
2022-10-28,Germany - DAX,13243.330078125,82.6637093980041
2022-10-31,Germany - DAX,13253.740234375,82.72868868387565
2022-11-01,Germany - DAX,13338.740234375,83.25925125819647
2022-11-02,Germany - DAX,13256.740234375,82.74741442179285
2022-11-03,Germany - DAX,13130.1904296875,81.95750159644231
2022-11-04,Germany - DAX,13459.849609375,84.01520539671866
2022-11-07,Germany - DAX,13533.51953125,84.4750466131894
2022-11-08,Germany - DAX,13688.75,85.44398163804856
2022-11-09,Germany - DAX,13666.3203125,85.30397748815194
2022-11-10,Germany - DAX,14146.08984375,88.29865698910127
2022-11-11,Germany - DAX,14224.8603515625,88.79033561740196
2022-11-14,Germany - DAX,14313.2998046875,89.3423669576552
2022-11-15,Germany - DAX,14378.509765625,89.74940183702415
2022-11-16,Germany - DAX,14234.0302734375,88.8475734686528
2022-11-17,Germany - DAX,14266.3798828125,89.04949690427954
2022-11-18,Germany - DAX,14431.8603515625,90.08241153368914
2022-11-21,Germany - DAX,14379.9296875,89.7582648653222
2022-11-22,Germany - DAX,14422.349609375,90.02304631182206
2022-11-23,Germany - DAX,14427.58984375,90.05575539699905
2022-11-24,Germany - DAX,14539.5595703125,90.75466064842257
2022-11-25,Germany - DAX,14541.3798828125,90.76602288002337
2022-11-28,Germany - DAX,14383.3603515625,89.77967877069432
2022-11-29,Germany - DAX,14355.4501953125,89.60546601363907
2022-11-30,Germany - DAX,14397.0400390625,89.86506618499908
2022-12-01,Germany - DAX,14490.2998046875,90.44718549477032
2022-12-02,Germany - DAX,14529.3896484375,90.69118088453266
2022-12-05,Germany - DAX,14447.6103515625,90.18072165775448
2022-12-06,Germany - DAX,14343.1904296875,89.52894162763236
2022-12-07,Germany - DAX,14261.1904296875,89.01710479122875
2022-12-08,Germany - DAX,14264.5595703125,89.03813467267874
2022-12-09,Germany - DAX,14370.7197265625,89.7007770937411
2022-12-12,Germany - DAX,14306.6298828125,89.30073388800204
2022-12-13,Germany - DAX,14497.8896484375,90.49456063640201
2022-12-14,Germany - DAX,14460.2001953125,90.2593063625815
2022-12-15,Germany - DAX,13986.23046875,87.3008287358152
2022-12-16,Germany - DAX,13893.0703125,86.71933117906072
2022-12-19,Germany - DAX,13942.8701171875,87.03017720936276
2022-12-20,Germany - DAX,13884.66015625,86.66683571846731
2022-12-21,Germany - DAX,14097.8203125,87.99736279190999
2022-12-22,Germany - DAX,13914.0703125,86.85041134448116
2022-12-23,Germany - DAX,13940.9296875,87.01806521677115
2022-12-27,Germany - DAX,13995.099609375,87.35618913678006
2022-12-28,Germany - DAX,13925.599609375,86.9223762083648
2022-12-29,Germany - DAX,14071.7197265625,87.83444521465962
2022-12-30,Germany - DAX,13923.58984375,86.90983142690854
2023-01-02,Germany - DAX,14069.259765625,87.81909035339223
2023-01-03,Germany - DAX,14181.669921875,88.52074472844876
2023-01-04,Germany - DAX,14490.7802734375,90.45018453873362
2023-01-05,Germany - DAX,14436.3095703125,90.11018316843874
2023-01-06,Germany - DAX,14610.01953125,91.19446556914662
2023-01-09,Germany - DAX,14792.830078125,92.3355530322407
2023-01-10,Germany - DAX,14774.599609375,92.22176003893394
2023-01-11,Germany - DAX,14947.91015625,93.30354933195686
2023-01-12,Germany - DAX,15058.2998046875,93.99259187376123
2023-01-13,Germany - DAX,15086.51953125,94.16873694166274
2023-01-16,Germany - DAX,15134.0400390625,94.46535579999254
2023-01-17,Germany - DAX,15187.0703125,94.79636613401533
2023-01-18,Germany - DAX,15181.7998046875,94.76346808468618
2023-01-19,Germany - DAX,14920.3603515625,93.13158585787409
2023-01-20,Germany - DAX,15033.5595703125,93.8381654921224
2023-01-23,Germany - DAX,15102.9501953125,94.27129571134274
2023-01-24,Germany - DAX,15093.1103515625,94.20987626627316
2023-01-25,Germany - DAX,15081.6396484375,94.13827713945822
2023-01-26,Germany - DAX,15132.849609375,94.45792524188022
2023-01-27,Germany - DAX,15150.0302734375,94.56516544603953
2023-01-30,Germany - DAX,15126.080078125,94.41567041921026
2023-01-31,Germany - DAX,15128.26953125,94.42933679434385
2023-02-01,Germany - DAX,15180.740234375,94.7568543393606
2023-02-02,Germany - DAX,15509.1904296875,96.8070117647862
2023-02-03,Germany - DAX,15476.4296875,96.60252207406079
2023-02-06,Germany - DAX,15345.91015625,95.78783056230611
2023-02-07,Germany - DAX,15320.8798828125,95.63159378217723
2023-02-08,Germany - DAX,15412.0498046875,96.20066846983168
2023-02-09,Germany - DAX,15523.419921875,96.89583101191889
2023-02-10,Germany - DAX,15307.98046875,95.55107676650395
2023-02-13,Germany - DAX,15397.33984375,96.10885017873571
2023-02-14,Germany - DAX,15380.5595703125,96.00410917787914
2023-02-15,Germany - DAX,15506.33984375,96.78921865639417
2023-02-16,Germany - DAX,15533.6396484375,96.95962165231717
2023-02-17,Germany - DAX,15482.0,96.6372914780581
2023-02-20,Germany - DAX,15477.5498046875,96.60951374769068
2023-02-21,Germany - DAX,15397.6201171875,96.11059962104763
2023-02-22,Germany - DAX,15399.8896484375,96.12476583684176
2023-02-23,Germany - DAX,15475.6904296875,96.5979076913774
2023-02-24,Germany - DAX,15209.740234375,94.93786980589358
2023-02-27,Germany - DAX,15381.4296875,96.00954037334928
2023-02-28,Germany - DAX,15365.1396484375,95.90785937263414
2023-03-01,Germany - DAX,15305.01953125,95.5325948532992
2023-03-02,Germany - DAX,15327.6396484375,95.67378764866908
2023-03-03,Germany - DAX,15578.3896484375,97.23894724291549
2023-03-06,Germany - DAX,15653.580078125,97.70827933631888
2023-03-07,Germany - DAX,15559.5302734375,97.12122867173805
2023-03-08,Germany - DAX,15631.8701171875,97.57276765674942
2023-03-09,Germany - DAX,15633.2099609375,97.58113084438692
2023-03-10,Germany - DAX,15427.9697265625,96.30003923139624
2023-03-13,Germany - DAX,14959.4697265625,93.37570315999265
2023-03-14,Germany - DAX,15232.830078125,95.08199459343084
2023-03-15,Germany - DAX,14735.259765625,91.97620417101182
2023-03-16,Germany - DAX,14967.099609375,93.42332822195462
2023-03-17,Germany - DAX,14768.2001953125,92.18181545541458
2023-03-20,Germany - DAX,14933.3798828125,93.21285263453821
2023-03-21,Germany - DAX,15195.33984375,94.84798382564388
2023-03-22,Germany - DAX,15216.1904296875,94.97813136153914
2023-03-23,Germany - DAX,15210.3896484375,94.94192339173829
2023-03-24,Germany - DAX,14957.23046875,93.36172590835068
2023-03-27,Germany - DAX,15127.6796875,94.42565504118565
2023-03-28,Germany - DAX,15142.01953125,94.51516309313104
2023-03-29,Germany - DAX,15328.7802734375,95.68090733027302
2023-03-30,Germany - DAX,15522.400390625,96.88946718692358
2023-03-31,Germany - DAX,15628.83984375,97.55385295468005
2023-04-03,Germany - DAX,15580.919921875,97.25474098866532
2023-04-04,Germany - DAX,15603.4697265625,97.39549489955274
2023-04-05,Germany - DAX,15520.169921875,96.8755447958419
2023-04-06,Germany - DAX,15597.8896484375,97.36066453937732
2023-04-11,Germany - DAX,15655.169921875,97.71820300211616
2023-04-12,Germany - DAX,15703.599609375,98.02049688062854
2023-04-13,Germany - DAX,15729.4599609375,98.18191493589727
2023-04-14,Germany - DAX,15807.5,98.66903404207488
2023-04-17,Germany - DAX,15789.5302734375,98.55686857872381
2023-04-18,Germany - DAX,15882.669921875,99.13823812750422
2023-04-19,Germany - DAX,15895.2001953125,99.21645099964475
2023-04-20,Germany - DAX,15795.9697265625,98.59706308257343
2023-04-21,Germany - DAX,15881.66015625,99.13193525868704
2023-04-24,Germany - DAX,15863.9501953125,99.02139122967387
2023-04-25,Germany - DAX,15872.1298828125,99.07244812446375
2023-04-26,Germany - DAX,15795.73046875,98.59556965620959
2023-04-27,Germany - DAX,15800.4501953125,98.625029777093
2023-04-28,Germany - DAX,15922.3798828125,99.38610423457693
2023-05-02,Germany - DAX,15726.9404296875,98.16618824194336
2023-05-03,Germany - DAX,15815.0595703125,98.7162202195544
2023-05-04,Germany - DAX,15734.240234375,98.211752985085
2023-05-05,Germany - DAX,15961.01953125,99.62728954452813
2023-05-08,Germany - DAX,15952.830078125,99.57617169356013
2023-05-09,Germany - DAX,15955.48046875,99.59271520030079
2023-05-10,Germany - DAX,15896.23046875,99.22288187643598
2023-05-11,Germany - DAX,15834.91015625,98.8401258428106
2023-05-12,Germany - DAX,15913.8203125,99.33267614445835
2023-05-15,Germany - DAX,15917.240234375,99.35402299803454
2023-05-16,Germany - DAX,15897.9296875,99.23348825142814
2023-05-17,Germany - DAX,15951.2998046875,99.56661986044936
2023-05-18,Germany - DAX,16163.3603515625,100.89028326823619
2023-05-19,Germany - DAX,16275.3798828125,101.58949939616811
2023-05-22,Germany - DAX,16223.990234375,101.26872970006879
2023-05-23,Germany - DAX,16152.8603515625,100.82474318552599
2023-05-24,Germany - DAX,15842.1298828125,98.88519074529168
2023-05-25,Germany - DAX,15793.7998046875,98.58351861979608
2023-05-26,Germany - DAX,15983.9697265625,99.77054265871831
2023-05-29,Germany - DAX,15952.73046875,99.57554994054334
2023-05-30,Germany - DAX,15908.91015625,99.30202737810167
2023-05-31,Germany - DAX,15664.01953125,97.77344149072479
2023-06-01,Germany - DAX,15853.66015625,98.95716170479312
2023-06-02,Germany - DAX,16051.23046875,100.19037833549159
2023-06-05,Germany - DAX,15963.8896484375,99.64520456527639
2023-06-06,Germany - DAX,15992.4404296875,99.82341604761604
2023-06-07,Germany - DAX,15960.5595703125,99.62441850853885
2023-06-08,Germany - DAX,15989.9599609375,99.8079331783746
2023-06-09,Germany - DAX,15949.83984375,99.55750691182104
2023-06-12,Germany - DAX,16097.8701171875,100.48149894655533
2023-06-13,Germany - DAX,16230.6796875,101.31048468207817
2023-06-14,Germany - DAX,16310.7900390625,101.81052649801636
2023-06-15,Germany - DAX,16290.1201171875,101.68150665141624
2023-06-16,Germany - DAX,16357.6298828125,102.10289671073147
2023-06-19,Germany - DAX,16201.2001953125,101.1264762671997
2023-06-20,Germany - DAX,16111.3203125,100.56545389067438
2023-06-21,Germany - DAX,16023.1298828125,100.01497693296308
2023-06-22,Germany - DAX,15988.16015625,99.79669895474784
2023-06-23,Germany - DAX,15829.9404296875,98.80910524376742
2023-06-26,Germany - DAX,15813.0595703125,98.70373639427626
2023-06-27,Germany - DAX,15846.8603515625,98.91471791797103
2023-06-28,Germany - DAX,15949.0,99.55226468050307
2023-06-29,Germany - DAX,15946.7197265625,99.53803141291301
2023-06-30,Germany - DAX,16147.900390625,100.7937835426609
2023-07-03,Germany - DAX,16081.0400390625,100.37644706919038
2023-07-04,Germany - DAX,16039.169921875,100.11509745551845
2023-07-05,Germany - DAX,15937.580078125,99.48098252581433
2023-07-06,Germany - DAX,15528.5400390625,96.92779033610505
2023-07-07,Germany - DAX,15603.400390625,97.39506211068813
2023-07-10,Germany - DAX,15673.16015625,97.83049647344127
2023-07-11,Germany - DAX,15790.33984375,98.56192184588961
2023-07-12,Germany - DAX,16023.0,100.01416621579413
2023-07-13,Germany - DAX,16141.0302734375,100.75090087135638
2023-07-14,Germany - DAX,16105.0703125,100.52644193668019
2023-07-17,Germany - DAX,16068.650390625,100.29911196601473
2023-07-18,Germany - DAX,16125.490234375,100.65390130512053
2023-07-19,Germany - DAX,16108.9296875,100.55053181827158
2023-07-20,Germany - DAX,16204.2197265625,101.14532391747314
2023-07-21,Germany - DAX,16177.2197265625,100.97679227621829
2023-07-24,Germany - DAX,16190.9501953125,101.06249666264924
2023-07-25,Germany - DAX,16211.58984375,101.19132754509721
2023-07-26,Germany - DAX,16131.4599609375,100.69116381680278
2023-07-27,Germany - DAX,16406.029296875,102.40500162509171
2023-07-28,Germany - DAX,16469.75,102.80274068729798
2023-07-31,Germany - DAX,16446.830078125,102.65967653725995
2023-08-01,Germany - DAX,16240.400390625,101.37116046177475
2023-08-02,Germany - DAX,16020.01953125,99.99556239023316
2023-08-03,Germany - DAX,15893.3798828125,99.20508876804395
2023-08-04,Germany - DAX,15951.8603515625,99.57011874507322
2023-08-07,Germany - DAX,15950.759765625,99.56324898379955
2023-08-08,Germany - DAX,15774.9296875,98.46573299682272
2023-08-09,Germany - DAX,15852.580078125,98.9504199514935
2023-08-10,Germany - DAX,15996.51953125,99.84887744321506
2023-08-11,Germany - DAX,15832.169921875,98.82302153923128
2023-08-14,Germany - DAX,15904.25,99.27293908990475
2023-08-15,Germany - DAX,15767.2802734375,98.41798602250454
2023-08-16,Germany - DAX,15789.4501953125,98.55636873806326
2023-08-17,Germany - DAX,15676.900390625,97.85384268965967
2023-08-18,Germany - DAX,15574.259765625,97.21316887519026
2023-08-21,Germany - DAX,15603.2802734375,97.3943123496973
2023-08-22,Germany - DAX,15705.6201171875,98.03310871388072
2023-08-23,Germany - DAX,15728.41015625,98.1753621467498
2023-08-24,Germany - DAX,15621.490234375,97.50797733503003
2023-08-25,Germany - DAX,15631.8203125,97.57245678024104
2023-08-28,Germany - DAX,15792.6103515625,98.57609415730157
2023-08-29,Germany - DAX,15930.8798828125,99.43916049200901
2023-08-30,Germany - DAX,15891.9296875,99.19603677559373
2023-08-31,Germany - DAX,15947.080078125,99.54028069588549
2023-09-01,Germany - DAX,15840.33984375,98.87401747784304
2023-09-04,Germany - DAX,15824.849609375,98.7773287881156
2023-09-05,Germany - DAX,15771.7099609375,98.44563574489791
2023-09-06,Germany - DAX,15741.3701171875,98.25625709072742
2023-09-07,Germany - DAX,15718.66015625,98.11450349851889
2023-09-08,Germany - DAX,15740.2998046875,98.24957629360591
2023-09-11,Germany - DAX,15800.990234375,98.62840065374282
2023-09-12,Germany - DAX,15715.5302734375,98.09496704343273
2023-09-13,Germany - DAX,15654.0302734375,97.71108941613002
2023-09-14,Germany - DAX,15805.2900390625,98.65523965896725
2023-09-15,Germany - DAX,15893.5302734375,99.20602749318694
2023-09-18,Germany - DAX,15727.1201171875,98.1673098356207
2023-09-19,Germany - DAX,15664.48046875,97.77631862233186
2023-09-20,Germany - DAX,15781.58984375,98.50730511029778
2023-09-21,Germany - DAX,15571.8603515625,97.1981919422272
2023-09-22,Germany - DAX,15557.2900390625,97.10724532447827
2023-09-25,Germany - DAX,15405.490234375,96.15972420499124
2023-09-26,Germany - DAX,15255.8701171875,95.22580850445968
2023-09-27,Germany - DAX,15217.4501953125,94.98599470851609
2023-09-28,Germany - DAX,15323.5,95.64794832476574
2023-09-29,Germany - DAX,15386.580078125,96.0416886616876
2023-10-02,Germany - DAX,15247.2099609375,95.1717525657065
2023-10-03,Germany - DAX,15085.2099609375,94.1605627181774
2023-10-04,Germany - DAX,15099.919921875,94.25238100927339
2023-10-05,Germany - DAX,15070.2197265625,94.0669949847695
2023-10-06,Germany - DAX,15229.76953125,95.0628909272093
2023-10-09,Germany - DAX,15128.1103515625,94.42834320864057
2023-10-10,Germany - DAX,15423.51953125,96.27226150102882
2023-10-11,Germany - DAX,15460.009765625,96.50003035617671
2023-10-12,Germany - DAX,15425.0302734375,96.28169142178335
2023-10-13,Germany - DAX,15186.66015625,94.79380597453446
2023-10-16,Germany - DAX,15237.990234375,95.11420383794726
2023-10-17,Germany - DAX,15251.6904296875,95.19971926022606
2023-10-18,Germany - DAX,15094.91015625,94.22111048989993
2023-10-19,Germany - DAX,15045.23046875,93.91101422058871
2023-10-20,Germany - DAX,14798.4697265625,92.37075522510263
2023-10-23,Germany - DAX,14800.7197265625,92.38479952854054
2023-10-24,Germany - DAX,14879.9404296875,92.87928823665237
2023-10-25,Germany - DAX,14892.1796875,92.95568461468503
2023-10-26,Germany - DAX,14731.0498046875,91.94992596262605
2023-10-27,Germany - DAX,14687.41015625,91.67753108947953
2023-10-30,Germany - DAX,14716.5400390625,91.85935727318146
2023-10-31,Germany - DAX,14810.33984375,92.44484745960251
2023-11-01,Germany - DAX,14923.26953125,93.14974470333482
2023-11-02,Germany - DAX,15143.599609375,94.52502580275019
2023-11-03,Germany - DAX,15189.25,94.8099715529708
2023-11-06,Germany - DAX,15135.9697265625,94.47740074078824
2023-11-07,Germany - DAX,15152.6396484375,94.5814529368321
2023-11-08,Germany - DAX,15229.599609375,95.06183028971009
2023-11-09,Germany - DAX,15352.5400390625,95.829213711629
2023-11-10,Germany - DAX,15234.3896484375,95.09172929507594
2023-11-13,Germany - DAX,15345.0,95.78214944650571
2023-11-14,Germany - DAX,15614.4296875,97.46390601825223
2023-11-15,Germany - DAX,15748.169921875,98.29870087754952
2023-11-16,Germany - DAX,15786.6103515625,98.53864268146715
2023-11-17,Germany - DAX,15919.16015625,99.36600698265211
2023-11-20,Germany - DAX,15901.330078125,99.2547131926481
2023-11-21,Germany - DAX,15900.5302734375,99.24972088166041
2023-11-22,Germany - DAX,15957.8203125,99.60732030057736
2023-11-23,Germany - DAX,15994.73046875,99.83771027138421
2023-11-24,Germany - DAX,16029.490234375,100.05467769176997
2023-11-27,Germany - DAX,15966.3701171875,99.66068743451783
2023-11-28,Germany - DAX,15992.669921875,99.82484851780177
2023-11-29,Germany - DAX,16166.4501953125,100.90956980299207
2023-11-30,Germany - DAX,16215.4296875,101.2152955143324
2023-12-01,Germany - DAX,16397.51953125,102.3518844114815
2023-12-04,Germany - DAX,16404.759765625,102.39707732193664
2023-12-05,Germany - DAX,16533.109375,103.19822437091395
2023-12-06,Germany - DAX,16656.439453125,103.9680399443397
2023-12-07,Germany - DAX,16628.990234375,103.79670431889151
2023-12-08,Germany - DAX,16759.220703125,104.60959152777396
2023-12-11,Germany - DAX,16794.4296875,104.82936293235304
2023-12-12,Germany - DAX,16791.740234375,104.81257560089992
2023-12-13,Germany - DAX,16766.05078125,104.6522242787482
2023-12-14,Germany - DAX,16752.23046875,104.56595909547859
2023-12-15,Germany - DAX,16751.439453125,104.56102164505118
2023-12-18,Germany - DAX,16650.55078125,103.9312833689358
2023-12-19,Germany - DAX,16744.41015625,104.51714538804337
2023-12-20,Germany - DAX,16733.05078125,104.44624116165895
2023-12-21,Germany - DAX,16687.419921875,104.16141732379458
2023-12-22,Germany - DAX,16706.1796875,104.27851414195524
2023-12-27,Germany - DAX,16742.0703125,104.5025402877668
2023-12-28,Germany - DAX,16701.55078125,104.24962091352829
2023-12-29,Germany - DAX,16751.640625,104.5622773423204
2024-01-02,Germany - DAX,16769.359375,104.67287623189388
2024-01-03,Germany - DAX,16538.390625,103.23118947203905
2024-01-04,Germany - DAX,16617.2890625,103.72366662627303
2024-01-05,Germany - DAX,16594.2109375,103.57961498614954
2024-01-08,Germany - DAX,16716.470703125,104.34274976245376
2024-01-09,Germany - DAX,16688.359375,104.16728130812933
2024-01-10,Germany - DAX,16689.810546875,104.17633939619735
2024-01-11,Germany - DAX,16547.029296875,103.28511130720037
2024-01-12,Germany - DAX,16704.560546875,104.26840760762362
2024-01-15,Germany - DAX,16622.220703125,103.75444949622157
2024-01-16,Germany - DAX,16571.6796875,103.43897689200053
2024-01-17,Germany - DAX,16431.689453125,102.56517007870904
2024-01-18,Germany - DAX,16567.349609375,103.41194892262394
2024-01-19,Germany - DAX,16555.130859375,103.33568055256532
2024-01-22,Germany - DAX,16683.359375,104.136071744934
2024-01-23,Germany - DAX,16627.08984375,103.78484224663016
2024-01-24,Germany - DAX,16889.919921875,105.42540463320596
2024-01-25,Germany - DAX,16906.919921875,105.53151714807012
2024-01-26,Germany - DAX,16961.390625,105.87151851836501
2024-01-29,Germany - DAX,16941.7109375,105.74867962822583
2024-01-30,Germany - DAX,16972.33984375,105.93986258526856
2024-01-31,Germany - DAX,16903.759765625,105.51179172883181
2024-02-01,Germany - DAX,16859.0390625,105.23264900676786
2024-02-02,Germany - DAX,16918.2109375,105.60199468120773
2024-02-05,Germany - DAX,16904.060546875,105.51366917911777
2024-02-06,Germany - DAX,17033.240234375,106.31999750323496
2024-02-07,Germany - DAX,16921.9609375,105.62540185360423
2024-02-08,Germany - DAX,16963.830078125,105.88674537165834
2024-02-09,Germany - DAX,16926.5,105.65373428519248
2024-02-12,Germany - DAX,17037.349609375,106.34564786298613
2024-02-13,Germany - DAX,16880.830078125,105.36866662261566
2024-02-14,Germany - DAX,16945.48046875,105.77220871297857
2024-02-15,Germany - DAX,17046.689453125,106.40394635173615
2024-02-16,Germany - DAX,17117.439453125,106.84556167095025
2024-02-19,Germany - DAX,17092.259765625,106.6883922612962
2024-02-20,Germany - DAX,17068.4296875,106.53964699545779
2024-02-21,Germany - DAX,17118.119140625,106.84980422094712
2024-02-22,Germany - DAX,17370.44921875,108.42482652481269
2024-02-23,Germany - DAX,17419.330078125,108.72993657875405
2024-02-26,Germany - DAX,17423.23046875,108.75428247629353
2024-02-27,Germany - DAX,17556.490234375,109.58607829162752
2024-02-28,Germany - DAX,17601.220703125,109.8652819698696
2024-02-29,Germany - DAX,17678.189453125,110.34571418330789
2024-03-01,Germany - DAX,17735.0703125,110.70075953836181
2024-03-04,Germany - DAX,17716.169921875,110.58278495123628
2024-03-05,Germany - DAX,17698.400390625,110.4718690895366
2024-03-06,Germany - DAX,17716.7109375,110.5861619235039
2024-03-07,Germany - DAX,17842.849609375,111.37350849375578
2024-03-08,Germany - DAX,17814.509765625,111.19661366486342
2024-03-11,Germany - DAX,17746.26953125,110.7706640834251
2024-03-12,Germany - DAX,17965.109375,112.13664327006
2024-03-13,Germany - DAX,17961.380859375,112.11337020125536
2024-03-14,Germany - DAX,17942.0390625,111.99264039487899
2024-03-15,Germany - DAX,17936.650390625,111.95900477579464
2024-03-18,Germany - DAX,17932.6796875,111.93421999377271
2024-03-19,Germany - DAX,17987.490234375,112.27634263906603
2024-03-20,Germany - DAX,18015.130859375,112.4488730056053
2024-03-21,Germany - DAX,18179.25,113.47329034378552
2024-03-22,Germany - DAX,18205.939453125,113.63988357857629
2024-03-25,Germany - DAX,18261.310546875,113.98550510849346
2024-03-26,Germany - DAX,18384.349609375,114.75350418781134
2024-03-27,Germany - DAX,18477.08984375,115.33238062890683
2024-03-28,Germany - DAX,18492.490234375,115.4285085217956
2024-04-02,Germany - DAX,18283.130859375,114.12170559287564
2024-04-03,Germany - DAX,18367.720703125,114.64970800771559
2024-04-04,Germany - DAX,18403.130859375,114.87073510956385
2024-04-05,Germany - DAX,18175.0390625,113.44700603978195
2024-04-08,Germany - DAX,18318.970703125,114.34541476656099
2024-04-09,Germany - DAX,18076.689453125,112.83311636997668
2024-04-10,Germany - DAX,18097.30078125,112.96177047950813
2024-04-11,Germany - DAX,17954.48046875,112.07029856579867
2024-04-12,Germany - DAX,17930.3203125,111.91949298113992
2024-04-15,Germany - DAX,18026.580078125,112.52033802882838
2024-04-16,Germany - DAX,17766.23046875,110.89525851149402
2024-04-17,Germany - DAX,17770.01953125,110.918909508603
2024-04-18,Germany - DAX,17837.400390625,111.3394949463671
2024-04-19,Germany - DAX,17737.359375,110.71504766651216
2024-04-22,Germany - DAX,17860.80078125,111.48555814036843
2024-04-23,Germany - DAX,18137.650390625,113.2136292162474
2024-04-24,Germany - DAX,18088.69921875,112.90808027782364
2024-04-25,Germany - DAX,17917.279296875,111.83809210088394
2024-04-26,Germany - DAX,18161.009765625,113.35943639430064
2024-04-29,Germany - DAX,18118.3203125,113.09297255728478
2024-04-30,Germany - DAX,17932.169921875,111.93103808127506
2024-05-02,Germany - DAX,17896.5,111.70838954508892
2024-05-03,Germany - DAX,18001.599609375,112.36441212520789
2024-05-06,Germany - DAX,18175.2109375,113.4480788685168
2024-05-07,Germany - DAX,18430.05078125,115.03876691015816
2024-05-08,Germany - DAX,18498.380859375,115.46527728843512
2024-05-09,Germany - DAX,18686.599609375,116.6401222829698
2024-05-10,Germany - DAX,18772.849609375,117.17848724808945
2024-05-13,Germany - DAX,18742.220703125,116.98730429104674
2024-05-14,Germany - DAX,18716.419921875,116.82625806846451
2024-05-15,Germany - DAX,18869.359375,117.78089277393768
2024-05-16,Germany - DAX,18738.810546875,116.96601839364867
2024-05-17,Germany - DAX,18704.419921875,116.75135511679568
2024-05-20,Germany - DAX,18768.9609375,117.15421449796371
2024-05-21,Germany - DAX,18726.759765625,116.89079846985364
2024-05-22,Germany - DAX,18680.19921875,116.60017160383262
2024-05-23,Germany - DAX,18691.3203125,116.66958849947102
2024-05-24,Germany - DAX,18693.369140625,116.68237710563973
2024-05-27,Germany - DAX,18774.7109375,117.19010549563835
2024-05-28,Germany - DAX,18677.869140625,116.58562745973417
2024-05-29,Germany - DAX,18473.2890625,115.30865648438413
2024-05-30,Germany - DAX,18496.7890625,115.45534143140223
2024-05-31,Germany - DAX,18497.939453125,115.46252206918427
2024-06-03,Germany - DAX,18608.16015625,116.15051006910724
2024-06-04,Germany - DAX,18405.640625,114.88640084733963
2024-06-05,Germany - DAX,18575.939453125,115.94939125503163
2024-06-06,Germany - DAX,18652.669921875,116.4283361377239
2024-06-07,Germany - DAX,18557.26953125,115.83285523370965
2024-06-10,Germany - DAX,18494.890625,115.44349155037649
2024-06-11,Germany - DAX,18369.939453125,114.66355725138354
2024-06-12,Germany - DAX,18630.859375,116.29219660951983
2024-06-13,Germany - DAX,18265.6796875,114.01277690258252
2024-06-14,Germany - DAX,18002.01953125,112.36703324086687
2024-06-17,Germany - DAX,18068.2109375,112.78019421613648
2024-06-18,Germany - DAX,18131.970703125,113.1781771030552
2024-06-19,Germany - DAX,18067.91015625,112.7783167658505
2024-06-20,Germany - DAX,18254.1796875,113.94099490723323
2024-06-21,Germany - DAX,18163.51953125,113.37510213207645
2024-06-24,Germany - DAX,18325.580078125,114.38666990790985
2024-06-25,Germany - DAX,18177.619140625,113.46311066204018
2024-06-26,Germany - DAX,18155.240234375,113.32342348426978
2024-06-27,Germany - DAX,18210.55078125,113.66866708588262
2024-06-28,Germany - DAX,18235.44921875,113.82408095760692
2024-07-01,Germany - DAX,18290.66015625,114.16870280620299
2024-07-02,Germany - DAX,18164.060546875,113.37847910434404
2024-07-03,Germany - DAX,18374.529296875,114.692206655098
2024-07-04,Germany - DAX,18450.48046875,115.16628723477662
2024-07-05,Germany - DAX,18475.44921875,115.32213999098335
2024-07-08,Germany - DAX,18472.05078125,115.30092724099903
2024-07-09,Germany - DAX,18236.189453125,113.8287014359081
2024-07-10,Germany - DAX,18407.220703125,114.89626355695879
2024-07-11,Germany - DAX,18534.560546875,115.69110773711893
2024-07-12,Germany - DAX,18748.1796875,117.02449975093305
2024-07-15,Germany - DAX,18590.890625,116.04271516372708
2024-07-16,Germany - DAX,18518.029296875,115.58792111880432
2024-07-17,Germany - DAX,18437.30078125,115.0840207767914
2024-07-18,Germany - DAX,18354.759765625,114.56880696812017
2024-07-19,Germany - DAX,18171.9296875,113.42759759266985
2024-07-22,Germany - DAX,18407.0703125,114.89532483181581
2024-07-23,Germany - DAX,18557.69921875,115.83553730554674
2024-07-24,Germany - DAX,18387.4609375,114.77292482615908
2024-07-25,Germany - DAX,18298.720703125,114.21901603561986
2024-07-26,Germany - DAX,18417.55078125,114.96074300216978
2024-07-29,Germany - DAX,18320.669921875,114.35602114155317
2024-07-30,Germany - DAX,18411.1796875,114.92097519156698
2024-07-31,Germany - DAX,18508.650390625,115.52937880534182
2024-08-01,Germany - DAX,18083.05078125,112.8728232244014
2024-08-02,Germany - DAX,17661.220703125,110.23979672821372
2024-08-05,Germany - DAX,17339.0,108.22852324880824
2024-08-06,Germany - DAX,17354.3203125,108.32415130103648
2024-08-07,Germany - DAX,17615.150390625,109.95222986233412
2024-08-08,Germany - DAX,17680.400390625,110.35951466203335
2024-08-09,Germany - DAX,17722.880859375,110.62467403683753
2024-08-12,Germany - DAX,17726.470703125,110.64708152791295
2024-08-13,Germany - DAX,17812.05078125,111.18126489921383
2024-08-14,Germany - DAX,17885.599609375,111.64035025907594
2024-08-15,Germany - DAX,18183.240234375,113.49819703816368
2024-08-16,Germany - DAX,18322.400390625,114.3668225763153
2024-08-19,Germany - DAX,18421.689453125,114.98657623045531
2024-08-20,Germany - DAX,18357.51953125,114.58603318405571
2024-08-21,Germany - DAX,18448.94921875,115.15672930604805
2024-08-22,Germany - DAX,18493.390625,115.43412868141789
2024-08-23,Germany - DAX,18633.099609375,116.30617995677963
2024-08-26,Germany - DAX,18617.01953125,116.20580951389398
2024-08-27,Germany - DAX,18681.810546875,116.61022937322176
2024-08-28,Germany - DAX,18782.2890625,117.2374074898563
2024-08-29,Germany - DAX,18912.5703125,118.05061167086492
2024-08-30,Germany - DAX,18906.919921875,118.01534242620706
2024-09-02,Germany - DAX,18930.849609375,118.16470944506227
2024-09-03,Germany - DAX,18747.109375,117.01781895381156
2024-09-04,Germany - DAX,18591.849609375,116.04870106041804
2024-09-05,Germany - DAX,18576.5,115.95289013965548
2024-09-06,Germany - DAX,18301.900390625,114.2388633672144
2024-09-09,Germany - DAX,18443.560546875,115.1230936869637
2024-09-10,Germany - DAX,18265.919921875,114.01427642456416
2024-09-11,Germany - DAX,18330.26953125,114.4159410646411
2024-09-12,Germany - DAX,18518.390625,115.59017649739461
2024-09-13,Germany - DAX,18699.400390625,116.72002364124413
2024-09-16,Germany - DAX,18633.109375,116.30624091295773
2024-09-17,Germany - DAX,18726.080078125,116.88655591985678
2024-09-18,Germany - DAX,18711.490234375,116.7954873897516
2024-09-19,Germany - DAX,19002.380859375,118.61120125852564
2024-09-20,Germany - DAX,18720.009765625,116.84866555953992
2024-09-23,Germany - DAX,18846.7890625,117.6400108550762
2024-09-24,Germany - DAX,18996.630859375,118.575310260851
2024-09-25,Germany - DAX,18918.5,118.0876242622169
2024-09-26,Germany - DAX,19238.359375,120.08415853775394
2024-09-27,Germany - DAX,19473.630859375,121.55270258968665
2024-09-30,Germany - DAX,19324.9296875,120.62452286551579
2024-10-01,Germany - DAX,19213.140625,119.92674530338743
2024-10-02,Germany - DAX,19164.75,119.62469524958752
2024-10-03,Germany - DAX,19015.41015625,118.69252899136787
2024-10-04,Germany - DAX,19120.9296875,119.35117268714583
2024-10-07,Germany - DAX,19104.099609375,119.24612080978088
2024-10-08,Germany - DAX,19066.470703125,119.01124446426468
2024-10-09,Germany - DAX,19254.9296875,120.18758898078102
2024-10-10,Germany - DAX,19210.900390625,119.91276195612764
2024-10-11,Germany - DAX,19373.830078125,120.92975483181337
2024-10-14,Germany - DAX,19508.2890625,121.76903606581999
2024-10-15,Germany - DAX,19486.189453125,121.6310922347437
2024-10-16,Germany - DAX,19432.810546875,121.29790576516217
2024-10-17,Germany - DAX,19583.390625,122.23781345800253
2024-10-18,Germany - DAX,19657.369140625,122.69958088970174
2024-10-21,Germany - DAX,19461.189453125,121.475044418767
2024-10-22,Germany - DAX,19421.91015625,121.22986647914922
2024-10-23,Germany - DAX,19377.619140625,120.95340582892233
2024-10-24,Germany - DAX,19443.0,121.36150744140832
2024-10-25,Germany - DAX,19463.58984375,121.4900274473479
2024-10-28,Germany - DAX,19531.619140625,121.91466037533888
2024-10-29,Germany - DAX,19478.0703125,121.58041326825814
2024-10-30,Germany - DAX,19257.33984375,120.20263296554002
2024-10-31,Germany - DAX,19077.5390625,119.08033219654124
2024-11-01,Germany - DAX,19254.970703125,120.1878449967291
2024-11-04,Germany - DAX,19147.849609375,119.51920448774014
2024-11-05,Germany - DAX,19256.26953125,120.1959521684185
2024-11-06,Germany - DAX,19039.310546875,118.84171314168874
2024-11-07,Germany - DAX,19362.51953125,120.85915538631953
2024-11-08,Germany - DAX,19215.48046875,119.941350403664
2024-11-11,Germany - DAX,19448.599609375,121.39645971393998
2024-11-12,Germany - DAX,19033.640625,118.80632198467464
2024-11-13,Germany - DAX,19003.109375,118.61574858941309
2024-11-14,Germany - DAX,19263.69921875,120.24232762872909
2024-11-15,Germany - DAX,19210.810546875,119.91220115928898
2024-11-18,Germany - DAX,19189.189453125,119.77724418094039
2024-11-19,Germany - DAX,19060.310546875,118.97279330710917
2024-11-20,Germany - DAX,19004.779296875,118.6261720958709
2024-11-21,Germany - DAX,19146.169921875,119.5087200251042
2024-11-22,Germany - DAX,19322.58984375,120.60991776523923
2024-11-25,Germany - DAX,19405.19921875,121.12555826715727
2024-11-26,Germany - DAX,19295.98046875,120.443824371109
2024-11-27,Germany - DAX,19261.75,120.23016077557716
2024-11-28,Germany - DAX,19425.73046875,121.25371253602815
2024-11-29,Germany - DAX,19626.44921875,122.50658143855118
2024-12-02,Germany - DAX,19933.619140625,124.4239092562444
2024-12-03,Germany - DAX,20016.75,124.94280481807385
2024-12-04,Germany - DAX,20232.140625,126.28725428259821
2024-12-05,Germany - DAX,20358.80078125,127.07785591276146
2024-12-06,Germany - DAX,20384.609375,127.23895090028618
2024-12-09,Germany - DAX,20345.9609375,126.99771072977468
2024-12-10,Germany - DAX,20329.16015625,126.89284172094408
2024-12-11,Germany - DAX,20399.16015625,127.32977560567886
2024-12-12,Germany - DAX,20426.26953125,127.49898995612863
2024-12-13,Germany - DAX,20405.919921875,127.3719694721707
2024-12-16,Germany - DAX,20313.810546875,126.7970308001815
2024-12-17,Germany - DAX,20246.369140625,126.37606743411307
2024-12-18,Germany - DAX,20242.5703125,126.35235548082599
2024-12-19,Germany - DAX,19969.859375,124.65011763323253
2024-12-20,Germany - DAX,19884.75,124.11887234971681
2024-12-23,Germany - DAX,19848.76953125,123.89428540706658
2024-12-27,Germany - DAX,19984.3203125,124.74038154178655
2024-12-30,Germany - DAX,19909.140625,124.27111650017908
2025-01-02,Germany - DAX,20024.66015625,124.99217932234774
2025-01-03,Germany - DAX,19906.080078125,124.25201283395756
2025-01-06,Germany - DAX,20216.189453125,126.18768846126369
2025-01-07,Germany - DAX,20340.5703125,126.9640629194547
2025-01-08,Germany - DAX,20329.939453125,126.89770602395774
2025-01-09,Germany - DAX,20317.099609375,126.81756084097093
2025-01-10,Germany - DAX,20214.7890625,126.17894734532187
2025-01-13,Germany - DAX,20132.849609375,125.66748843722257
2025-01-14,Germany - DAX,20271.330078125,126.53187142537732
2025-01-15,Germany - DAX,20574.6796875,128.42535318619161
2025-01-16,Germany - DAX,20655.390625,128.92914380708393
2025-01-17,Germany - DAX,20903.390625,130.4771381415729
2025-01-20,Germany - DAX,20990.310546875,131.01968470051133
2025-01-21,Germany - DAX,21042.0,131.3423257512788
2025-01-22,Germany - DAX,21254.26953125,132.6672936212773
2025-01-23,Germany - DAX,21411.529296875,133.64889533994895
2025-01-24,Germany - DAX,21394.9296875,133.54528202838753
2025-01-27,Germany - DAX,21282.1796875,132.84150637833255
2025-01-28,Germany - DAX,21430.580078125,133.76780865221744
2025-01-29,Germany - DAX,21637.529296875,135.05956759637843
2025-01-30,Germany - DAX,21727.19921875,135.6192794150743
2025-01-31,Germany - DAX,21732.05078125,135.64956244436226
2025-02-03,Germany - DAX,21428.240234375,133.75320355194089
2025-02-04,Germany - DAX,21505.69921875,134.2366957655206
2025-02-05,Germany - DAX,21585.9296875,134.7374873424496
2025-02-06,Germany - DAX,21902.419921875,136.71299173653665
2025-02-07,Germany - DAX,21787.0,135.9925506673848
2025-02-10,Germany - DAX,21911.740234375,136.77116831293048
2025-02-11,Germany - DAX,22037.830078125,137.55821010229178
2025-02-12,Germany - DAX,22148.029296875,138.24606399862287
2025-02-13,Germany - DAX,22612.01953125,141.14225050697254
2025-02-14,Germany - DAX,22513.419921875,140.5268003590075
2025-02-17,Germany - DAX,22798.08984375,142.3036851423217
2025-02-18,Germany - DAX,22844.5,142.59337328319972
2025-02-19,Germany - DAX,22433.630859375,140.02876400132934
2025-02-20,Germany - DAX,22314.650390625,139.2860983096364
2025-02-21,Germany - DAX,22287.560546875,139.1170058715429
2025-02-24,Germany - DAX,22425.9296875,139.98069395926714
2025-02-25,Germany - DAX,22410.26953125,139.88294463204048
2025-02-26,Germany - DAX,22794.109375,142.27883940412167
2025-02-27,Germany - DAX,22550.890625,140.76068921443823
2025-02-28,Germany - DAX,22551.4296875,140.76405399547022
2025-03-03,Germany - DAX,23147.01953125,144.48167376887417
2025-03-04,Germany - DAX,22326.810546875,139.36200094262634
2025-03-05,Germany - DAX,23081.029296875,144.06976849087377
2025-03-06,Germany - DAX,23419.48046875,146.18235113830787
2025-03-07,Germany - DAX,23008.939453125,143.61978998402216
2025-03-10,Germany - DAX,22620.94921875,141.1979888362417
2025-03-11,Germany - DAX,22328.76953125,139.3742287519564
2025-03-12,Germany - DAX,22676.41015625,141.54417116299754
2025-03-13,Germany - DAX,22567.140625,140.8621202948231
2025-03-14,Germany - DAX,22986.8203125,143.48172424058964
2025-03-17,Germany - DAX,23154.5703125,144.52880508579338
2025-03-18,Germany - DAX,23380.69921875,145.94028196377397
2025-03-19,Germany - DAX,23288.060546875,145.36203946693092
2025-03-20,Germany - DAX,22999.150390625,143.55868751107877
2025-03-21,Germany - DAX,22891.6796875,142.88786477091327
2025-03-24,Germany - DAX,22852.66015625,142.64430826563336
2025-03-25,Germany - DAX,23109.7890625,144.2492844354251
2025-03-26,Germany - DAX,22839.029296875,142.55922563221918
2025-03-27,Germany - DAX,22678.740234375,141.558715307096
2025-03-28,Germany - DAX,22461.51953125,140.20284265479273
2025-03-31,Germany - DAX,22163.490234375,138.342569819816
2025-04-01,Germany - DAX,22539.98046875,140.69258897224714
2025-04-02,Germany - DAX,22390.83984375,139.76166622006107
2025-04-03,Germany - DAX,21717.390625,135.55805502977464
2025-04-04,Germany - DAX,20641.720703125,128.8438173489573
2025-04-07,Germany - DAX,19789.619140625,123.52507383621855
2025-04-08,Germany - DAX,20280.259765625,126.58760975464651
2025-04-09,Germany - DAX,19670.880859375,122.7839198577429
2025-04-10,Germany - DAX,20562.73046875,128.350767206649
2025-04-11,Germany - DAX,20374.099609375,127.17334986139784
2025-04-14,Germany - DAX,20954.830078125,130.79821871418062
2025-04-15,Germany - DAX,21253.69921875,132.66373378047535
2025-04-16,Germany - DAX,21311.01953125,133.02152216354446
2025-04-17,Germany - DAX,21205.859375,132.36512165512116
2025-04-22,Germany - DAX,21293.529296875,132.91234964853885
2025-04-23,Germany - DAX,21961.970703125,137.08470251068746
2025-04-24,Germany - DAX,22064.509765625,137.72474238090442
2025-04-25,Germany - DAX,22242.44921875,138.8354249023543
2025-04-28,Germany - DAX,22271.669921875,139.0178179785127
2025-04-29,Germany - DAX,22425.830078125,139.98007220625036
2025-04-30,Germany - DAX,22496.98046875,140.4241867287672
2025-05-02,Germany - DAX,23086.650390625,144.10485486699727
2025-05-05,Germany - DAX,23344.5390625,145.71457342744642
2025-05-06,Germany - DAX,23249.650390625,145.12228662716544
2025-05-07,Germany - DAX,23115.9609375,144.28780873999435
2025-05-08,Germany - DAX,23352.689453125,145.76544745370194
2025-05-09,Germany - DAX,23499.3203125,146.68070446811222
2025-05-12,Germany - DAX,23566.5390625,147.10027803331963
2025-05-13,Germany - DAX,23638.560546875,147.5498298469244
2025-05-14,Germany - DAX,23527.009765625,146.85353961554205
2025-05-15,Germany - DAX,23695.58984375,147.90580173588566
2025-05-16,Germany - DAX,23767.4296875,148.35421976457746
2025-05-19,Germany - DAX,23934.98046875,149.40005710374766
2025-05-20,Germany - DAX,24036.109375,150.03129490184472
2025-05-21,Germany - DAX,24122.400390625,150.56991588291245
2025-05-22,Germany - DAX,23999.169921875,149.8007220625035
2025-05-23,Germany - DAX,23629.580078125,147.49377454552902
2025-05-26,Germany - DAX,24027.650390625,149.9784946603607
2025-05-27,Germany - DAX,24226.490234375,151.21963559421422
2025-05-28,Germany - DAX,24038.189453125,150.0442785677834
2025-05-29,Germany - DAX,23933.23046875,149.3891337566293
2025-05-30,Germany - DAX,23997.48046875,149.79017664368942
2025-06-02,Germany - DAX,23930.669921875,149.37315104672732
2025-06-03,Germany - DAX,24091.619140625,150.3777820094911
2025-06-04,Germany - DAX,24276.48046875,151.53167026998955
2025-06-05,Germany - DAX,24323.580078125,151.82566191704254
2025-06-06,Germany - DAX,24304.4609375,151.70632191152723
2025-06-09,Germany - DAX,24174.3203125,150.89399549948345
2025-06-10,Germany - DAX,23987.560546875,149.7282573579593
2025-06-11,Germany - DAX,23948.900390625,149.48694404003407
2025-06-12,Germany - DAX,23771.44921875,148.37930932749
2025-06-13,Germany - DAX,23516.23046875,146.78625618613773
2025-06-16,Germany - DAX,23699.119140625,147.92783129865674
2025-06-17,Germany - DAX,23434.650390625,146.27704046539313
2025-06-18,Germany - DAX,23317.810546875,145.5477363679432
2025-06-19,Germany - DAX,23057.380859375,143.92215700994828
2025-06-20,Germany - DAX,23350.55078125,145.75209805069457
2025-06-23,Germany - DAX,23269.009765625,145.2431261546624
2025-06-24,Germany - DAX,23641.580078125,147.56867749719785
2025-06-25,Germany - DAX,23498.330078125,146.6745235116513
2025-06-26,Germany - DAX,23649.30078125,147.61686945161628
2025-06-27,Germany - DAX,24033.220703125,150.01326406435803
2025-06-30,Germany - DAX,23909.609375,149.24169295300254
2025-07-01,Germany - DAX,23673.2890625,147.7666022075402
2025-07-02,Germany - DAX,23790.109375,148.49578439263388
2025-07-03,Germany - DAX,23934.130859375,149.39475391625157
2025-07-04,Germany - DAX,23787.44921875,148.4791799297151
2025-07-07,Germany - DAX,24073.669921875,150.2657445541141
2025-07-08,Germany - DAX,24206.91015625,151.09741845709186
2025-07-09,Germany - DAX,24549.560546875,153.23621226111578
2025-07-10,Germany - DAX,24456.810546875,152.65727486384216
2025-07-11,Germany - DAX,24255.310546875,151.3995294670699
2025-07-14,Germany - DAX,24160.640625,150.80860808517872
2025-07-15,Germany - DAX,24060.2890625,150.18222239885966
2025-07-16,Germany - DAX,24009.380859375,149.8644578423415
2025-07-17,Germany - DAX,24370.9296875,152.1212140422553
2025-07-18,Germany - DAX,24289.509765625,151.6129980028318
2025-07-21,Germany - DAX,24307.80078125,151.72716892444288
2025-07-22,Germany - DAX,24041.900390625,150.06744191546744
2025-07-23,Germany - DAX,24240.8203125,151.30908268998152
2025-07-24,Germany - DAX,24295.9296875,151.6530705943252
2025-07-25,Germany - DAX,24217.5,151.16351933664075
2025-07-28,Germany - DAX,23970.359375,149.62088914582594
2025-07-29,Germany - DAX,24217.369140625,151.16270252385397
2025-07-30,Germany - DAX,24262.220703125,151.44266205870468
2025-07-31,Germany - DAX,24065.470703125,150.214565746968
2025-08-01,Germany - DAX,23425.970703125,146.2228626142837
2025-08-04,Germany - DAX,23757.689453125,148.2934220725247
2025-08-05,Germany - DAX,23846.0703125,148.84508767570924
2025-08-06,Germany - DAX,23924.359375,149.3337611644288
2025-08-07,Germany - DAX,24192.5,151.00747152066404
2025-08-08,Germany - DAX,24162.859375,150.82245732884664
2025-08-11,Germany - DAX,24081.33984375,150.31361953640632
2025-08-12,Germany - DAX,24024.779296875,149.96057354399463
2025-08-13,Germany - DAX,24185.58984375,150.9643389290292
2025-08-14,Germany - DAX,24377.5,152.1622253588917
2025-08-15,Germany - DAX,24359.30078125,152.0486274253549
2025-08-18,Germany - DAX,24314.76953125,151.77066725314637
2025-08-19,Germany - DAX,24423.0703125,152.44667126845175
2025-08-20,Germany - DAX,24276.970703125,151.53473027013095
2025-08-21,Germany - DAX,24293.33984375,151.63690501588886
2025-08-22,Germany - DAX,24363.08984375,152.07227842246388
2025-08-25,Germany - DAX,24273.119140625,151.51068915348205
2025-08-26,Germany - DAX,24152.869140625,150.76009915863406
2025-08-27,Germany - DAX,24046.2109375,150.0943479724878
2025-08-28,Germany - DAX,24039.919921875,150.05508000254554
2025-08-29,Germany - DAX,23902.2109375,149.19551255246193
2025-09-01,Germany - DAX,24037.330078125,150.03891442410918
2025-09-02,Germany - DAX,23487.330078125,146.60586247262154
2025-09-03,Germany - DAX,23594.80078125,147.27668521278704
2025-09-04,Germany - DAX,23770.330078125,148.3723237494779
2025-09-05,Germany - DAX,23596.98046875,147.2902906317425
2025-09-08,Germany - DAX,23807.130859375,148.60203101108988
2025-09-09,Germany - DAX,23718.44921875,148.04848795761936
2025-09-10,Germany - DAX,23632.94921875,147.51480442697903
2025-09-11,Germany - DAX,23703.650390625,147.95611496530253
2025-09-12,Germany - DAX,23698.150390625,147.92178444578767
2025-09-15,Germany - DAX,23748.859375,148.2383054962723
2025-09-16,Germany - DAX,23329.240234375,145.61907947881005
2025-09-17,Germany - DAX,23359.1796875,145.8059589296778
2025-09-18,Germany - DAX,23674.529296875,147.77434364216091
2025-09-19,Germany - DAX,23639.41015625,147.5551330344205
2025-09-22,Germany - DAX,23527.05078125,146.85379563149016
2025-09-23,Germany - DAX,23611.330078125,147.37985963986603
2025-09-24,Germany - DAX,23666.810546875,147.7261638789781
2025-09-25,Germany - DAX,23534.830078125,146.90235332297726
2025-09-26,Germany - DAX,23739.470703125,148.17970222663166
2025-09-29,Germany - DAX,23745.060546875,148.2145935429852
2025-09-30,Germany - DAX,23880.720703125,149.06137238690008
2025-10-01,Germany - DAX,24113.619140625,150.5151040875506
2025-10-02,Germany - DAX,24422.560546875,152.44348935595409
2025-10-03,Germany - DAX,24378.80078125,152.17034472181672
2025-10-06,Germany - DAX,24378.2890625,152.16715061808347
2025-10-07,Germany - DAX,24385.779296875,152.21390400669833
2025-10-08,Germany - DAX,24597.130859375,153.53314199595397
2025-10-09,Germany - DAX,24611.25,153.62127243827393
2025-10-10,Germany - DAX,24241.4609375,151.3130814152659
2025-10-13,Germany - DAX,24387.9296875,152.22732655711948
2025-10-14,Germany - DAX,24236.939453125,151.28485870479824
2025-10-15,Germany - DAX,24181.369140625,150.93799366884753
2025-10-16,Germany - DAX,24272.189453125,151.5048861253254
2025-10-17,Germany - DAX,23830.990234375,148.75095914546264
2025-10-20,Germany - DAX,24258.80078125,151.4213152051285
2025-10-21,Germany - DAX,24330.029296875,151.8659173770703
2025-10-22,Germany - DAX,24151.130859375,150.74924895892943
2025-10-23,Germany - DAX,24207.7890625,151.10290451312227
2025-10-24,Germany - DAX,24239.890625,151.3032796618249
2025-10-27,Germany - DAX,24308.779296875,151.73327673349007
2025-10-28,Germany - DAX,24278.630859375,151.54509282041067
2025-10-29,Germany - DAX,24124.2109375,150.58121715833514
2025-10-30,Germany - DAX,24118.890625,150.54800823249758
2025-10-31,Germany - DAX,23958.30078125,149.54562045708843
2025-11-03,Germany - DAX,24132.41015625,150.63239596548127
2025-11-04,Germany - DAX,23949.109375,149.48824850224577
2025-11-05,Germany - DAX,24049.740234375,150.1163775352589
2025-11-06,Germany - DAX,23734.01953125,148.14567648800735
2025-11-07,Germany - DAX,23569.9609375,147.12163707813144
2025-11-10,Germany - DAX,23959.990234375,149.55616587590248
2025-11-11,Germany - DAX,24088.060546875,150.35556957818568
2025-11-12,Germany - DAX,24381.4609375,152.1869491847355
2025-11-13,Germany - DAX,24041.619140625,150.0656863775377
2025-11-14,Germany - DAX,23876.55078125,149.03534409884458
2025-11-17,Germany - DAX,23590.51953125,147.24996202430103
2025-11-18,Germany - DAX,23180.529296875,144.69083879846107
2025-11-19,Germany - DAX,23162.919921875,144.5809226180825
2025-11-20,Germany - DAX,23278.849609375,145.304545599732
2025-11-21,Germany - DAX,23091.869140625,144.13742984858243
2025-11-24,Germany - DAX,23239.1796875,145.05692941298958
2025-11-25,Germany - DAX,23464.630859375,146.46417593220892
2025-11-26,Germany - DAX,23726.220703125,148.096996884164
2025-11-27,Germany - DAX,23767.9609375,148.357535780667
2025-11-28,Germany - DAX,23836.7890625,148.78715492402787
2025-12-01,Germany - DAX,23589.439453125,147.2432202710014
2025-12-02,Germany - DAX,23710.859375,148.00111281598768
2025-12-03,Germany - DAX,23693.7109375,147.89407376721616
2025-12-04,Germany - DAX,23882.029296875,149.06954051476762
2025-12-05,Germany - DAX,24028.140625,149.98155466050213
2025-12-08,Germany - DAX,24046.009765625,150.09309227521862
2025-12-09,Germany - DAX,24162.650390625,150.82115286663495
2025-12-10,Germany - DAX,24130.140625,150.61822974968712
2025-12-11,Germany - DAX,24294.609375,151.6448293190439
2025-12-12,Germany - DAX,24186.490234375,150.9699590886515
2025-12-15,Germany - DAX,24229.91015625,151.24098244779043
2025-12-16,Germany - DAX,24076.869140625,150.28571379806485
2025-12-17,Germany - DAX,23960.58984375,149.5599085852388
2025-12-18,Germany - DAX,24199.5,151.0511649091375
2025-12-19,Germany - DAX,24288.400390625,151.6060733809978
2025-12-22,Germany - DAX,24283.970703125,151.57842365860444
2025-12-23,Germany - DAX,24340.060546875,151.92853156323093
2025-12-29,Germany - DAX,24351.119140625,151.9975583393294
2025-12-30,Germany - DAX,24490.41015625,152.86700069026776
2026-01-02,Germany - DAX,24539.33984375,153.1724155250997
2026-01-05,Germany - DAX,24868.689453125,155.22818701452977
2026-01-06,Germany - DAX,24892.19921875,155.374932917726
2026-01-07,Germany - DAX,25122.259765625,156.81095075301604
2026-01-08,Germany - DAX,25127.4609375,156.84341601348058
2026-01-09,Germany - DAX,25261.640625,157.6809539007931
2026-01-12,Germany - DAX,25405.33984375,158.57791187053297
2026-01-13,Germany - DAX,25420.66015625,158.67353992276122
2026-01-14,Germany - DAX,25286.240234375,157.83450251346704
2026-01-15,Germany - DAX,25352.390625,158.24740747278855
2026-01-16,Germany - DAX,25297.130859375,157.9024808433019
2026-01-19,Germany - DAX,24959.060546875,155.79227548681433
2026-01-20,Germany - DAX,24703.119140625,154.19471158828148
2026-01-21,Germany - DAX,24560.98046875,153.3074944158045
2026-01-22,Germany - DAX,24856.470703125,155.15191864447112
2026-01-23,Germany - DAX,24900.7109375,155.4280623225718
2026-01-26,Germany - DAX,24933.080078125,155.6301076705548
2026-01-27,Germany - DAX,24894.439453125,155.38891626498577
2026-01-28,Germany - DAX,24822.7890625,154.9416807861494
2026-01-29,Germany - DAX,24309.4609375,151.73753147472257
2026-01-30,Germany - DAX,24538.810546875,153.16911170024582
2026-02-02,Germany - DAX,24797.51953125,154.78395057965668
2026-02-03,Germany - DAX,24780.7890625,154.6795204553085
2026-02-04,Germany - DAX,24603.0390625,153.57002048371407
2026-02-05,Germany - DAX,24491.060546875,152.8710603717303
2026-02-06,Germany - DAX,24721.4609375,154.30919948201878
2026-02-09,Germany - DAX,25014.869140625,156.1406278535111
2026-02-10,Germany - DAX,24987.849609375,155.9719742999
2026-02-11,Germany - DAX,24856.150390625,155.14991928182894
2026-02-12,Germany - DAX,24852.689453125,155.12831641230466
2026-02-13,Germany - DAX,24914.880859375,155.51650973701797
2026-02-16,Germany - DAX,24800.91015625,154.80511456469853
2026-02-17,Germany - DAX,24998.400390625,156.03783135473643
2026-02-18,Germany - DAX,25278.2109375,157.78438434382016
2026-02-19,Germany - DAX,25043.5703125,156.31977806099374
2026-02-20,Germany - DAX,25260.689453125,157.67501676904462
2026-02-23,Germany - DAX,24991.970703125,155.99769780706492
2026-02-24,Germany - DAX,24986.25,155.96198967792463
2026-02-25,Germany - DAX,25175.939453125,157.14601467288355
2026-02-26,Germany - DAX,25289.01953125,157.85185064175883
2026-02-27,Germany - DAX,25284.259765625,157.82214060054514
2026-03-02,Germany - DAX,24638.0,153.78824360136903
2026-03-03,Germany - DAX,23790.650390625,148.49916136490148
2026-03-04,Germany - DAX,24205.359375,151.08773861600704
2026-03-05,Germany - DAX,23815.75,148.65583093389498
2026-03-06,Germany - DAX,23591.029296875,147.2531439367987
2026-03-09,Germany - DAX,23409.369140625,146.11923711148665
2026-03-10,Germany - DAX,23968.630859375,149.61009990229942
2026-03-11,Germany - DAX,23640.029296875,147.55899765611304
2026-03-12,Germany - DAX,23589.650390625,147.2445369244487
2026-03-13,Germany - DAX,23447.2890625,146.3559299511107
2026-03-16,Germany - DAX,23564.009765625,147.0844903831876
2026-03-17,Germany - DAX,23730.919921875,148.12632899707336
2026-03-18,Germany - DAX,23502.25,146.698991321547
2026-03-19,Germany - DAX,22839.560546875,142.5625416483087
2026-03-20,Germany - DAX,22380.189453125,139.69518741220784
2026-03-23,Germany - DAX,22653.859375,141.4034111564923
2026-03-24,Germany - DAX,22636.91015625,141.29761561375435
2026-03-25,Germany - DAX,22957.080078125,143.29608829575548
2026-03-26,Germany - DAX,22612.970703125,141.14818763872103
2026-03-27,Germany - DAX,22300.75,139.19933328570625
2026-03-30,Germany - DAX,22562.880859375,140.83553120992894
2026-03-31,Germany - DAX,22680.0390625,141.5668224787854
2026-04-01,Germany - DAX,23298.890625,145.42963986846144
2026-04-02,Germany - DAX,23168.080078125,144.61313186259892
2026-04-07,Germany - DAX,22921.58984375,143.07456135324665
2026-04-08,Germany - DAX,24080.630859375,150.3091941178751
2026-04-09,Germany - DAX,23806.990234375,148.601153242125
2026-04-10,Germany - DAX,23803.94921875,148.58217148825972
2026-04-13,Germany - DAX,23742.439453125,148.1982329047789
2026-04-14,Germany - DAX,24044.220703125,150.0819251033878
2026-04-15,Germany - DAX,24066.69921875,150.22223403417496
2026-04-16,Germany - DAX,24154.470703125,150.77009597184508
2026-04-17,Germany - DAX,24702.240234375,154.18922553225104
2026-04-20,Germany - DAX,24417.80078125,152.4137793147404
2026-04-21,Germany - DAX,24270.869140625,151.49664485004416
2026-04-22,Germany - DAX,24194.900390625,151.0224545492449
2026-04-23,Germany - DAX,24155.44921875,150.7762037808923
2026-04-24,Germany - DAX,24128.98046875,150.61098815572694
2026-04-27,Germany - DAX,24083.529296875,150.3272859115399
2026-04-28,Germany - DAX,24018.259765625,149.91987919948446
2026-04-29,Germany - DAX,23954.560546875,149.52227424087005
2026-04-30,Germany - DAX,24292.380859375,151.63091911919787
2026-05-04,Germany - DAX,23991.26953125,149.7514085144077
2026-05-05,Germany - DAX,24401.69921875,152.31327476826291
2026-05-06,Germany - DAX,24918.689453125,155.54028264648318
2026-05-07,Germany - DAX,24663.609375,153.9480950828602
2026-05-08,Germany - DAX,24338.630859375,151.91960757875478
2026-05-11,Germany - DAX,24350.279296875,151.99231610801144
2026-05-12,Germany - DAX,23954.9296875,149.52457838440282
2026-05-13,Germany - DAX,24136.810546875,150.65986281934028
2026-05-14,Germany - DAX,24456.259765625,152.65383693539644
2026-05-15,Germany - DAX,23950.5703125,149.4973675464919
2026-05-18,Germany - DAX,24307.919921875,151.72791258981587
2026-05-19,Germany - DAX,24400.650390625,152.30672807473326
2026-05-20,Germany - DAX,24737.240234375,154.40769247461844
2026-05-21,Germany - DAX,24606.76953125,153.59330574375437
2026-05-22,Germany - DAX,24888.560546875,155.35222064575999
2026-05-25,Germany - DAX,25389.099609375,158.47654174632623
2026-05-26,Germany - DAX,25184.890625,157.2018871057446
2026-05-27,Germany - DAX,25177.80078125,157.15763292043243
2026-05-28,Germany - DAX,25092.25,156.62363241766587
2026-05-29,Germany - DAX,25104.69921875,156.70133935352803
2026-06-01,Germany - DAX,25003.0390625,156.06678553934148
2026-06-02,Germany - DAX,25124.169921875,156.8228737814555
2026-06-03,Germany - DAX,24795.939453125,154.77408787003753
2026-06-04,Germany - DAX,24944.94921875,155.70419380943684
2026-06-05,Germany - DAX,24759.05078125,154.5438320028225
2026-06-08,Germany - DAX,24616.220703125,153.65229913293496
2026-06-09,Germany - DAX,24433.060546875,152.5090294386643
2026-06-10,Germany - DAX,24195.310546875,151.0250147087258
2026-06-11,Germany - DAX,24209.7109375,151.1149006889755
2026-06-12,Germany - DAX,24635.30078125,153.7713953137378
2026-06-15,Germany - DAX,24894.009765625,155.38623419314868
2026-06-16,Germany - DAX,24910.41015625,155.48860399867652
2026-06-17,Germany - DAX,24934.669921875,155.64003133635205
2026-06-18,Germany - DAX,25026.80078125,156.2151041119331
2026-06-19,Germany - DAX,24985.8203125,155.95930760608752
2026-06-22,Germany - DAX,25139.689453125,156.9197453397173
2026-06-23,Germany - DAX,24893.580078125,155.38355212131157
2026-06-24,Germany - DAX,24740.359375,154.42716187790867
2026-06-25,Germany - DAX,24994.830078125,156.01554577601726
2026-06-26,Germany - DAX,24671.220703125,153.99560432808372
2026-06-29,Germany - DAX,24626.890625,153.71889985314436
2026-06-30,Germany - DAX,24995.810546875,156.0216657763001
2026-07-01,Germany - DAX,25040.279296875,156.29923582896868
2026-07-02,Germany - DAX,25580.880859375,159.6736235546376
2026-07-03,Germany - DAX,25779.310546875,160.91220432901022
2026-07-06,Germany - DAX,25817.890625,161.15301780627493
2026-07-07,Germany - DAX,25465.25,158.9518658320384
2026-07-08,Germany - DAX,24897.44921875,155.4077029590811
2026-07-09,Germany - DAX,25118.26953125,156.78604405863788
2026-07-10,Germany - DAX,25067.08984375,156.46658492036806
2026-07-13,Germany - DAX,25114.25,156.76095449572537
2026-07-14,Germany - DAX,25147.029296875,156.9655600031892
2026-07-15,Germany - DAX,24999.529296875,156.04487788892664
2026-07-16,Germany - DAX,24915.490234375,155.5203134025324
2026-07-17,Germany - DAX,24830.98046875,154.99281082835302
2026-07-20,Germany - DAX,24846.689453125,155.09086493647027
2026-07-21,Germany - DAX,25011.349609375,156.11865924691813
2026-07-22,Germany - DAX,25155.41015625,157.0178725952483
2026-07-23,Germany - DAX,24763.119140625,154.5692263466256
2026-07-24,Germany - DAX,25099.0,156.6657653279796
2026-07-27,Germany - DAX,25361.029296875,158.30132930794989
2026-07-28,Germany - DAX,25464.009765625,158.9441243974177
2026-07-29,Germany - DAX,25460.48046875,158.9220948346466
2026-07-30,Germany - DAX,25612.029296875,159.86804938035607
2026-07-31,Germany - DAX,25629.240234375,159.97547854866752
2026-08-03,Germany - DAX,26001.310546875,162.29790893488345
2026-08-04,Germany - DAX,26202.349609375,163.55277720004867
2026-08-05,Germany - DAX,26126.30078125,163.0780870585889
2026-08-06,Germany - DAX,26140.130859375,163.16441319803664
2026-08-07,Germany - DAX,26319.44921875,164.28370273183646
2026-08-10,Germany - DAX,26323.880859375,164.31136464546546
2026-08-11,Germany - DAX,26391.419921875,164.73293757331504
2026-08-12,Germany - DAX,26331.0703125,164.35624058379437
2026-08-13,Germany - DAX,26299.740234375,164.16068097316295
2026-08-14,Germany - DAX,26440.310546875,165.0381085834345
2026-08-17,Germany - DAX,26338.609375,164.40329875329985
2026-08-18,Germany - DAX,26128.359375,163.09093662093574
2026-08-19,Germany - DAX,26091.330078125,162.85980298475585
2026-08-20,Germany - DAX,25983.0390625,162.18385992562858
2026-08-21,Germany - DAX,26136.560546875,163.14212761931745
2026-08-24,Germany - DAX,26106.599609375,162.95511406485787
2026-08-25,Germany - DAX,26266.140625,163.95095514673736
2026-08-26,Germany - DAX,26285.9609375,164.0746718058414
2026-08-27,Germany - DAX,26367.240234375,164.58201007630007
2026-08-28,Germany - DAX,26569.990234375,165.8475578638712
2026-08-31,Germany - DAX,26258.109375,163.90082478585487
2022-01-03,USA - S&P 500,4796.56005859375,100.0
2022-01-04,USA - S&P 500,4793.5400390625,99.93703780429395
2022-01-05,USA - S&P 500,4700.580078125,97.99898303583655
2022-01-06,USA - S&P 500,4696.0498046875,97.90453465236673
2022-01-07,USA - S&P 500,4677.02978515625,97.50800006718681
2022-01-10,USA - S&P 500,4670.2900390625,97.36748799162811
2022-01-11,USA - S&P 500,4713.06982421875,98.25937268886241
2022-01-12,USA - S&P 500,4726.35009765625,98.53624347282573
2022-01-13,USA - S&P 500,4659.02978515625,97.13273112902873
2022-01-14,USA - S&P 500,4662.85009765625,97.21237805210134
2022-01-18,USA - S&P 500,4577.10986328125,95.42484212369399
2022-01-19,USA - S&P 500,4532.759765625,94.50021912065685
2022-01-20,USA - S&P 500,4482.72998046875,93.45718443444221
2022-01-21,USA - S&P 500,4397.93994140625,91.68945843858845
2022-01-24,USA - S&P 500,4410.1298828125,91.94359768124026
2022-01-25,USA - S&P 500,4356.4501953125,90.82446882964119
2022-01-26,USA - S&P 500,4349.93017578125,90.68853767373774
2022-01-27,USA - S&P 500,4326.509765625,90.20026253759535
2022-01-28,USA - S&P 500,4431.85009765625,92.39642667907248
2022-01-31,USA - S&P 500,4515.5498046875,94.14142113361473
2022-02-01,USA - S&P 500,4546.5400390625,94.78751404179123
2022-02-02,USA - S&P 500,4589.3798828125,95.68065085706462
2022-02-03,USA - S&P 500,4477.43994140625,93.34689624878669
2022-02-04,USA - S&P 500,4500.52978515625,93.82827964580329
2022-02-07,USA - S&P 500,4483.8701171875,93.48095431754221
2022-02-08,USA - S&P 500,4521.5400390625,94.26630718323833
2022-02-09,USA - S&P 500,4587.18017578125,95.63479076140483
2022-02-10,USA - S&P 500,4504.080078125,93.90229712761068
2022-02-11,USA - S&P 500,4418.64013671875,92.12102178939884
2022-02-14,USA - S&P 500,4401.669921875,91.76722209469168
2022-02-15,USA - S&P 500,4471.06982421875,93.21409029807026
2022-02-16,USA - S&P 500,4475.009765625,93.29623127739963
2022-02-17,USA - S&P 500,4380.259765625,91.3208572834841
2022-02-18,USA - S&P 500,4348.8701171875,90.66643728135652
2022-02-22,USA - S&P 500,4304.759765625,89.74681257065433
2022-02-23,USA - S&P 500,4225.5,88.09438323261249
2022-02-24,USA - S&P 500,4288.7001953125,89.41199824296282
2022-02-25,USA - S&P 500,4384.64990234375,91.41238405819601
2022-02-28,USA - S&P 500,4373.93994140625,91.18909985437766
2022-03-01,USA - S&P 500,4306.259765625,89.7780849821675
2022-03-02,USA - S&P 500,4386.5400390625,91.45179014705262
2022-03-03,USA - S&P 500,4363.490234375,90.97124149539542
2022-03-04,USA - S&P 500,4328.8701171875,90.24947179451419
2022-03-07,USA - S&P 500,4201.08984375,87.58547359837856
2022-03-08,USA - S&P 500,4170.7001953125,86.95190187059309
2022-03-09,USA - S&P 500,4277.8798828125,89.1864133994954
2022-03-10,USA - S&P 500,4259.52001953125,88.80364193292414
2022-03-11,USA - S&P 500,4204.31005859375,87.65260952088161
2022-03-14,USA - S&P 500,4173.10986328125,87.002139289479
2022-03-15,USA - S&P 500,4262.4501953125,88.86473104148226
2022-03-16,USA - S&P 500,4357.85986328125,90.85385797418499
2022-03-17,USA - S&P 500,4411.669921875,91.97570483811285
2022-03-18,USA - S&P 500,4463.1201171875,93.0483526249433
2022-03-21,USA - S&P 500,4461.18017578125,93.00790819429818
2022-03-22,USA - S&P 500,4511.60986328125,94.05928015428537
2022-03-23,USA - S&P 500,4456.240234375,92.9049189406267
2022-03-24,USA - S&P 500,4520.16015625,94.23753900780333
2022-03-25,USA - S&P 500,4543.06005859375,94.7149624542735
2022-03-28,USA - S&P 500,4575.52001953125,95.39169662503289
2022-03-29,USA - S&P 500,4631.60009765625,96.5608694789102
2022-03-30,USA - S&P 500,4602.4501953125,95.95314431780182
2022-03-31,USA - S&P 500,4530.41015625,94.45123381981003
2022-04-01,USA - S&P 500,4545.85986328125,94.77333355050285
2022-04-04,USA - S&P 500,4582.64013671875,95.54013878150592
2022-04-05,USA - S&P 500,4525.1201171875,94.34094563415452
2022-04-06,USA - S&P 500,4481.14990234375,93.42424253221023
2022-04-07,USA - S&P 500,4500.2099609375,93.82161186274955
2022-04-08,USA - S&P 500,4488.27978515625,93.57288828511237
2022-04-11,USA - S&P 500,4412.52978515625,91.99363150369706
2022-04-12,USA - S&P 500,4397.4501953125,91.67924807766796
2022-04-13,USA - S&P 500,4446.58984375,92.70372494936811
2022-04-14,USA - S&P 500,4392.58984375,91.57791813489384
2022-04-18,USA - S&P 500,4391.68994140625,91.55915672395022
2022-04-19,USA - S&P 500,4462.2099609375,93.02937743774912
2022-04-20,USA - S&P 500,4459.4501953125,92.97184108687918
2022-04-21,USA - S&P 500,4393.66015625,91.60023230352563
2022-04-22,USA - S&P 500,4271.77978515625,89.05923689004418
2022-04-25,USA - S&P 500,4296.1201171875,89.56669080980988
2022-04-26,USA - S&P 500,4175.2001953125,87.04571910513262
2022-04-27,USA - S&P 500,4183.9599609375,87.22834510205526
2022-04-28,USA - S&P 500,4287.5,89.38697624182369
2022-04-29,USA - S&P 500,4131.93017578125,86.14361386715639
2022-05-02,USA - S&P 500,4155.3798828125,86.63249979258613
2022-05-03,USA - S&P 500,4175.47998046875,87.05155214282698
2022-05-04,USA - S&P 500,4300.169921875,89.65112224896687
2022-05-05,USA - S&P 500,4146.8701171875,86.45508586424903
2022-05-06,USA - S&P 500,4123.33984375,85.96452026827902
2022-05-09,USA - S&P 500,3991.239990234375,83.2104662816319
2022-05-10,USA - S&P 500,4001.050048828125,83.41498907450662
2022-05-11,USA - S&P 500,3935.179931640625,82.04171080043427
2022-05-12,USA - S&P 500,3930.080078125,81.93538765523591
2022-05-13,USA - S&P 500,4023.889892578125,83.89116040293769
2022-05-16,USA - S&P 500,4008.010009765625,83.56009224954204
2022-05-17,USA - S&P 500,4088.85009765625,85.24546857972658
2022-05-18,USA - S&P 500,3923.679931640625,81.80195564549993
2022-05-19,USA - S&P 500,3900.7900390625,81.32474088536961
2022-05-20,USA - S&P 500,3901.360107421875,81.33662582691962
2022-05-23,USA - S&P 500,3973.75,82.8458301669847
2022-05-24,USA - S&P 500,3941.47998046875,82.17305594677174
2022-05-25,USA - S&P 500,3978.72998046875,82.94965416601559
2022-05-26,USA - S&P 500,4057.840087890625,84.59896338878113
2022-05-27,USA - S&P 500,4158.240234375,86.69213318667603
2022-05-31,USA - S&P 500,4132.14990234375,86.14819478681164
2022-06-01,USA - S&P 500,4101.22998046875,85.50356777292482
2022-06-02,USA - S&P 500,4176.81982421875,87.07948557290254
2022-06-03,USA - S&P 500,4108.5400390625,85.65596987994427
2022-06-06,USA - S&P 500,4121.43017578125,85.92470698656416
2022-06-07,USA - S&P 500,4160.68017578125,86.74300175449223
2022-06-08,USA - S&P 500,4115.77001953125,85.80670249624491
2022-06-09,USA - S&P 500,4017.820068359375,83.76461504241676
2022-06-10,USA - S&P 500,3900.860107421875,81.32620168974857
2022-06-13,USA - S&P 500,3749.6298828125,78.17331247827244
2022-06-14,USA - S&P 500,3735.47998046875,77.87831143229579
2022-06-15,USA - S&P 500,3789.989990234375,79.01475107028098
2022-06-16,USA - S&P 500,3666.77001953125,76.44582731663469
2022-06-17,USA - S&P 500,3674.840087890625,76.61407431575059
2022-06-21,USA - S&P 500,3764.7900390625,78.48937557484179
2022-06-22,USA - S&P 500,3759.889892578125,78.38721597661899
2022-06-23,USA - S&P 500,3795.72998046875,79.1344199614083
2022-06-24,USA - S&P 500,3911.739990234375,81.55302847143363
2022-06-27,USA - S&P 500,3900.110107421875,81.31056548399198
2022-06-28,USA - S&P 500,3821.550048828125,79.67272383009674
2022-06-29,USA - S&P 500,3818.830078125,79.61601713467547
2022-06-30,USA - S&P 500,3785.3798828125,78.9186382860031
2022-07-01,USA - S&P 500,3825.330078125,79.75153091789923
2022-07-05,USA - S&P 500,3831.389892578125,79.87786759208029
2022-07-06,USA - S&P 500,3845.080078125,80.16328433615602
2022-07-07,USA - S&P 500,3902.6201171875,81.36289485618711
2022-07-08,USA - S&P 500,3899.3798828125,81.29534156100436
2022-07-11,USA - S&P 500,3854.429931640625,80.35821264730838
2022-07-12,USA - S&P 500,3818.800048828125,79.61539107565592
2022-07-13,USA - S&P 500,3801.780029296875,79.26055303916024
2022-07-14,USA - S&P 500,3790.3798828125,79.02287965771369
2022-07-15,USA - S&P 500,3863.159912109375,80.5402176751222
2022-07-18,USA - S&P 500,3830.85009765625,79.86661379946057
2022-07-19,USA - S&P 500,3936.68994140625,82.0731918982873
2022-07-20,USA - S&P 500,3959.89990234375,82.5570795313821
2022-07-21,USA - S&P 500,3998.949951171875,83.37120566242389
2022-07-22,USA - S&P 500,3961.6298828125,82.5931466388011
2022-07-25,USA - S&P 500,3966.840087890625,82.70177042364854
2022-07-26,USA - S&P 500,3921.050048828125,81.74712712713732
2022-07-27,USA - S&P 500,4023.610107421875,83.88532736524334
2022-07-28,USA - S&P 500,4072.429931640625,84.90313645388974
2022-07-29,USA - S&P 500,4130.2900390625,86.1094198468853
2022-08-01,USA - S&P 500,4118.6298828125,85.86632571051337
2022-08-02,USA - S&P 500,4091.18994140625,85.29425028414427
2022-08-03,USA - S&P 500,4155.169921875,86.62812246936001
2022-08-04,USA - S&P 500,4151.93994140625,86.56078295042782
2022-08-05,USA - S&P 500,4145.18994140625,86.42005709861856
2022-08-08,USA - S&P 500,4140.06005859375,86.31310789440064
2022-08-09,USA - S&P 500,4122.47021484375,85.94639000626569
2022-08-10,USA - S&P 500,4210.240234375,87.77624345246609
2022-08-11,USA - S&P 500,4207.27001953125,87.71431959854856
2022-08-12,USA - S&P 500,4280.14990234375,89.23373938944485
2022-08-15,USA - S&P 500,4297.14013671875,89.5879564568317
2022-08-16,USA - S&P 500,4305.2001953125,89.75599476960774
2022-08-17,USA - S&P 500,4274.0400390625,89.10635928356453
2022-08-18,USA - S&P 500,4283.740234375,89.30859161661164
2022-08-19,USA - S&P 500,4228.47998046875,88.15651068295914
2022-08-22,USA - S&P 500,4137.990234375,86.26995563124818
2022-08-23,USA - S&P 500,4128.72998046875,86.07689531733303
2022-08-24,USA - S&P 500,4140.77001953125,86.32790935479782
2022-08-25,USA - S&P 500,4199.1201171875,87.5444081986246
2022-08-26,USA - S&P 500,4057.659912109375,84.59520703466382
2022-08-29,USA - S&P 500,4030.610107421875,84.03126528563816
2022-08-30,USA - S&P 500,3986.159912109375,83.1045554192025
2022-08-31,USA - S&P 500,3955.0,82.45492502307002
2022-09-01,USA - S&P 500,3966.85009765625,82.70197910998839
2022-09-02,USA - S&P 500,3924.260009765625,81.8140492733898
2022-09-06,USA - S&P 500,3908.18994140625,81.47901607953698
2022-09-07,USA - S&P 500,3979.8701171875,82.97342404911561
2022-09-08,USA - S&P 500,4006.179931640625,83.52193827872453
2022-09-09,USA - S&P 500,4067.360107421875,84.79743936771092
2022-09-12,USA - S&P 500,4110.41015625,85.69495859612118
2022-09-13,USA - S&P 500,3932.68994140625,81.98979880091883
2022-09-14,USA - S&P 500,3946.010009765625,82.26749924033082
2022-09-15,USA - S&P 500,3901.35009765625,81.33641714057977
2022-09-16,USA - S&P 500,3873.330078125,80.7522480863208
2022-09-19,USA - S&P 500,3899.889892578125,81.30597438451527
2022-09-20,USA - S&P 500,3855.929931640625,80.38948505882155
2022-09-21,USA - S&P 500,3789.929931640625,79.01349895224187
2022-09-22,USA - S&P 500,3757.989990234375,78.34760629133326
2022-09-23,USA - S&P 500,3693.22998046875,76.99747184134137
2022-09-26,USA - S&P 500,3655.0400390625,76.20127746579453
2022-09-27,USA - S&P 500,3647.2900390625,76.03970333964313
2022-09-28,USA - S&P 500,3719.0400390625,77.53556702368996
2022-09-29,USA - S&P 500,3640.469970703125,75.8975166834549
2022-09-30,USA - S&P 500,3585.6201171875,74.75399188973626
2022-10-03,USA - S&P 500,3678.429931640625,76.6889163630959
2022-10-04,USA - S&P 500,3790.929931640625,79.03434722658399
2022-10-05,USA - S&P 500,3783.280029296875,78.87485996383108
2022-10-06,USA - S&P 500,3744.52001953125,78.06678064673423
2022-10-07,USA - S&P 500,3639.659912109375,75.8806283596592
2022-10-10,USA - S&P 500,3612.389892578125,75.31209551115683
2022-10-11,USA - S&P 500,3588.840087890625,74.82112272232857
2022-10-12,USA - S&P 500,3577.030029296875,74.57490338076961
2022-10-13,USA - S&P 500,3669.909912109375,76.51128865850822
2022-10-14,USA - S&P 500,3583.070068359375,74.7008277721817
2022-10-17,USA - S&P 500,3677.949951171875,76.67890959860455
2022-10-18,USA - S&P 500,3719.97998046875,77.55516317999297
2022-10-19,USA - S&P 500,3695.159912109375,77.03770758564666
2022-10-20,USA - S&P 500,3665.780029296875,76.42518772863242
2022-10-21,USA - S&P 500,3752.75,78.238361537377
2022-10-24,USA - S&P 500,3797.340087890625,79.16798792265982
2022-10-25,USA - S&P 500,3859.110107421875,80.4557862359652
2022-10-26,USA - S&P 500,3830.60009765625,79.86140173087503
2022-10-27,USA - S&P 500,3807.300048828125,79.37563592072159
2022-10-28,USA - S&P 500,3901.06005859375,81.33037032663484
2022-10-31,USA - S&P 500,3871.97998046875,80.72410087999467
2022-11-01,USA - S&P 500,3856.10009765625,80.39303272659902
2022-11-02,USA - S&P 500,3759.68994140625,78.3830473397327
2022-11-03,USA - S&P 500,3719.889892578125,77.55328500293433
2022-11-04,USA - S&P 500,3770.550048828125,78.60946183864881
2022-11-07,USA - S&P 500,3806.800048828125,79.36521178355052
2022-11-08,USA - S&P 500,3828.110107421875,79.8094897313596
2022-11-09,USA - S&P 500,3748.570068359375,78.15121717580196
2022-11-10,USA - S&P 500,3956.3701171875,82.48348960207586
2022-11-11,USA - S&P 500,3992.929931640625,83.2456986436915
2022-11-14,USA - S&P 500,3957.25,82.50183364033978
2022-11-15,USA - S&P 500,3991.72998046875,83.22068173246309
2022-11-16,USA - S&P 500,3958.7900390625,82.53394079721235
2022-11-17,USA - S&P 500,3946.56005859375,82.27896680920114
2022-11-18,USA - S&P 500,3965.340087890625,82.67049801213537
2022-11-21,USA - S&P 500,3949.93994140625,82.34943153332034
2022-11-22,USA - S&P 500,4003.580078125,83.46773581938146
2022-11-23,USA - S&P 500,4027.260009765625,83.96142153062777
2022-11-25,USA - S&P 500,4026.1201171875,83.93765673743849
2022-11-28,USA - S&P 500,3963.93994140625,82.64130737410996
2022-11-29,USA - S&P 500,3957.6298828125,82.50975354143264
2022-11-30,USA - S&P 500,4080.110107421875,85.06325486557292
2022-12-01,USA - S&P 500,4076.570068359375,84.9894511600161
2022-12-02,USA - S&P 500,4071.699951171875,84.88791762081284
2022-12-05,USA - S&P 500,3998.840087890625,83.36891520259626
2022-12-06,USA - S&P 500,3941.260009765625,82.16846993720577
2022-12-07,USA - S&P 500,3933.919921875,82.01544177116678
2022-12-08,USA - S&P 500,3963.510009765625,82.63234404131786
2022-12-09,USA - S&P 500,3934.3798828125,82.02503116297844
2022-12-12,USA - S&P 500,3990.56005859375,83.19629088025425
2022-12-13,USA - S&P 500,4019.64990234375,83.80276392332355
2022-12-14,USA - S&P 500,3995.320068359375,83.29552886971915
2022-12-15,USA - S&P 500,3895.75,81.21966476829962
2022-12-16,USA - S&P 500,3852.360107421875,80.31506038415593
2022-12-19,USA - S&P 500,3817.659912109375,79.5916211925559
2022-12-20,USA - S&P 500,3821.6201171875,79.6741846344757
2022-12-21,USA - S&P 500,3878.43994140625,80.85877991785902
2022-12-22,USA - S&P 500,3822.389892578125,79.69023312300125
2022-12-23,USA - S&P 500,3844.820068359375,80.15786358123064
2022-12-27,USA - S&P 500,3829.25,79.83325452454889
2022-12-28,USA - S&P 500,3783.219970703125,78.873607845792
2022-12-29,USA - S&P 500,3849.280029296875,80.25084607041077
2022-12-30,USA - S&P 500,3839.5,80.04694933655558
2023-01-03,USA - S&P 500,3824.139892578125,79.72671760309996
2023-01-04,USA - S&P 500,3852.969970703125,80.3277749811546
2023-01-05,USA - S&P 500,3808.10009765625,79.39231555817743
2023-01-06,USA - S&P 500,3895.080078125,81.20569805326184
2023-01-09,USA - S&P 500,3892.090087890625,81.14336191657534
2023-01-10,USA - S&P 500,3919.25,81.70959921533935
2023-01-11,USA - S&P 500,3969.610107421875,82.75952055076907
2023-01-12,USA - S&P 500,3983.169921875,83.042219282516
2023-01-13,USA - S&P 500,3999.090087890625,83.37412727118179
2023-01-17,USA - S&P 500,3990.969970703125,83.20483684036665
2023-01-18,USA - S&P 500,3928.860107421875,81.90995337132782
2023-01-19,USA - S&P 500,3898.85009765625,81.28429645472448
2023-01-20,USA - S&P 500,3972.610107421875,82.82206537379541
2023-01-23,USA - S&P 500,4019.81005859375,83.80610290476115
2023-01-24,USA - S&P 500,4016.949951171875,83.74647460058198
2023-01-25,USA - S&P 500,4016.219970703125,83.7312557675051
2023-01-26,USA - S&P 500,4060.429931640625,84.65295716178434
2023-01-27,USA - S&P 500,4070.56005859375,84.86415282762356
2023-01-30,USA - S&P 500,4017.77001953125,83.76357161071752
2023-01-31,USA - S&P 500,4076.60009765625,84.99007721903565
2023-02-01,USA - S&P 500,4119.2099609375,85.87841933840322
2023-02-02,USA - S&P 500,4179.759765625,87.14077827788978
2023-02-03,USA - S&P 500,4136.47998046875,86.23846944348443
2023-02-06,USA - S&P 500,4111.080078125,85.70892531115896
2023-02-07,USA - S&P 500,4164.0,86.81221436057233
2023-02-08,USA - S&P 500,4117.85986328125,85.85027213207708
2023-02-09,USA - S&P 500,4081.5,85.09223172734774
2023-02-10,USA - S&P 500,4090.4599609375,85.27903145106738
2023-02-13,USA - S&P 500,4137.2900390625,86.25535776728012
2023-02-14,USA - S&P 500,4136.1298828125,86.2311705115004
2023-02-15,USA - S&P 500,4147.60009765625,86.47030469732591
2023-02-16,USA - S&P 500,4090.409912109375,85.27798801936812
2023-02-17,USA - S&P 500,4079.090087890625,85.0419892185511
2023-02-21,USA - S&P 500,3997.340087890625,83.33764279108308
2023-02-22,USA - S&P 500,3991.050048828125,83.20650633108546
2023-02-23,USA - S&P 500,4012.320068359375,83.64994953353514
2023-02-24,USA - S&P 500,3970.0400390625,82.76848388356116
2023-02-27,USA - S&P 500,3982.239990234375,83.02283181255284
2023-02-28,USA - S&P 500,3970.14990234375,82.77077434338878
2023-03-01,USA - S&P 500,3951.389892578125,82.37966051313425
2023-03-02,USA - S&P 500,3981.35009765625,83.00427908794907
2023-03-03,USA - S&P 500,4045.639892578125,84.34461036987872
2023-03-06,USA - S&P 500,4048.419921875,84.4025691833391
2023-03-07,USA - S&P 500,3986.3701171875,83.10893783233936
2023-03-08,USA - S&P 500,3992.010009765625,83.22651986006817
2023-03-09,USA - S&P 500,3918.320068359375,81.69021174537619
2023-03-10,USA - S&P 500,3861.590087890625,80.5074895491408
2023-03-13,USA - S&P 500,3855.760009765625,80.38594248095482
2023-03-14,USA - S&P 500,3919.2900390625,81.71043396069877
2023-03-15,USA - S&P 500,3891.929931640625,81.14002293513775
2023-03-16,USA - S&P 500,3960.280029296875,82.56500452238568
2023-03-17,USA - S&P 500,3916.639892578125,81.65518297974572
2023-03-20,USA - S&P 500,3951.570068359375,82.38341686725157
2023-03-21,USA - S&P 500,4002.8701171875,83.45293435898428
2023-03-22,USA - S&P 500,3936.969970703125,82.07903002589238
2023-03-23,USA - S&P 500,3948.719970703125,82.32399724941224
2023-03-24,USA - S&P 500,3970.989990234375,82.78828872620403
2023-03-27,USA - S&P 500,3977.530029296875,82.92463725478719
2023-03-28,USA - S&P 500,3971.27001953125,82.79412685380912
2023-03-29,USA - S&P 500,4027.81005859375,83.97288909949808
2023-03-30,USA - S&P 500,4050.830078125,84.45281678204645
2023-03-31,USA - S&P 500,4109.31005859375,85.67202345838056
2023-04-03,USA - S&P 500,4124.509765625,85.98891112048786
2023-04-04,USA - S&P 500,4100.60009765625,85.49043580324644
2023-04-05,USA - S&P 500,4090.3798828125,85.27736196034857
2023-04-06,USA - S&P 500,4105.02001953125,85.58258354706717
2023-04-10,USA - S&P 500,4109.10986328125,85.66784973158356
2023-04-11,USA - S&P 500,4108.93994140625,85.66430715371683
2023-04-12,USA - S&P 500,4091.949951171875,85.31009517624071
2023-04-13,USA - S&P 500,4146.22021484375,86.44153652189094
2023-04-14,USA - S&P 500,4137.64013671875,86.26265669926416
2023-04-17,USA - S&P 500,4151.31982421875,86.54785457717857
2023-04-18,USA - S&P 500,4154.8701171875,86.62187205898596
2023-04-19,USA - S&P 500,4154.52001953125,86.61457312700193
2023-04-20,USA - S&P 500,4129.7900390625,86.09899570971425
2023-04-21,USA - S&P 500,4133.52001953125,86.17675936581747
2023-04-24,USA - S&P 500,4137.0400390625,86.2501456986946
2023-04-25,USA - S&P 500,4071.6298828125,84.88645681643389
2023-04-26,USA - S&P 500,4055.989990234375,84.56039204528392
2023-04-27,USA - S&P 500,4135.35009765625,86.214913336635
2023-04-28,USA - S&P 500,4169.47998046875,86.92646249677426
2023-05-01,USA - S&P 500,4167.8701171875,86.89289962543347
2023-05-02,USA - S&P 500,4119.580078125,85.88613564306695
2023-05-03,USA - S&P 500,4090.75,85.28507826501232
2023-05-04,USA - S&P 500,4061.219970703125,84.66942811290032
2023-05-05,USA - S&P 500,4136.25,86.2336747475786
2023-05-08,USA - S&P 500,4138.1201171875,86.2726634637555
2023-05-09,USA - S&P 500,4119.169921875,85.87758459304382
2023-05-10,USA - S&P 500,4137.64013671875,86.26265669926416
2023-05-11,USA - S&P 500,4130.6201171875,86.11630140618963
2023-05-12,USA - S&P 500,4124.080078125,85.97995287760648
2023-05-15,USA - S&P 500,4136.27978515625,86.23429571668743
2023-05-16,USA - S&P 500,4109.89990234375,85.68432068269955
2023-05-17,USA - S&P 500,4158.77001953125,86.70317829295591
2023-05-18,USA - S&P 500,4198.0498046875,87.5220940299928
2023-05-19,USA - S&P 500,4191.97998046875,87.39554866947189
2023-05-22,USA - S&P 500,4192.6298828125,87.40909801182997
2023-05-23,USA - S&P 500,4145.580078125,86.42819077596198
2023-05-24,USA - S&P 500,4115.240234375,85.79565738996504
2023-05-25,USA - S&P 500,4151.27978515625,86.54701983181917
2023-05-26,USA - S&P 500,4205.4501953125,87.67637940398163
2023-05-30,USA - S&P 500,4205.52001953125,87.67783511844985
2023-05-31,USA - S&P 500,4179.830078125,87.14224417217946
2023-06-01,USA - S&P 500,4221.02001953125,88.00098337075266
2023-06-02,USA - S&P 500,4282.3701171875,89.28002703760579
2023-06-05,USA - S&P 500,4273.7900390625,89.101147214979
2023-06-06,USA - S&P 500,4283.85009765625,89.31088207643926
2023-06-07,USA - S&P 500,4267.52001953125,88.97042812766107
2023-06-08,USA - S&P 500,4293.93017578125,89.52103431057922
2023-06-09,USA - S&P 500,4298.85986328125,89.62380978800013
2023-06-12,USA - S&P 500,4338.93017578125,90.45920665597446
2023-06-13,USA - S&P 500,4369.009765625,91.0863141971353
2023-06-14,USA - S&P 500,4372.58984375,91.1609526480515
2023-06-15,USA - S&P 500,4425.83984375,92.2711232567692
2023-06-16,USA - S&P 500,4409.58984375,91.93233879870981
2023-06-20,USA - S&P 500,4388.7099609375,91.49702927360357
2023-06-21,USA - S&P 500,4365.68994140625,91.0171015910552
2023-06-22,USA - S&P 500,4381.89013671875,91.35484770732606
2023-06-23,USA - S&P 500,4348.330078125,90.65517839882607
2023-06-26,USA - S&P 500,4328.81982421875,90.24842327290422
2023-06-27,USA - S&P 500,4378.41015625,91.28229611980836
2023-06-28,USA - S&P 500,4376.85986328125,91.2499751866852
2023-06-29,USA - S&P 500,4396.43994140625,91.65818602707527
2023-06-30,USA - S&P 500,4450.3798828125,92.78274072351044
2023-07-03,USA - S&P 500,4455.58984375,92.89135941844717
2023-07-05,USA - S&P 500,4446.81982421875,92.70851964527395
2023-07-06,USA - S&P 500,4411.58984375,91.97403534739405
2023-07-07,USA - S&P 500,4398.9501953125,91.71052048918114
2023-07-10,USA - S&P 500,4409.52978515625,91.9310866806707
2023-07-11,USA - S&P 500,4439.259765625,92.55090546966896
2023-07-12,USA - S&P 500,4472.16015625,93.23682183938176
2023-07-13,USA - S&P 500,4510.0400390625,94.02655202830398
2023-07-14,USA - S&P 500,4505.419921875,93.93023055768624
2023-07-17,USA - S&P 500,4522.7900390625,94.29236752616596
2023-07-18,USA - S&P 500,4554.97998046875,94.96347225566011
2023-07-19,USA - S&P 500,4565.72021484375,95.18738760840874
2023-07-20,USA - S&P 500,4534.8701171875,94.54421630899016
2023-07-21,USA - S&P 500,4536.33984375,94.57485757157306
2023-07-24,USA - S&P 500,4554.64013671875,94.95638709992666
2023-07-25,USA - S&P 500,4567.4599609375,95.22365831225686
2023-07-26,USA - S&P 500,4566.75,95.20885685185968
2023-07-27,USA - S&P 500,4537.41015625,94.59717174020484
2023-07-28,USA - S&P 500,4582.22998046875,95.53158773148279
2023-07-31,USA - S&P 500,4588.9599609375,95.67189621061236
2023-08-01,USA - S&P 500,4576.72998046875,95.41692222260114
2023-08-02,USA - S&P 500,4513.39013671875,94.09639578331436
2023-08-03,USA - S&P 500,4501.89013671875,93.85664062838002
2023-08-04,USA - S&P 500,4478.02978515625,93.35919347310568
2023-08-07,USA - S&P 500,4518.43994140625,94.20167549681346
2023-08-08,USA - S&P 500,4499.3798828125,93.80430616627416
2023-08-09,USA - S&P 500,4467.7099609375,93.14404294663076
2023-08-10,USA - S&P 500,4468.830078125,93.16739545705109
2023-08-11,USA - S&P 500,4464.0498046875,93.06773500499574
2023-08-14,USA - S&P 500,4489.72021484375,93.6029187584079
2023-08-15,USA - S&P 500,4437.85986328125,92.5217199215543
2023-08-16,USA - S&P 500,4404.330078125,91.82268176198458
2023-08-17,USA - S&P 500,4370.35986328125,91.11446140346145
2023-08-18,USA - S&P 500,4369.7099609375,91.10091206110336
2023-08-21,USA - S&P 500,4399.77001953125,91.72761240940595
2023-08-22,USA - S&P 500,4387.5498046875,91.47284201782385
2023-08-23,USA - S&P 500,4436.009765625,92.4831485780571
2023-08-24,USA - S&P 500,4376.31005859375,91.23851270772562
2023-08-25,USA - S&P 500,4405.7099609375,91.85144993741955
2023-08-28,USA - S&P 500,4433.31005859375,92.42686434522625
2023-08-29,USA - S&P 500,4497.6298828125,93.76782168617545
2023-08-30,USA - S&P 500,4514.8701171875,94.12725082214783
2023-08-31,USA - S&P 500,4507.66015625,93.97693557852689
2023-09-01,USA - S&P 500,4515.77001953125,94.14601223309145
2023-09-05,USA - S&P 500,4496.830078125,93.75114713863033
2023-09-06,USA - S&P 500,4465.47998046875,93.09755170204069
2023-09-07,USA - S&P 500,4451.14013671875,92.79859070551761
2023-09-08,USA - S&P 500,4457.490234375,92.93097928355435
2023-09-11,USA - S&P 500,4487.4599609375,93.55579636488756
2023-09-12,USA - S&P 500,4461.89990234375,93.02291325112448
2023-09-13,USA - S&P 500,4467.43994140625,93.13841350536552
2023-09-14,USA - S&P 500,4505.10009765625,93.9235627746325
2023-09-15,USA - S&P 500,4450.31982421875,92.78148860547135
2023-09-18,USA - S&P 500,4453.52978515625,92.84841075172382
2023-09-19,USA - S&P 500,4443.9501953125,92.64869283457638
2023-09-20,USA - S&P 500,4402.2001953125,91.77827738079301
2023-09-21,USA - S&P 500,4330.0,90.27302790136363
2023-09-22,USA - S&P 500,4320.06005859375,90.06579727598158
2023-09-25,USA - S&P 500,4337.43994140625,90.42813784089041
2023-09-26,USA - S&P 500,4273.52978515625,89.09572137014288
2023-09-27,USA - S&P 500,4274.509765625,89.1161522718053
2023-09-28,USA - S&P 500,4299.7001953125,89.6413292607261
2023-09-29,USA - S&P 500,4288.0498046875,89.39843872078328
2023-10-02,USA - S&P 500,4288.39013671875,89.40553405633818
2023-10-03,USA - S&P 500,4229.4501953125,88.17673798819243
2023-10-04,USA - S&P 500,4263.75,88.89182972619844
2023-10-05,USA - S&P 500,4258.18994140625,88.77591209927769
2023-10-06,USA - S&P 500,4308.5,89.82479000300813
2023-10-09,USA - S&P 500,4335.66015625,90.39103239168288
2023-10-10,USA - S&P 500,4358.240234375,90.8617880550993
2023-10-11,USA - S&P 500,4376.9501953125,91.25185845365458
2023-10-12,USA - S&P 500,4349.60986328125,90.68185971086254
2023-10-13,USA - S&P 500,4327.77978515625,90.22674025320269
2023-10-16,USA - S&P 500,4373.6298828125,91.18263566775302
2023-10-17,USA - S&P 500,4373.2001953125,91.17367742487164
2023-10-18,USA - S&P 500,4314.60009765625,89.95196651245934
2023-10-19,USA - S&P 500,4278.0,89.18891763557359
2023-10-20,USA - S&P 500,4224.16015625,88.06644980253692
2023-10-23,USA - S&P 500,4217.0400390625,87.9180076460639
2023-10-24,USA - S&P 500,4247.68017578125,88.55680162225634
2023-10-25,USA - S&P 500,4186.77001953125,87.28692997453518
2023-10-26,USA - S&P 500,4137.22998046875,86.25410564924103
2023-10-27,USA - S&P 500,4117.3701171875,85.8400617711566
2023-10-30,USA - S&P 500,4166.81982421875,86.87100282948137
2023-10-31,USA - S&P 500,4193.7998046875,87.43348886403881
2023-11-01,USA - S&P 500,4237.85986328125,88.35206505313103
2023-11-02,USA - S&P 500,4317.77978515625,90.01825750978153
2023-11-03,USA - S&P 500,4358.33984375,90.86386473867634
2023-11-06,USA - S&P 500,4365.97998046875,91.02314840500011
2023-11-07,USA - S&P 500,4378.3798828125,91.28166497087807
2023-11-08,USA - S&P 500,4382.77978515625,91.3733953420191
2023-11-09,USA - S&P 500,4347.35009765625,90.63474749716364
2023-11-10,USA - S&P 500,4415.240234375,92.05013969259993
2023-11-13,USA - S&P 500,4411.5498046875,91.97320060203464
2023-11-14,USA - S&P 500,4495.7001953125,93.7275910317809
2023-11-15,USA - S&P 500,4502.8798828125,93.87727512647156
2023-11-16,USA - S&P 500,4508.240234375,93.98902920641675
2023-11-17,USA - S&P 500,4514.02001953125,94.10952775299273
2023-11-20,USA - S&P 500,4547.3798828125,94.80502333469573
2023-11-21,USA - S&P 500,4538.18994140625,94.61342891507026
2023-11-22,USA - S&P 500,4556.6201171875,94.9976662759312
2023-11-24,USA - S&P 500,4559.33984375,95.05436788144172
2023-11-27,USA - S&P 500,4550.43017578125,94.86861667933206
2023-11-28,USA - S&P 500,4554.89013671875,94.96159916851218
2023-11-29,USA - S&P 500,4550.580078125,94.8717418845191
2023-11-30,USA - S&P 500,4567.7998046875,95.23074346799032
2023-12-01,USA - S&P 500,4594.6298828125,95.79010429736073
2023-12-04,USA - S&P 500,4569.77978515625,95.27202264399484
2023-12-05,USA - S&P 500,4567.18017578125,95.2178252745625
2023-12-06,USA - S&P 500,4549.33984375,94.84588513802056
2023-12-07,USA - S&P 500,4585.58984375,95.60163508292227
2023-12-08,USA - S&P 500,4604.3701171875,95.99317137576723
2023-12-11,USA - S&P 500,4622.43994140625,96.36989602839355
2023-12-12,USA - S&P 500,4643.7001953125,96.81313563441411
2023-12-13,USA - S&P 500,4707.08984375,98.13470041548942
2023-12-14,USA - S&P 500,4719.5498046875,98.39446909940646
2023-12-15,USA - S&P 500,4719.18994140625,98.38696657099331
2023-12-18,USA - S&P 500,4740.56005859375,98.83249663684148
2023-12-19,USA - S&P 500,4768.3701171875,99.41228836787431
2023-12-20,USA - S&P 500,4698.35009765625,97.95249179124647
2023-12-21,USA - S&P 500,4746.75,98.96154623344061
2023-12-22,USA - S&P 500,4754.6298828125,99.12582819209933
2023-12-26,USA - S&P 500,4774.75,99.54529791501987
2023-12-27,USA - S&P 500,4781.580078125,99.68769325754796
2023-12-28,USA - S&P 500,4783.35009765625,99.72459511032636
2023-12-29,USA - S&P 500,4769.830078125,99.44272603402808
2024-01-02,USA - S&P 500,4742.830078125,98.87982262679095
2024-01-03,USA - S&P 500,4704.81005859375,98.08717082911083
2024-01-04,USA - S&P 500,4688.68017578125,97.75089060712963
2024-01-05,USA - S&P 500,4697.240234375,97.92935305707672
2024-01-08,USA - S&P 500,4763.5400390625,99.31158957403045
2024-01-09,USA - S&P 500,4756.5,99.16481690827624
2024-01-10,USA - S&P 500,4783.4501953125,99.72668197372487
2024-01-11,USA - S&P 500,4780.240234375,99.65975982747239
2024-01-12,USA - S&P 500,4783.830078125,99.73460187481771
2024-01-16,USA - S&P 500,4765.97998046875,99.36245814184666
2024-01-17,USA - S&P 500,4739.2099609375,98.80434943051533
2024-01-18,USA - S&P 500,4780.93994140625,99.674347511619
2024-01-19,USA - S&P 500,4839.81005859375,100.90168786529654
2024-01-22,USA - S&P 500,4850.43017578125,101.12309898196696
2024-01-23,USA - S&P 500,4864.60009765625,101.41851740062332
2024-01-24,USA - S&P 500,4868.5498046875,101.5008619763818
2024-01-25,USA - S&P 500,4894.16015625,102.03479361175485
2024-01-26,USA - S&P 500,4890.97021484375,101.96828883818208
2024-01-29,USA - S&P 500,4927.93017578125,102.73884024348096
2024-01-30,USA - S&P 500,4924.97021484375,102.677130165814
2024-01-31,USA - S&P 500,4845.64990234375,101.02343852991163
2024-02-01,USA - S&P 500,4906.18994140625,102.28559387296907
2024-02-02,USA - S&P 500,4958.60986328125,103.37845878521136
2024-02-05,USA - S&P 500,4942.81005859375,103.04906012253451
2024-02-06,USA - S&P 500,4954.22998046875,103.28714578675005
2024-02-07,USA - S&P 500,4995.06005859375,104.1383824569101
2024-02-08,USA - S&P 500,4997.91015625,104.1978020747494
2024-02-09,USA - S&P 500,5026.60986328125,104.79614144047527
2024-02-12,USA - S&P 500,5021.83984375,104.69669476467051
2024-02-13,USA - S&P 500,4953.169921875,103.26504539436883
2024-02-14,USA - S&P 500,5000.6201171875,104.25430008383083
2024-02-15,USA - S&P 500,5029.72998046875,104.86119049957982
2024-02-16,USA - S&P 500,5005.56982421875,104.35749293393144
2024-02-20,USA - S&P 500,4975.509765625,103.73079258562885
2024-02-21,USA - S&P 500,4981.7998046875,103.86192904562648
2024-02-22,USA - S&P 500,5087.02978515625,106.05579254745452
2024-02-23,USA - S&P 500,5088.7998046875,106.09269440023293
2024-02-26,USA - S&P 500,5069.52978515625,105.69094774646747
2024-02-27,USA - S&P 500,5078.18017578125,105.87129346338395
2024-02-28,USA - S&P 500,5069.759765625,105.6957424423733
2024-02-29,USA - S&P 500,5096.27001953125,106.24843548868996
2024-03-01,USA - S&P 500,5137.080078125,107.0992547861703
2024-03-04,USA - S&P 500,5130.9501953125,106.97145730761028
2024-03-05,USA - S&P 500,5078.64990234375,105.88108645162472
2024-03-06,USA - S&P 500,5104.759765625,106.42543204434737
2024-03-07,USA - S&P 500,5157.35986328125,107.522053310707
2024-03-08,USA - S&P 500,5123.68994140625,106.82009354237935
2024-03-11,USA - S&P 500,5117.93994140625,106.70021596491219
2024-03-12,USA - S&P 500,5175.27001953125,107.89544916171717
2024-03-13,USA - S&P 500,5165.31005859375,107.6878011636554
2024-03-14,USA - S&P 500,5150.47998046875,107.37861962639037
2024-03-15,USA - S&P 500,5117.08984375,106.68249289575711
2024-03-18,USA - S&P 500,5149.419921875,107.35651923400916
2024-03-19,USA - S&P 500,5178.509765625,107.96299227707846
2024-03-20,USA - S&P 500,5224.6201171875,108.92431353646488
2024-03-21,USA - S&P 500,5241.52978515625,109.27685093331148
2024-03-22,USA - S&P 500,5234.18017578125,109.12362426075408
2024-03-25,USA - S&P 500,5218.18994140625,108.79025546770936
2024-03-26,USA - S&P 500,5203.580078125,108.48566502992102
2024-03-27,USA - S&P 500,5248.490234375,109.42196428816835
2024-03-28,USA - S&P 500,5254.35009765625,109.54413232546314
2024-04-01,USA - S&P 500,5243.77001953125,109.32355595415213
2024-04-02,USA - S&P 500,5205.81005859375,108.5321562745111
2024-04-03,USA - S&P 500,5211.490234375,108.65057813751005
2024-04-04,USA - S&P 500,5147.2099609375,107.31044536209879
2024-04-05,USA - S&P 500,5204.33984375,108.50150483210675
2024-04-08,USA - S&P 500,5202.39013671875,108.4608568050325
2024-04-09,USA - S&P 500,5209.91015625,108.61763623527807
2024-04-10,USA - S&P 500,5160.64013671875,107.59044135124913
2024-04-11,USA - S&P 500,5199.06005859375,108.3914304227018
2024-04-12,USA - S&P 500,5123.41015625,106.81426050468501
2024-04-15,USA - S&P 500,5061.81982421875,105.53020836567548
2024-04-16,USA - S&P 500,5051.41015625,105.31318475205262
2024-04-17,USA - S&P 500,5022.2099609375,104.70441106933426
2024-04-18,USA - S&P 500,5011.1201171875,104.47320696442306
2024-04-19,USA - S&P 500,4967.22998046875,103.55817335319757
2024-04-22,USA - S&P 500,5010.60009765625,104.46236545457228
2024-04-23,USA - S&P 500,5070.5498046875,105.71221339348928
2024-04-24,USA - S&P 500,5071.6298828125,105.7347311585502
2024-04-25,USA - S&P 500,5048.419921875,105.25084352545542
2024-04-26,USA - S&P 500,5099.9599609375,106.32536439943381
2024-04-29,USA - S&P 500,5116.169921875,106.66331411213379
2024-04-30,USA - S&P 500,5035.68994140625,104.98544540027312
2024-05-01,USA - S&P 500,5018.39013671875,104.6247743260831
2024-05-02,USA - S&P 500,5064.2001953125,105.57983499527401
2024-05-03,USA - S&P 500,5127.7900390625,106.90557350314633
2024-05-06,USA - S&P 500,5180.740234375,108.00949370148997
2024-05-07,USA - S&P 500,5187.7001953125,108.15459687652537
2024-05-08,USA - S&P 500,5187.669921875,108.15396572759511
2024-05-09,USA - S&P 500,5214.080078125,108.70457191051327
2024-05-10,USA - S&P 500,5222.68017578125,108.88386910581976
2024-05-13,USA - S&P 500,5221.419921875,108.85759498664154
2024-05-14,USA - S&P 500,5246.68017578125,109.38422769003056
2024-05-15,USA - S&P 500,5308.14990234375,110.66576541314042
2024-05-16,USA - S&P 500,5297.10009765625,110.4353960535886
2024-05-17,USA - S&P 500,5303.27001953125,110.56402827750804
2024-05-20,USA - S&P 500,5308.1298828125,110.66534804046071
2024-05-21,USA - S&P 500,5321.41015625,110.94221882442403
2024-05-22,USA - S&P 500,5307.009765625,110.64199553004039
2024-05-23,USA - S&P 500,5267.83984375,109.82537025283115
2024-05-24,USA - S&P 500,5304.72021484375,110.59426234723269
2024-05-28,USA - S&P 500,5306.0400390625,110.62177840462857
2024-05-29,USA - S&P 500,5266.9501953125,109.8068226181381
2024-05-30,USA - S&P 500,5235.47998046875,109.15072294547026
2024-05-31,USA - S&P 500,5277.509765625,110.02697143694797
2024-06-03,USA - S&P 500,5283.39990234375,110.14977062317304
2024-06-04,USA - S&P 500,5291.33984375,110.31530469987088
2024-06-05,USA - S&P 500,5354.02978515625,111.62228179679956
2024-06-06,USA - S&P 500,5352.9599609375,111.59997780798922
2024-06-07,USA - S&P 500,5346.990234375,111.47551931086682
2024-06-10,USA - S&P 500,5360.7900390625,111.76322142485944
2024-06-11,USA - S&P 500,5375.31982421875,112.06614237192893
2024-06-12,USA - S&P 500,5421.02978515625,113.01911617772136
2024-06-13,USA - S&P 500,5433.740234375,113.2841071100454
2024-06-14,USA - S&P 500,5431.60009765625,113.23948895260325
2024-06-17,USA - S&P 500,5473.22998046875,114.10740017030841
2024-06-18,USA - S&P 500,5487.02978515625,114.39510228430103
2024-06-20,USA - S&P 500,5473.169921875,114.1061480522693
2024-06-21,USA - S&P 500,5464.6201171875,113.92789937857279
2024-06-24,USA - S&P 500,5447.8701171875,113.57869078334235
2024-06-25,USA - S&P 500,5469.2998046875,114.02546278740817
2024-06-26,USA - S&P 500,5477.89990234375,114.20475998271466
2024-06-27,USA - S&P 500,5482.8701171875,114.30838038531644
2024-06-28,USA - S&P 500,5460.47998046875,113.84158467244643
2024-07-01,USA - S&P 500,5475.08984375,114.14617511023475
2024-07-02,USA - S&P 500,5509.009765625,114.85334694714788
2024-07-03,USA - S&P 500,5537.02001953125,115.43731240497772
2024-07-05,USA - S&P 500,5567.18994140625,116.06630321310793
2024-07-08,USA - S&P 500,5572.85009765625,116.18430770342718
2024-07-09,USA - S&P 500,5576.97998046875,116.27040863330298
2024-07-10,USA - S&P 500,5633.91015625,117.45730455633539
2024-07-11,USA - S&P 500,5584.5400390625,116.42802280890795
2024-07-12,USA - S&P 500,5615.35009765625,117.07035936296712
2024-07-15,USA - S&P 500,5631.22021484375,117.40122391993366
2024-07-16,USA - S&P 500,5667.2001953125,118.15134442357017
2024-07-17,USA - S&P 500,5588.27001953125,116.5057864650112
2024-07-18,USA - S&P 500,5544.58984375,115.59513017701181
2024-07-19,USA - S&P 500,5505.0,114.7697502533503
2024-07-22,USA - S&P 500,5564.41015625,116.0083494895583
2024-07-23,USA - S&P 500,5555.740234375,115.82759657978359
2024-07-24,USA - S&P 500,5427.1298828125,113.14629268717256
2024-07-25,USA - S&P 500,5399.22021484375,112.56442427256268
2024-07-26,USA - S&P 500,5459.10009765625,113.81281649701145
2024-07-29,USA - S&P 500,5463.5400390625,113.90538161351189
2024-07-30,USA - S&P 500,5436.43994140625,113.34039134287623
2024-07-31,USA - S&P 500,5522.2998046875,115.13042132754035
2024-08-01,USA - S&P 500,5446.68017578125,113.55388255845381
2024-08-02,USA - S&P 500,5346.56005859375,111.46655088816398
2024-08-05,USA - S&P 500,5186.330078125,108.12603229751954
2024-08-06,USA - S&P 500,5240.02978515625,109.24557852179831
2024-08-07,USA - S&P 500,5199.5,108.40060244183378
2024-08-08,USA - S&P 500,5319.31005859375,110.8984354123413
2024-08-09,USA - S&P 500,5344.16015625,111.41651706570718
2024-08-12,USA - S&P 500,5344.39013671875,111.42131176161301
2024-08-13,USA - S&P 500,5434.43017578125,113.29849119776287
2024-08-14,USA - S&P 500,5455.2099609375,113.73171385947063
2024-08-15,USA - S&P 500,5543.22021484375,115.56657577782742
2024-08-16,USA - S&P 500,5554.25,115.79652776469953
2024-08-19,USA - S&P 500,5608.25,116.92233457917382
2024-08-20,USA - S&P 500,5597.1201171875,116.69029572890321
2024-08-21,USA - S&P 500,5620.85009765625,117.18502487184877
2024-08-22,USA - S&P 500,5570.64013671875,116.13823383151683
2024-08-23,USA - S&P 500,5634.60986328125,117.471892240482
2024-08-26,USA - S&P 500,5616.83984375,117.10141799822973
2024-08-27,USA - S&P 500,5625.7998046875,117.28821772194937
2024-08-28,USA - S&P 500,5592.18017578125,116.58730647523173
2024-08-29,USA - S&P 500,5591.9599609375,116.58271537575501
2024-08-30,USA - S&P 500,5648.39990234375,117.75939075804548
2024-09-03,USA - S&P 500,5528.93017578125,115.26865312309286
2024-09-04,USA - S&P 500,5520.06982421875,115.08393008295027
2024-09-05,USA - S&P 500,5503.41015625,114.73660475468921
2024-09-06,USA - S&P 500,5408.419921875,112.75622228861728
2024-09-09,USA - S&P 500,5471.0498046875,114.06194726750687
2024-09-10,USA - S&P 500,5495.52001953125,114.5721090197799
2024-09-11,USA - S&P 500,5554.1298828125,115.79402352862134
2024-09-12,USA - S&P 500,5595.759765625,116.6619347463265
2024-09-13,USA - S&P 500,5626.02001953125,117.29280882142608
2024-09-16,USA - S&P 500,5633.08984375,117.44020245628913
2024-09-17,USA - S&P 500,5634.580078125,117.47127127137318
2024-09-18,USA - S&P 500,5618.259765625,117.1310209190241
2024-09-19,USA - S&P 500,5713.64013671875,119.11953706243945
2024-09-20,USA - S&P 500,5702.5498046875,118.8883227777068
2024-09-23,USA - S&P 500,5718.56982421875,119.22231253986035
2024-09-24,USA - S&P 500,5732.93017578125,119.5217010888846
2024-09-25,USA - S&P 500,5722.259765625,119.2992414506042
2024-09-26,USA - S&P 500,5745.3701171875,119.78105240012195
2024-09-27,USA - S&P 500,5738.169921875,119.63094075293013
2024-09-30,USA - S&P 500,5762.47998046875,120.13776352376556
2024-10-01,USA - S&P 500,5708.75,119.01758615055651
2024-10-02,USA - S&P 500,5709.5400390625,119.0340571016725
2024-10-03,USA - S&P 500,5699.93994140625,118.83391163202388
2024-10-04,USA - S&P 500,5751.06982421875,119.89988145597914
2024-10-07,USA - S&P 500,5695.93994140625,118.75051853465541
2024-10-08,USA - S&P 500,5751.1298828125,119.90113357401823
2024-10-09,USA - S&P 500,5792.0400390625,120.75403973489709
2024-10-10,USA - S&P 500,5780.0498046875,120.50406403922082
2024-10-11,USA - S&P 500,5815.02978515625,121.23333626851517
2024-10-14,USA - S&P 500,5859.85009765625,122.16776243961458
2024-10-15,USA - S&P 500,5815.259765625,121.23813096442102
2024-10-16,USA - S&P 500,5842.47021484375,121.80542187470573
2024-10-17,USA - S&P 500,5841.47021484375,121.78457360036363
2024-10-18,USA - S&P 500,5864.669921875,122.26824745720786
2024-10-21,USA - S&P 500,5853.97998046875,122.0453806260692
2024-10-22,USA - S&P 500,5851.2001953125,121.98742690251956
2024-10-23,USA - S&P 500,5797.419921875,120.86620100770054
2024-10-24,USA - S&P 500,5809.85986328125,121.12555231893786
2024-10-25,USA - S&P 500,5808.1201171875,121.08928161508976
2024-10-28,USA - S&P 500,5823.52001953125,121.41034300399404
2024-10-29,USA - S&P 500,5832.919921875,121.60631474684564
2024-10-30,USA - S&P 500,5813.669921875,121.2049854657599
2024-10-31,USA - S&P 500,5705.4501953125,118.94879091715612
2024-11-01,USA - S&P 500,5728.7998046875,119.43558997918736
2024-11-04,USA - S&P 500,5712.68994140625,119.09972712988588
2024-11-05,USA - S&P 500,5782.759765625,120.56056204830223
2024-11-06,USA - S&P 500,5929.0400390625,123.61025331976703
2024-11-07,USA - S&P 500,5973.10009765625,124.52882950885925
2024-11-08,USA - S&P 500,5995.5400390625,124.99666356351776
2024-11-11,USA - S&P 500,6001.35009765625,125.11779325902404
2024-11-12,USA - S&P 500,5983.990234375,124.7558700667949
2024-11-13,USA - S&P 500,5985.3798828125,124.78484183865899
2024-11-14,USA - S&P 500,5949.169921875,124.02992663911667
2024-11-15,USA - S&P 500,5870.6201171875,122.39229876147202
2024-11-18,USA - S&P 500,5893.6201171875,122.87180907134069
2024-11-19,USA - S&P 500,5916.97998046875,123.35882190962253
2024-11-20,USA - S&P 500,5917.10986328125,123.36152974212986
2024-11-21,USA - S&P 500,5948.7099609375,124.02033724730501
2024-11-22,USA - S&P 500,5969.33984375,124.45043470382574
2024-11-25,USA - S&P 500,5987.3701171875,124.82633479091409
2024-11-26,USA - S&P 500,6021.6298828125,125.54059178356071
2024-11-27,USA - S&P 500,5998.740234375,125.06338211334112
2024-11-29,USA - S&P 500,6032.3798828125,125.76471073273845
2024-12-02,USA - S&P 500,6047.14990234375,126.07264015196438
2024-12-03,USA - S&P 500,6049.8798828125,126.1295555337255
2024-12-04,USA - S&P 500,6086.490234375,126.89281818686182
2024-12-05,USA - S&P 500,6075.10986328125,126.65555708818424
2024-12-06,USA - S&P 500,6090.27001953125,126.97162018475359
2024-12-09,USA - S&P 500,6052.85009765625,126.19147938764301
2024-12-10,USA - S&P 500,6034.91015625,125.81746256752402
2024-12-11,USA - S&P 500,6084.18994140625,126.84486104798208
2024-12-12,USA - S&P 500,6051.25,126.15812011273135
2024-12-13,USA - S&P 500,6051.08984375,126.15478113129375
2024-12-16,USA - S&P 500,6074.080078125,126.63408784473329
2024-12-17,USA - S&P 500,6050.60986328125,126.14477436680238
2024-12-18,USA - S&P 500,5872.16015625,122.4244059183446
2024-12-19,USA - S&P 500,5867.080078125,122.3184950559152
2024-12-20,USA - S&P 500,5930.85009765625,123.64798991790482
2024-12-23,USA - S&P 500,5974.06982421875,124.5490466342711
2024-12-24,USA - S&P 500,6040.0400390625,125.92441177174194
2024-12-26,USA - S&P 500,6037.58984375,125.87332942767517
2024-12-27,USA - S&P 500,5970.83984375,124.4817071153389
2024-12-30,USA - S&P 500,5906.93994140625,123.14950442084196
2024-12-31,USA - S&P 500,5881.6298828125,122.62183337566444
2025-01-02,USA - S&P 500,5868.5498046875,122.34913631849811
2025-01-03,USA - S&P 500,5942.47021484375,123.89024930891736
2025-01-06,USA - S&P 500,5975.3798828125,124.57635909523783
2025-01-07,USA - S&P 500,5909.02978515625,123.19307405667412
2025-01-08,USA - S&P 500,5918.25,123.38529962522988
2025-01-10,USA - S&P 500,5827.0400390625,121.48372933687116
2025-01-13,USA - S&P 500,5836.22021484375,121.67512016006752
2025-01-14,USA - S&P 500,5842.91015625,121.81459389383768
2025-01-15,USA - S&P 500,5949.91015625,124.04535924844413
2025-01-16,USA - S&P 500,5937.33984375,123.78328992487802
2025-01-17,USA - S&P 500,5996.66015625,125.0200160739381
2025-01-21,USA - S&P 500,6049.240234375,126.116219967618
2025-01-22,USA - S&P 500,6086.3701171875,126.89031395078361
2025-01-23,USA - S&P 500,6118.7099609375,127.56454388546479
2025-01-24,USA - S&P 500,6101.240234375,127.20033023340804
2025-01-27,USA - S&P 500,6012.27978515625,125.34565838249763
2025-01-28,USA - S&P 500,6067.7001953125,126.50107829758774
2025-01-29,USA - S&P 500,6039.31005859375,125.90919293866504
2025-01-30,USA - S&P 500,6071.169921875,126.57341610885486
2025-01-31,USA - S&P 500,6040.52978515625,125.93462213266243
2025-02-03,USA - S&P 500,5994.56982421875,124.97643625828448
2025-02-04,USA - S&P 500,6037.8798828125,125.8793762416201
2025-02-05,USA - S&P 500,6061.47998046875,126.37139755205833
2025-02-06,USA - S&P 500,6083.56982421875,126.83193267473283
2025-02-07,USA - S&P 500,6025.990234375,125.63149758916379
2025-02-10,USA - S&P 500,6066.43994140625,126.4748041784095
2025-02-11,USA - S&P 500,6068.5,126.51775284513285
2025-02-12,USA - S&P 500,6051.97021484375,126.17313534937911
2025-02-13,USA - S&P 500,6115.06982421875,127.4886533165095
2025-02-14,USA - S&P 500,6114.6298828125,127.47948129737752
2025-02-18,USA - S&P 500,6129.580078125,127.79116707072076
2025-02-19,USA - S&P 500,6144.14990234375,128.09492276314967
2025-02-20,USA - S&P 500,6117.52001953125,127.53973566057626
2025-02-21,USA - S&P 500,6013.1298828125,125.36338145165271
2025-02-24,USA - S&P 500,5983.25,124.74043745746744
2025-02-25,USA - S&P 500,5955.25,124.15668577588819
2025-02-26,USA - S&P 500,5956.06005859375,124.17357409968386
2025-02-27,USA - S&P 500,5861.56982421875,122.203615770783
2025-02-28,USA - S&P 500,5954.5,124.14104957013159
2025-03-03,USA - S&P 500,5849.72021484375,121.9565718636861
2025-03-04,USA - S&P 500,5778.14990234375,120.4644543539351
2025-03-05,USA - S&P 500,5842.6298828125,121.80875067632189
2025-03-06,USA - S&P 500,5738.52001953125,119.63823968491415
2025-03-07,USA - S&P 500,5770.2001953125,120.29871668080814
2025-03-10,USA - S&P 500,5614.56005859375,117.05388841185113
2025-03-11,USA - S&P 500,5572.06982421875,116.16804034874033
2025-03-12,USA - S&P 500,5599.2998046875,116.7357384518833
2025-03-13,USA - S&P 500,5521.52001953125,115.11416415267493
2025-03-14,USA - S&P 500,5638.93994140625,117.5621668971548
2025-03-17,USA - S&P 500,5675.1201171875,118.3164611275883
2025-03-18,USA - S&P 500,5614.66015625,117.05597527524965
2025-03-19,USA - S&P 500,5675.2900390625,118.32000370545501
2025-03-20,USA - S&P 500,5662.89013671875,118.06148713957705
2025-03-21,USA - S&P 500,5667.56005859375,118.1588469519833
2025-03-24,USA - S&P 500,5767.56982421875,120.24387798262406
2025-03-25,USA - S&P 500,5776.64990234375,120.43318194242192
2025-03-26,USA - S&P 500,5712.2001953125,119.0895167689654
2025-03-27,USA - S&P 500,5693.31005859375,118.69569001629282
2025-03-28,USA - S&P 500,5580.93994140625,116.35296698531204
2025-03-31,USA - S&P 500,5611.85009765625,116.99739040276972
2025-04-01,USA - S&P 500,5633.06982421875,117.43978508360942
2025-04-02,USA - S&P 500,5670.97021484375,118.22994282503278
2025-04-03,USA - S&P 500,5396.52001953125,112.50812985991038
2025-04-04,USA - S&P 500,5074.080078125,105.78581350261697
2025-04-07,USA - S&P 500,5062.25,105.53917678837831
2025-04-08,USA - S&P 500,4982.77001953125,103.88215635085976
2025-04-09,USA - S&P 500,5456.89990234375,113.76694622153023
2025-04-10,USA - S&P 500,5268.0498046875,109.82974757605726
2025-04-11,USA - S&P 500,5363.35986328125,111.81679782518295
2025-04-14,USA - S&P 500,5405.97021484375,112.70515012437197
2025-04-15,USA - S&P 500,5396.6298828125,112.51042031973802
2025-04-16,USA - S&P 500,5275.7001953125,109.9892450186316
2025-04-17,USA - S&P 500,5282.7001953125,110.13518293902642
2025-04-21,USA - S&P 500,5158.2001953125,107.53957278343296
2025-04-22,USA - S&P 500,5287.759765625,110.24066624895465
2025-04-23,USA - S&P 500,5375.85986328125,112.0774012544594
2025-04-24,USA - S&P 500,5484.77001953125,114.34799007060215
2025-04-25,USA - S&P 500,5525.2099609375,115.19109306341878
2025-04-28,USA - S&P 500,5528.75,115.26489676897558
2025-04-29,USA - S&P 500,5560.830078125,115.9337110386421
2025-04-30,USA - S&P 500,5569.06005859375,116.10529192928485
2025-05-01,USA - S&P 500,5604.14013671875,116.83665102197773
2025-05-02,USA - S&P 500,5686.669921875,118.55725462431114
2025-05-05,USA - S&P 500,5650.3798828125,117.80066993405003
2025-05-06,USA - S&P 500,5606.91015625,116.89440114909824
2025-05-07,USA - S&P 500,5631.27978515625,117.4024658581513
2025-05-08,USA - S&P 500,5663.93994140625,118.0833737557077
2025-05-09,USA - S&P 500,5659.91015625,117.9993596892304
2025-05-12,USA - S&P 500,5844.18994140625,121.84127520587415
2025-05-13,USA - S&P 500,5886.5498046875,122.7244052566562
2025-05-14,USA - S&P 500,5892.580078125,122.85012605163918
2025-05-15,USA - S&P 500,5916.93017578125,123.357783567834
2025-05-16,USA - S&P 500,5958.3798828125,124.22193843142185
2025-05-19,USA - S&P 500,5963.60009765625,124.33077090260913
2025-05-20,USA - S&P 500,5940.4599609375,123.84833898398256
2025-05-21,USA - S&P 500,5844.60986328125,121.85002985232643
2025-05-22,USA - S&P 500,5842.009765625,121.79582230307263
2025-05-23,USA - S&P 500,5802.81982421875,120.97877965318366
2025-05-27,USA - S&P 500,5921.5400390625,123.45389126220114
2025-05-28,USA - S&P 500,5888.5498046875,122.76610180534044
2025-05-29,USA - S&P 500,5912.169921875,123.25854048845837
2025-05-30,USA - S&P 500,5911.68994140625,123.24853372396703
2025-06-02,USA - S&P 500,5935.93994140625,123.75410437676334
2025-06-03,USA - S&P 500,5970.3701171875,124.47191412709813
2025-06-04,USA - S&P 500,5970.81005859375,124.48108614623008
2025-06-05,USA - S&P 500,5939.2998046875,123.82415172820285
2025-06-06,USA - S&P 500,6000.35986328125,125.09714858111103
2025-06-09,USA - S&P 500,6005.8798828125,125.21223146267238
2025-06-10,USA - S&P 500,6038.81005859375,125.898768801494
2025-06-11,USA - S&P 500,6022.240234375,125.55331656038085
2025-06-12,USA - S&P 500,6045.259765625,126.03323406310776
2025-06-13,USA - S&P 500,5976.97021484375,124.60951477372038
2025-06-16,USA - S&P 500,6033.10986328125,125.77992956581534
2025-06-17,USA - S&P 500,5982.72021484375,124.72939235118756
2025-06-18,USA - S&P 500,5980.8701171875,124.69082100769036
2025-06-20,USA - S&P 500,5967.83984375,124.41916229231256
2025-06-23,USA - S&P 500,6025.169921875,125.61439548911753
2025-06-24,USA - S&P 500,6092.18017578125,127.01144364628989
2025-06-25,USA - S&P 500,6092.16015625,127.01102627361018
2025-06-26,USA - S&P 500,6141.02001953125,128.029670107616
2025-06-27,USA - S&P 500,6173.06982421875,128.69785322835224
2025-06-30,USA - S&P 500,6204.9501953125,129.3625039510432
2025-07-01,USA - S&P 500,6198.009765625,129.21780796886603
2025-07-02,USA - S&P 500,6227.419921875,129.83095897481053
2025-07-03,USA - S&P 500,6279.35009765625,130.91361352613237
2025-07-07,USA - S&P 500,6229.97998046875,129.88433177870493
2025-07-08,USA - S&P 500,6225.52001953125,129.79134928952482
2025-07-09,USA - S&P 500,6263.259765625,130.5781578696891
2025-07-10,USA - S&P 500,6280.4599609375,130.93675226030211
2025-07-11,USA - S&P 500,6259.75,130.5049853130626
2025-07-14,USA - S&P 500,6268.56005859375,130.6886598315952
2025-07-15,USA - S&P 500,6243.759765625,130.17161652001786
2025-07-16,USA - S&P 500,6263.7001953125,130.58734006864253
2025-07-17,USA - S&P 500,6297.35986328125,131.2890860607196
2025-07-18,USA - S&P 500,6296.7900390625,131.2772062090803
2025-07-21,USA - S&P 500,6305.60009765625,131.46088072761293
2025-07-22,USA - S&P 500,6309.6201171875,131.54469119766108
2025-07-23,USA - S&P 500,6358.91015625,132.57230345436972
2025-07-24,USA - S&P 500,6363.35009765625,132.66486857087014
2025-07-25,USA - S&P 500,6388.64013671875,133.19212224336798
2025-07-28,USA - S&P 500,6389.77001953125,133.21567835021742
2025-07-29,USA - S&P 500,6370.85986328125,132.82143422486513
2025-07-30,USA - S&P 500,6362.89990234375,132.6554827754876
2025-07-31,USA - S&P 500,6339.39013671875,132.16534473201875
2025-08-01,USA - S&P 500,6238.009765625,130.05173894255068
2025-08-04,USA - S&P 500,6329.93994140625,131.96832446755718
2025-08-05,USA - S&P 500,6299.18994140625,131.3272400315371
2025-08-06,USA - S&P 500,6345.06005859375,132.2835528187671
2025-08-07,USA - S&P 500,6340.0,132.17805932901743
2025-08-08,USA - S&P 500,6389.4501953125,133.20901056716366
2025-08-11,USA - S&P 500,6373.4501953125,132.8754381776898
2025-08-12,USA - S&P 500,6445.759765625,134.38296793712533
2025-08-13,USA - S&P 500,6466.580078125,134.81703552401393
2025-08-14,USA - S&P 500,6468.5400390625,134.85789732733878
2025-08-15,USA - S&P 500,6449.7998046875,134.46719577985323
2025-08-18,USA - S&P 500,6449.14990234375,134.45364643749514
2025-08-19,USA - S&P 500,6411.3701171875,133.6660031119714
2025-08-20,USA - S&P 500,6395.77978515625,133.34097159269925
2025-08-21,USA - S&P 500,6370.169921875,132.80705013714766
2025-08-22,USA - S&P 500,6466.91015625,134.82391708331826
2025-08-25,USA - S&P 500,6439.31982421875,134.2487062719407
2025-08-26,USA - S&P 500,6465.93994140625,134.803689778085
2025-08-27,USA - S&P 500,6481.39990234375,135.12600328502836
2025-08-28,USA - S&P 500,6501.85986328125,135.55255816368236
2025-08-29,USA - S&P 500,6460.259765625,134.68526791508603
2025-09-02,USA - S&P 500,6415.5400390625,133.75293878720663
2025-09-03,USA - S&P 500,6448.259765625,134.43508862298063
2025-09-04,USA - S&P 500,6502.080078125,135.55714926315906
2025-09-05,USA - S&P 500,6481.5,135.12809014842688
2025-09-08,USA - S&P 500,6495.14990234375,135.41266705723248
2025-09-09,USA - S&P 500,6512.60986328125,135.7766771128601
2025-09-10,USA - S&P 500,6532.0400390625,136.18176274806316
2025-09-11,USA - S&P 500,6587.47021484375,137.3373862595824
2025-09-12,USA - S&P 500,6584.2900390625,137.27108508243876
2025-09-15,USA - S&P 500,6615.27978515625,137.91716781079379
2025-09-16,USA - S&P 500,6606.759765625,137.73954010620608
2025-09-17,USA - S&P 500,6600.35009765625,137.6059095899517
2025-09-18,USA - S&P 500,6631.9599609375,138.26492069155597
2025-09-19,USA - S&P 500,6664.35986328125,138.94040274427627
2025-09-22,USA - S&P 500,6693.75,139.55313637754108
2025-09-23,USA - S&P 500,6656.919921875,138.7852928047495
2025-09-24,USA - S&P 500,6637.97021484375,138.39022411385926
2025-09-25,USA - S&P 500,6604.72021484375,137.6970189919839
2025-09-26,USA - S&P 500,6643.7001953125,138.50968431864675
2025-09-29,USA - S&P 500,6661.2099609375,138.8747327160629
2025-09-30,USA - S&P 500,6688.4599609375,139.44284819188556
2025-10-01,USA - S&P 500,6711.2001953125,139.9169428367396
2025-10-02,USA - S&P 500,6715.35009765625,140.00346113929507
2025-10-03,USA - S&P 500,6715.7900390625,140.01263315842704
2025-10-06,USA - S&P 500,6740.27978515625,140.5232021035583
2025-10-07,USA - S&P 500,6714.58984375,139.98761115728792
2025-10-08,USA - S&P 500,6753.72021484375,140.80341186895924
2025-10-09,USA - S&P 500,6735.10986328125,140.415418153981
2025-10-10,USA - S&P 500,6552.509765625,136.60852122314625
2025-10-13,USA - S&P 500,6654.72021484375,138.7394327090897
2025-10-14,USA - S&P 500,6644.31005859375,138.52239891564543
2025-10-15,USA - S&P 500,6671.06005859375,139.08009025429703
2025-10-16,USA - S&P 500,6629.06982421875,138.20466632835726
2025-10-17,USA - S&P 500,6664.009765625,138.93310381229225
2025-10-20,USA - S&P 500,6735.1298828125,140.41583552666071
2025-10-21,USA - S&P 500,6735.35009765625,140.4204266261374
2025-10-22,USA - S&P 500,6699.39990234375,139.67092709160974
2025-10-23,USA - S&P 500,6738.43994140625,140.48484453631167
2025-10-24,USA - S&P 500,6791.68994140625,141.59501514502938
2025-10-27,USA - S&P 500,6875.16015625,143.33522508348727
2025-10-28,USA - S&P 500,6890.89013671875,143.6631680316959
2025-10-29,USA - S&P 500,6890.58984375,143.65690744150038
2025-10-30,USA - S&P 500,6822.33984375,142.23401271765096
2025-10-31,USA - S&P 500,6840.2001953125,142.6063702268726
2025-11-03,USA - S&P 500,6851.97021484375,142.85175482307216
2025-11-04,USA - S&P 500,6771.5498046875,141.17512804942913
2025-11-05,USA - S&P 500,6796.2900390625,141.6909192429674
2025-11-06,USA - S&P 500,6720.31982421875,140.10707136207537
2025-11-07,USA - S&P 500,6728.7998046875,140.28386432130367
2025-11-10,USA - S&P 500,6832.43017578125,142.4443787280415
2025-11-11,USA - S&P 500,6846.60986328125,142.74000074312696
2025-11-12,USA - S&P 500,6850.919921875,142.82985802712008
2025-11-13,USA - S&P 500,6737.490234375,140.46504478357954
2025-11-14,USA - S&P 500,6734.10986328125,140.39456987963888
2025-11-17,USA - S&P 500,6672.41015625,139.10823746062317
2025-11-18,USA - S&P 500,6617.31982421875,137.9596991048374
2025-11-19,USA - S&P 500,6642.16015625,138.47757716177415
2025-11-20,USA - S&P 500,6538.759765625,136.32185745094216
2025-11-21,USA - S&P 500,6602.990234375,137.6609518845649
2025-11-24,USA - S&P 500,6705.1201171875,139.79018369996808
2025-11-25,USA - S&P 500,6765.8798828125,141.05691996268078
2025-11-26,USA - S&P 500,6812.60986328125,142.031159415495
2025-11-28,USA - S&P 500,6849.08984375,142.79170405630254
2025-12-01,USA - S&P 500,6812.6298828125,142.0315767881747
2025-12-02,USA - S&P 500,6829.3701171875,142.38058178697602
2025-12-03,USA - S&P 500,6849.72021484375,142.8048462058024
2025-12-04,USA - S&P 500,6857.1201171875,142.95912139996975
2025-12-05,USA - S&P 500,6870.39990234375,143.23598200411163
2025-12-08,USA - S&P 500,6846.509765625,142.73791387972847
2025-12-09,USA - S&P 500,6840.509765625,142.61282423367575
2025-12-10,USA - S&P 500,6886.68017578125,143.5753976111013
2025-12-11,USA - S&P 500,6901.0,143.87394123494468
2025-12-12,USA - S&P 500,6827.41015625,142.3397199836512
2025-12-15,USA - S&P 500,6816.509765625,142.11246564946498
2025-12-16,USA - S&P 500,6800.259765625,141.7736811914056
2025-12-17,USA - S&P 500,6721.43017578125,140.13022027606658
2025-12-18,USA - S&P 500,6774.759765625,141.2420501956816
2025-12-19,USA - S&P 500,6834.5,142.48753099119395
2025-12-22,USA - S&P 500,6878.490234375,143.40465146581792
2025-12-23,USA - S&P 500,6909.7900390625,144.05719838079762
2025-12-24,USA - S&P 500,6932.0498046875,144.5212760813388
2025-12-26,USA - S&P 500,6929.93994140625,144.47728907282695
2025-12-29,USA - S&P 500,6905.740234375,143.9727669416406
2025-12-30,USA - S&P 500,6896.240234375,143.7747083353905
2025-12-31,USA - S&P 500,6845.5,142.71686200895724
2026-01-02,USA - S&P 500,6858.47021484375,142.9872686062959
2026-01-05,USA - S&P 500,6902.0498046875,143.89582785107532
2026-01-06,USA - S&P 500,6944.81982421875,144.78750895188048
2026-01-07,USA - S&P 500,6920.93017578125,144.28945100731877
2026-01-08,USA - S&P 500,6921.4599609375,144.30049611359865
2026-01-09,USA - S&P 500,6966.27978515625,145.2349121048766
2026-01-12,USA - S&P 500,6977.27001953125,145.46403952621074
2026-01-13,USA - S&P 500,6963.740234375,145.18196685348335
2026-01-14,USA - S&P 500,6926.60009765625,144.40765909406713
2026-01-15,USA - S&P 500,6944.47021484375,144.78022019971792
2026-01-16,USA - S&P 500,6940.009765625,144.68722753071634
2026-01-20,USA - S&P 500,6796.85986328125,141.7027990946067
2026-01-21,USA - S&P 500,6875.6201171875,143.34481447529893
2026-01-22,USA - S&P 500,6913.35009765625,144.1314194590341
2026-01-23,USA - S&P 500,6915.60986328125,144.17853167273302
2026-01-26,USA - S&P 500,6950.22998046875,144.9003013736142
2026-01-27,USA - S&P 500,6978.60009765625,145.4917693598572
2026-01-28,USA - S&P 500,6978.02978515625,145.47987932839646
2026-01-29,USA - S&P 500,6969.009765625,145.29182748663771
2026-01-30,USA - S&P 500,6939.02978515625,144.66679662905392
2026-02-02,USA - S&P 500,6976.43994140625,145.44673382973536
2026-02-03,USA - S&P 500,6917.81005859375,144.22440194821422
2026-02-04,USA - S&P 500,6882.72021484375,143.49283925909225
2026-02-05,USA - S&P 500,6798.39990234375,141.73490625147926
2026-02-06,USA - S&P 500,6932.2998046875,144.52648814992435
2026-02-09,USA - S&P 500,6964.81982421875,145.20447443872283
2026-02-10,USA - S&P 500,6941.81005859375,144.72476053242502
2026-02-11,USA - S&P 500,6941.47021484375,144.71767537669157
2026-02-12,USA - S&P 500,6832.759765625,142.45125010752437
2026-02-13,USA - S&P 500,6836.169921875,142.52234598057385
2026-02-17,USA - S&P 500,6843.22021484375,142.66933242257863
2026-02-18,USA - S&P 500,6881.31005859375,143.46343993472698
2026-02-19,USA - S&P 500,6861.89013671875,143.05856807577453
2026-02-20,USA - S&P 500,6909.509765625,144.05135516328178
2026-02-23,USA - S&P 500,6837.75,142.55528788280583
2026-02-24,USA - S&P 500,6890.06982421875,143.64606593164964
2026-02-25,USA - S&P 500,6946.1298828125,144.81482141284724
2026-02-26,USA - S&P 500,6908.85986328125,144.03780582092372
2026-02-27,USA - S&P 500,6878.8798828125,143.41277496333993
2026-03-02,USA - S&P 500,6881.6201171875,143.46990412135162
2026-03-03,USA - S&P 500,6816.6298828125,142.11496988554316
2026-03-04,USA - S&P 500,6869.5,143.217220593168
2026-03-05,USA - S&P 500,6830.7099609375,142.40851521705162
2026-03-06,USA - S&P 500,6740.02001953125,140.51778643854365
2026-03-09,USA - S&P 500,6795.990234375,141.68466883259333
2026-03-10,USA - S&P 500,6781.47998046875,141.38215507838208
2026-03-11,USA - S&P 500,6775.7998046875,141.26373321538313
2026-03-12,USA - S&P 500,6672.6201171875,139.1126147838493
2026-03-13,USA - S&P 500,6632.18994140625,138.26971538746182
2026-03-16,USA - S&P 500,6699.3798828125,139.67050971893005
2026-03-17,USA - S&P 500,6716.08984375,140.01888356880107
2026-03-18,USA - S&P 500,6624.7001953125,138.11356710614652
2026-03-19,USA - S&P 500,6606.490234375,137.7339208447623
2026-03-20,USA - S&P 500,6506.47998046875,135.6488796343001
2026-03-23,USA - S&P 500,6581.0,137.20249344546747
2026-03-24,USA - S&P 500,6556.3701171875,136.68900289157827
2026-03-25,USA - S&P 500,6591.89990234375,137.42973759983224
2026-03-26,USA - S&P 500,6477.16015625,135.03761189532497
2026-03-27,USA - S&P 500,6368.85009765625,132.77953407975178
2026-03-30,USA - S&P 500,6343.72021484375,132.25561938869154
2026-03-31,USA - S&P 500,6528.52001953125,136.10837641518606
2026-04-01,USA - S&P 500,6575.31982421875,137.0840715824685
2026-04-02,USA - S&P 500,6582.68994140625,137.23772580752706
2026-04-06,USA - S&P 500,6611.830078125,137.84524737220633
2026-04-07,USA - S&P 500,6616.85009765625,137.94990611659662
2026-04-08,USA - S&P 500,6782.81005859375,141.40988491202853
2026-04-09,USA - S&P 500,6824.66015625,142.28238722921037
2026-04-10,USA - S&P 500,6816.89013671875,142.1203957303793
2026-04-13,USA - S&P 500,6886.240234375,143.56622559196936
2026-04-14,USA - S&P 500,6967.3798828125,145.2578472426172
2026-04-15,USA - S&P 500,7022.9501953125,146.41639236289436
2026-04-16,USA - S&P 500,7041.27978515625,146.79853268053532
2026-04-17,USA - S&P 500,7126.06005859375,148.56605507995994
2026-04-20,USA - S&P 500,7109.14013671875,148.2133039068628
2026-04-21,USA - S&P 500,7064.009765625,147.27241354913875
2026-04-22,USA - S&P 500,7137.89990234375,148.81289539062774
2026-04-23,USA - S&P 500,7108.39990234375,148.19787129753533
2026-04-24,USA - S&P 500,7165.080078125,149.37955515198217
2026-04-27,USA - S&P 500,7173.91015625,149.56364704319452
2026-04-28,USA - S&P 500,7138.7998046875,148.83165680157134
2026-04-29,USA - S&P 500,7135.9501953125,148.7722473635535
2026-04-30,USA - S&P 500,7209.009765625,150.29541332874564
2026-05-01,USA - S&P 500,7230.1201171875,150.73552772957913
2026-05-04,USA - S&P 500,7200.75,150.12321146899404
2026-05-05,USA - S&P 500,7259.22021484375,151.34221454889902
2026-05-06,USA - S&P 500,7365.1201171875,153.55004476576485
2026-05-07,USA - S&P 500,7337.10986328125,152.96607930793502
2026-05-08,USA - S&P 500,7398.93017578125,154.2549261428504
2026-05-11,USA - S&P 500,7412.83984375,154.54491871667062
2026-05-12,USA - S&P 500,7400.9599609375,154.29724366064343
2026-05-13,USA - S&P 500,7444.25,155.19976627129935
2026-05-14,USA - S&P 500,7501.240234375,156.38791431237087
2026-05-15,USA - S&P 500,7408.5,154.45444046356872
2026-05-18,USA - S&P 500,7403.0498046875,154.3408132964756
2026-05-19,USA - S&P 500,7353.60986328125,153.31007583457995
2026-05-20,USA - S&P 500,7432.97021484375,154.96460221584175
2026-05-21,USA - S&P 500,7445.72021484375,155.23041771370373
2026-05-22,USA - S&P 500,7473.47021484375,155.80895732669745
2026-05-26,USA - S&P 500,7519.1201171875,156.76067901445077
2026-05-27,USA - S&P 500,7520.35986328125,156.78652558112782
2026-05-28,USA - S&P 500,7563.6298828125,157.68863081910408
2026-05-29,USA - S&P 500,7580.06005859375,158.03117163128076
2026-06-01,USA - S&P 500,7599.9599609375,158.44605025472458
2026-06-02,USA - S&P 500,7609.77978515625,158.65077664402844
2026-06-03,USA - S&P 500,7553.68017578125,157.48119659729286
2026-06-04,USA - S&P 500,7584.31005859375,158.11977679723475
2026-06-05,USA - S&P 500,7383.740234375,153.93824207717222
2026-06-08,USA - S&P 500,7405.72998046875,154.3966903364482
2026-06-09,USA - S&P 500,7386.64990234375,153.99890363322916
2026-06-10,USA - S&P 500,7266.990234375,151.50420604773015
2026-06-11,USA - S&P 500,7394.2998046875,154.15839089598208
2026-06-12,USA - S&P 500,7431.4599609375,154.933116028078
2026-06-15,USA - S&P 500,7554.2900390625,157.49391119429157
2026-06-16,USA - S&P 500,7511.35009765625,156.59868751561967
2026-06-17,USA - S&P 500,7420.10009765625,154.69628248190156
2026-06-18,USA - S&P 500,7500.580078125,156.3741511937622
2026-06-22,USA - S&P 500,7472.7900390625,155.79477683540907
2026-06-23,USA - S&P 500,7365.4599609375,153.5571299214983
2026-06-24,USA - S&P 500,7358.22021484375,153.40619370876854
2026-06-25,USA - S&P 500,7357.490234375,153.39097487569165
2026-06-26,USA - S&P 500,7354.02001953125,153.31862688460308
2026-06-29,USA - S&P 500,7440.43017578125,155.1201295280482
2026-06-30,USA - S&P 500,7499.35986328125,156.3487118199434
2026-07-01,USA - S&P 500,7483.22998046875,156.0124315979622
2026-07-02,USA - S&P 500,7483.240234375,156.01264537421278
2026-07-06,USA - S&P 500,7537.43017578125,157.1424121392335
2026-07-07,USA - S&P 500,7503.85009765625,156.4423254580538
2026-07-08,USA - S&P 500,7482.7099609375,156.00159008811144
2026-07-09,USA - S&P 500,7543.64013671875,157.27187910851234
2026-07-10,USA - S&P 500,7575.39013671875,157.93381181887452
2026-07-13,USA - S&P 500,7515.33984375,156.68186683673756
2026-07-14,USA - S&P 500,7543.58984375,157.27083058690235
2026-07-15,USA - S&P 500,7572.39990234375,157.8714705922773
2026-07-16,USA - S&P 500,7533.77001953125,157.06610419759846
2026-07-17,USA - S&P 500,7457.68994140625,155.47996585687883
2026-07-20,USA - S&P 500,7443.27978515625,155.17953896606608
2026-07-21,USA - S&P 500,7509.2001953125,156.5538657617484
2026-07-22,USA - S&P 500,7498.9599609375,156.34037454617084
2026-07-23,USA - S&P 500,7408.2998046875,154.4502667367717
2026-07-24,USA - S&P 500,7411.97998046875,154.5269920510864
2026-07-27,USA - S&P 500,7413.18017578125,154.55201405222553
2026-07-28,USA - S&P 500,7428.77978515625,154.8772389881054
2026-07-29,USA - S&P 500,7316.14990234375,152.52910029210997
2026-07-30,USA - S&P 500,7437.6298828125,155.06174825199741
2026-07-31,USA - S&P 500,7489.72021484375,156.14774178475685
2026-08-03,USA - S&P 500,7600.5,158.45730913725504
2026-08-04,USA - S&P 500,7736.52001953125,161.29309182046256
2026-08-05,USA - S&P 500,7723.5498046875,161.02268522312386
2026-08-06,USA - S&P 500,7709.9599609375,160.73936043235736
2026-08-07,USA - S&P 500,7757.64013671875,161.7334098177252
2026-08-10,USA - S&P 500,7753.10986328125,161.6389614342554
2026-08-11,USA - S&P 500,7728.2001953125,161.11963784267186
2026-08-12,USA - S&P 500,7748.5,161.54285373988827
2026-08-13,USA - S&P 500,7798.990234375,162.595487997736
2026-08-14,USA - S&P 500,7785.759765625,162.3196555555612
2026-08-17,USA - S&P 500,7745.06005859375,161.47113689772996
2026-08-18,USA - S&P 500,7691.759765625,160.3599177674023
2026-08-19,USA - S&P 500,7707.97998046875,160.69808125635285
2026-08-20,USA - S&P 500,7641.16015625,159.30500322954833
2026-08-21,USA - S&P 500,7674.3701171875,159.99737360606431
2026-08-24,USA - S&P 500,7652.85986328125,159.54892193145824
2026-08-25,USA - S&P 500,7677.27978515625,160.05803516212129
2026-08-26,USA - S&P 500,7675.7001953125,160.02510343971076
2026-08-27,USA - S&P 500,7730.990234375,161.1778053424721
2026-08-28,USA - S&P 500,7711.759765625,160.7768832542446
2026-08-31,USA - S&P 500,7686.14013671875,160.24275820226387
2022-01-03,Europe - Euro Stoxx 50,4331.81982421875,100.0
2022-01-04,Europe - Euro Stoxx 50,4367.6201171875,100.8264492620075
2022-01-05,Europe - Euro Stoxx 50,4392.14990234375,101.39271900894171
2022-01-06,Europe - Euro Stoxx 50,4324.81005859375,99.83817965867811
2022-01-07,Europe - Euro Stoxx 50,4305.830078125,99.4000270752619
2022-01-10,Europe - Euro Stoxx 50,4239.52001953125,97.86926030091414
2022-01-11,Europe - Euro Stoxx 50,4281.5400390625,98.83929186354564
2022-01-12,Europe - Euro Stoxx 50,4316.39013671875,99.64380588006605
2022-01-13,Europe - Euro Stoxx 50,4315.89990234375,99.63248882638209
2022-01-14,Europe - Euro Stoxx 50,4272.18994140625,98.62344499004516
2022-01-17,Europe - Euro Stoxx 50,4302.14013671875,99.31484482955491
2022-01-18,Europe - Euro Stoxx 50,4257.81982421875,98.29171103594213
2022-01-19,Europe - Euro Stoxx 50,4268.27978515625,98.53317908775304
2022-01-20,Europe - Euro Stoxx 50,4299.60986328125,99.25643350267208
2022-01-21,Europe - Euro Stoxx 50,4229.56005859375,97.63933474210363
2022-01-24,Europe - Euro Stoxx 50,4054.360107421875,93.59484632196319
2022-01-25,Europe - Euro Stoxx 50,4078.260009765625,94.14657523298871
2022-01-26,Europe - Euro Stoxx 50,4164.60009765625,96.13973495325008
2022-01-27,Europe - Euro Stoxx 50,4184.97021484375,96.6099788233578
2022-01-28,Europe - Euro Stoxx 50,4136.91015625,95.50051304352432
2022-01-31,Europe - Euro Stoxx 50,4174.60009765625,96.3705848132579
2022-02-01,Europe - Euro Stoxx 50,4224.4501953125,97.52137361979005
2022-02-02,Europe - Euro Stoxx 50,4222.0498046875,97.46596063581552
2022-02-03,Europe - Euro Stoxx 50,4141.02001953125,95.59538917983711
2022-02-04,Europe - Euro Stoxx 50,4086.580078125,94.33864389459043
2022-02-07,Europe - Euro Stoxx 50,4120.56005859375,95.12307126801838
2022-02-08,Europe - Euro Stoxx 50,4129.25,95.32367844372928
2022-02-09,Europe - Euro Stoxx 50,4204.08984375,97.05135518899874
2022-02-10,Europe - Euro Stoxx 50,4197.06982421875,96.88929813639461
2022-02-11,Europe - Euro Stoxx 50,4155.22998046875,95.92342592915097
2022-02-14,Europe - Euro Stoxx 50,4064.449951171875,93.82777022368202
2022-02-15,Europe - Euro Stoxx 50,4143.7099609375,95.65748643954332
2022-02-16,Europe - Euro Stoxx 50,4137.22021484375,95.50767074182048
2022-02-17,Europe - Euro Stoxx 50,4113.18994140625,94.95293221592081
2022-02-18,Europe - Euro Stoxx 50,4074.280029296875,94.05469743958423
2022-02-21,Europe - Euro Stoxx 50,3985.7099609375,92.01005865141975
2022-02-22,Europe - Euro Stoxx 50,3985.469970703125,92.00451848021889
2022-02-23,Europe - Euro Stoxx 50,3973.409912109375,91.72611219641355
2022-02-24,Europe - Euro Stoxx 50,3829.2900390625,88.39910694469197
2022-02-25,Europe - Euro Stoxx 50,3970.68994140625,91.66332171080937
2022-02-28,Europe - Euro Stoxx 50,3924.22998046875,90.59079416297031
2022-03-01,Europe - Euro Stoxx 50,3765.85009765625,86.93459678543825
2022-03-02,Europe - Euro Stoxx 50,3820.590087890625,88.19826869368174
2022-03-03,Europe - Euro Stoxx 50,3741.780029296875,86.3789395943242
2022-03-04,Europe - Euro Stoxx 50,3556.010009765625,82.09044129408028
2022-03-07,Europe - Euro Stoxx 50,3512.219970703125,81.07954885534878
2022-03-08,Europe - Euro Stoxx 50,3505.2900390625,80.91957148043858
2022-03-09,Europe - Euro Stoxx 50,3766.02001953125,86.93851942954385
2022-03-10,Europe - Euro Stoxx 50,3651.389892578125,84.29228455356309
2022-03-11,Europe - Euro Stoxx 50,3686.780029296875,85.1092653642812
2022-03-14,Europe - Euro Stoxx 50,3741.10009765625,86.36324338191889
2022-03-15,Europe - Euro Stoxx 50,3738.110107421875,86.29421949921586
2022-03-16,Europe - Euro Stoxx 50,3889.68994140625,89.79343784474602
2022-03-17,Europe - Euro Stoxx 50,3885.320068359375,89.69255938663373
2022-03-18,Europe - Euro Stoxx 50,3902.43994140625,90.087771416256
2022-03-21,Europe - Euro Stoxx 50,3881.800048828125,89.61129978503234
2022-03-22,Europe - Euro Stoxx 50,3926.1201171875,90.63442794266221
2022-03-23,Europe - Euro Stoxx 50,3869.219970703125,89.32088885762796
2022-03-24,Europe - Euro Stoxx 50,3863.389892578125,89.18630158572888
2022-03-25,Europe - Euro Stoxx 50,3867.72998046875,89.28649245392613
2022-03-28,Europe - Euro Stoxx 50,3887.10009765625,89.73365133803307
2022-03-29,Europe - Euro Stoxx 50,4002.179931640625,92.39026769453469
2022-03-30,Europe - Euro Stoxx 50,3959.139892578125,91.39668899530376
2022-03-31,Europe - Euro Stoxx 50,3902.52001953125,90.08962001865059
2022-04-01,Europe - Euro Stoxx 50,3918.679931640625,90.46267136346938
2022-04-04,Europe - Euro Stoxx 50,3951.1201171875,91.21155259268177
2022-04-05,Europe - Euro Stoxx 50,3917.85009765625,90.44351465755712
2022-04-06,Europe - Euro Stoxx 50,3824.68994140625,88.2929137546952
2022-04-07,Europe - Euro Stoxx 50,3802.010009765625,87.76934785027267
2022-04-08,Europe - Euro Stoxx 50,3858.3701171875,89.07042014110922
2022-04-11,Europe - Euro Stoxx 50,3839.6201171875,88.63757665359456
2022-04-12,Europe - Euro Stoxx 50,3831.469970703125,88.44943063609844
2022-04-13,Europe - Euro Stoxx 50,3827.9599609375,88.36840210979638
2022-04-14,Europe - Euro Stoxx 50,3848.679931640625,88.84672234341464
2022-04-19,Europe - Euro Stoxx 50,3830.760009765625,88.43304119779516
2022-04-20,Europe - Euro Stoxx 50,3896.81005859375,89.95780565034339
2022-04-21,Europe - Euro Stoxx 50,3928.030029296875,90.67851823696986
2022-04-22,Europe - Euro Stoxx 50,3840.010009765625,88.64657731830239
2022-04-25,Europe - Euro Stoxx 50,3757.590087890625,86.74391457563246
2022-04-26,Europe - Euro Stoxx 50,3721.360107421875,85.90754598370278
2022-04-27,Europe - Euro Stoxx 50,3734.639892578125,86.21410963812819
2022-04-28,Europe - Euro Stoxx 50,3777.02001953125,87.19245427555245
2022-04-29,Europe - Euro Stoxx 50,3802.860107421875,87.7889723427665
2022-05-02,Europe - Euro Stoxx 50,3732.43994140625,86.16332379612305
2022-05-03,Europe - Euro Stoxx 50,3761.18994140625,86.82701714364553
2022-05-04,Europe - Euro Stoxx 50,3724.989990234375,85.99134177761381
2022-05-05,Europe - Euro Stoxx 50,3696.6298828125,85.33664909479914
2022-05-06,Europe - Euro Stoxx 50,3629.169921875,83.77933684094366
2022-05-09,Europe - Euro Stoxx 50,3526.860107421875,81.41751620655066
2022-05-10,Europe - Euro Stoxx 50,3554.800048828125,82.06250936277661
2022-05-11,Europe - Euro Stoxx 50,3647.8701171875,84.2110305879446
2022-05-12,Europe - Euro Stoxx 50,3613.429931640625,83.41597938673067
2022-05-13,Europe - Euro Stoxx 50,3703.419921875,85.49339705150173
2022-05-16,Europe - Euro Stoxx 50,3685.340087890625,85.07602433707596
2022-05-17,Europe - Euro Stoxx 50,3741.510009765625,86.37270619722536
2022-05-18,Europe - Euro Stoxx 50,3690.739990234375,85.20068100708701
2022-05-19,Europe - Euro Stoxx 50,3633.330078125,83.87537398973596
2022-05-20,Europe - Euro Stoxx 50,3657.030029296875,84.42248703075794
2022-05-23,Europe - Euro Stoxx 50,3708.389892578125,85.60812875560767
2022-05-24,Europe - Euro Stoxx 50,3647.56005859375,84.20387288964847
2022-05-25,Europe - Euro Stoxx 50,3677.10009765625,84.88580427786884
2022-05-27,Europe - Euro Stoxx 50,3808.860107421875,87.92748225877119
2022-05-30,Europe - Euro Stoxx 50,3841.6201171875,88.68374662559613
2022-05-31,Europe - Euro Stoxx 50,3789.2099609375,87.47385890226607
2022-06-01,Europe - Euro Stoxx 50,3759.5400390625,86.78892917113741
2022-06-02,Europe - Euro Stoxx 50,3795.1298828125,87.61052021587618
2022-06-03,Europe - Euro Stoxx 50,3783.659912109375,87.34573610276516
2022-06-07,Europe - Euro Stoxx 50,3806.739990234375,87.87853938317774
2022-06-08,Europe - Euro Stoxx 50,3788.929931640625,87.46739442986792
2022-06-09,Europe - Euro Stoxx 50,3724.449951171875,85.97887498341612
2022-06-10,Europe - Euro Stoxx 50,3599.199951171875,83.08748048681817
2022-06-13,Europe - Euro Stoxx 50,3502.5,80.85516346773912
2022-06-14,Europe - Euro Stoxx 50,3475.179931640625,80.22448007212255
2022-06-15,Europe - Euro Stoxx 50,3532.320068359375,81.54355932835766
2022-06-16,Europe - Euro Stoxx 50,3427.909912109375,79.13325233298694
2022-06-17,Europe - Euro Stoxx 50,3438.4599609375,79.37680006249178
2022-06-20,Europe - Euro Stoxx 50,3469.830078125,80.10097877860811
2022-06-21,Europe - Euro Stoxx 50,3494.0,80.65894108673248
2022-06-22,Europe - Euro Stoxx 50,3464.639892578125,79.98116341791703
2022-06-23,Europe - Euro Stoxx 50,3436.2900390625,79.32670744638462
2022-06-24,Europe - Euro Stoxx 50,3533.169921875,81.56317818486858
2022-06-27,Europe - Euro Stoxx 50,3538.8798828125,81.69499255317578
2022-06-28,Europe - Euro Stoxx 50,3549.2900390625,81.93531086447298
2022-06-29,Europe - Euro Stoxx 50,3514.320068359375,81.12802958034358
2022-06-30,Europe - Euro Stoxx 50,3454.860107421875,79.75539721449435
2022-07-01,Europe - Euro Stoxx 50,3448.31005859375,79.60418942899264
2022-07-04,Europe - Euro Stoxx 50,3452.419921875,79.69906556530543
2022-07-05,Europe - Euro Stoxx 50,3359.830078125,77.56163031852208
2022-07-06,Europe - Euro Stoxx 50,3421.840087890625,78.99313052586989
2022-07-07,Europe - Euro Stoxx 50,3488.5,80.53197366372817
2022-07-08,Europe - Euro Stoxx 50,3506.550048828125,80.94865878823889
2022-07-11,Europe - Euro Stoxx 50,3471.68994140625,80.14391369641913
2022-07-12,Europe - Euro Stoxx 50,3487.050048828125,80.49850156122362
2022-07-13,Europe - Euro Stoxx 50,3453.969970703125,79.73484842080323
2022-07-14,Europe - Euro Stoxx 50,3396.610107421875,78.4106967799488
2022-07-15,Europe - Euro Stoxx 50,3477.199951171875,80.27111219472276
2022-07-18,Europe - Euro Stoxx 50,3511.860107421875,81.07124141653892
2022-07-19,Europe - Euro Stoxx 50,3587.43994140625,82.81600082600966
2022-07-20,Europe - Euro Stoxx 50,3585.239990234375,82.76521498400452
2022-07-21,Europe - Euro Stoxx 50,3596.510009765625,83.02538322711196
2022-07-22,Europe - Euro Stoxx 50,3596.489990234375,83.02492107651331
2022-07-25,Europe - Euro Stoxx 50,3604.159912109375,83.20198111562478
2022-07-26,Europe - Euro Stoxx 50,3575.360107421875,82.53713802758858
2022-07-27,Europe - Euro Stoxx 50,3607.780029296875,83.28555147021942
2022-07-28,Europe - Euro Stoxx 50,3652.199951171875,84.31098474485962
2022-07-29,Europe - Euro Stoxx 50,3708.10009765625,85.60143884389308
2022-08-02,Europe - Euro Stoxx 50,3684.6298828125,85.05962926278976
2022-08-03,Europe - Euro Stoxx 50,3732.5400390625,86.1656345491163
2022-08-04,Europe - Euro Stoxx 50,3754.60009765625,86.67489069292944
2022-08-05,Europe - Euro Stoxx 50,3725.389892578125,86.00057351762096
2022-08-08,Europe - Euro Stoxx 50,3757.219970703125,86.73537042554038
2022-08-09,Europe - Euro Stoxx 50,3715.3701171875,85.76926714299739
2022-08-10,Europe - Euro Stoxx 50,3749.35009765625,86.55369451642534
2022-08-11,Europe - Euro Stoxx 50,3757.050048828125,86.73144778143478
2022-08-12,Europe - Euro Stoxx 50,3776.81005859375,87.18760733024955
2022-08-15,Europe - Euro Stoxx 50,3789.6201171875,87.48332735355547
2022-08-16,Europe - Euro Stoxx 50,3805.219970703125,87.84344975357791
2022-08-17,Europe - Euro Stoxx 50,3756.06005859375,86.70859387073332
2022-08-18,Europe - Euro Stoxx 50,3777.3798828125,87.2007617143623
2022-08-19,Europe - Euro Stoxx 50,3730.320068359375,86.11438655651251
2022-08-22,Europe - Euro Stoxx 50,3658.219970703125,84.44995681146295
2022-08-23,Europe - Euro Stoxx 50,3652.52001953125,84.31837351845508
2022-08-24,Europe - Euro Stoxx 50,3667.4599609375,84.66326185667087
2022-08-25,Europe - Euro Stoxx 50,3674.5400390625,84.82670536107094
2022-08-26,Europe - Euro Stoxx 50,3603.679931640625,83.19090077322304
2022-08-29,Europe - Euro Stoxx 50,3570.510009765625,82.42517359109162
2022-08-30,Europe - Euro Stoxx 50,3561.919921875,82.22687153239107
2022-08-31,Europe - Euro Stoxx 50,3517.25,81.19566701125066
2022-09-01,Europe - Euro Stoxx 50,3456.699951171875,79.79786998170673
2022-09-02,Europe - Euro Stoxx 50,3544.3798828125,81.82195997618008
2022-09-05,Europe - Euro Stoxx 50,3490.010009765625,80.56683221802868
2022-09-06,Europe - Euro Stoxx 50,3500.139892578125,80.8006804209448
2022-09-07,Europe - Euro Stoxx 50,3502.090087890625,80.84570065243265
2022-09-08,Europe - Euro Stoxx 50,3512.3798828125,81.08324042415505
2022-09-09,Europe - Euro Stoxx 50,3570.0400390625,82.4143243239892
2022-09-12,Europe - Euro Stoxx 50,3646.510009765625,84.17963252715106
2022-09-13,Europe - Euro Stoxx 50,3586.179931640625,82.78691351820935
2022-09-14,Europe - Euro Stoxx 50,3567.56005859375,82.3570740095859
2022-09-15,Europe - Euro Stoxx 50,3541.7900390625,81.76217346946711
2022-09-16,Europe - Euro Stoxx 50,3500.409912109375,80.80691381804364
2022-09-19,Europe - Euro Stoxx 50,3499.489990234375,80.78567743443745
2022-09-20,Europe - Euro Stoxx 50,3467.090087890625,80.03772614240529
2022-09-21,Europe - Euro Stoxx 50,3491.8701171875,80.6097727718226
2022-09-22,Europe - Euro Stoxx 50,3427.139892578125,79.11547644288771
2022-09-23,Europe - Euro Stoxx 50,3348.60009765625,77.30238637661193
2022-09-26,Europe - Euro Stoxx 50,3342.56005859375,77.16295215940995
2022-09-27,Europe - Euro Stoxx 50,3328.64990234375,76.84183639711001
2022-09-28,Europe - Euro Stoxx 50,3335.300048828125,76.99535493560495
2022-09-29,Europe - Euro Stoxx 50,3279.0400390625,75.69659339776163
2022-09-30,Europe - Euro Stoxx 50,3318.199951171875,76.60059942059841
2022-10-03,Europe - Euro Stoxx 50,3342.169921875,77.15394585871921
2022-10-04,Europe - Euro Stoxx 50,3484.47998046875,80.4391715691264
2022-10-05,Europe - Euro Stoxx 50,3447.719970703125,79.59056725829834
2022-10-06,Europe - Euro Stoxx 50,3433.449951171875,79.26114405718855
2022-10-07,Europe - Euro Stoxx 50,3375.4599609375,77.92244594444252
2022-10-10,Europe - Euro Stoxx 50,3356.8798828125,77.49352510103344
2022-10-11,Europe - Euro Stoxx 50,3340.35009765625,77.11193524210547
2022-10-12,Europe - Euro Stoxx 50,3331.530029296875,76.90832408750336
2022-10-13,Europe - Euro Stoxx 50,3362.39990234375,77.6209546746364
2022-10-14,Europe - Euro Stoxx 50,3381.72998046875,78.06718925754605
2022-10-17,Europe - Euro Stoxx 50,3441.639892578125,79.45020873989905
2022-10-18,Europe - Euro Stoxx 50,3463.830078125,79.96246886260342
2022-10-19,Europe - Euro Stoxx 50,3471.239990234375,80.13352657991535
2022-10-20,Europe - Euro Stoxx 50,3492.85009765625,80.63239560722475
2022-10-21,Europe - Euro Stoxx 50,3476.6298828125,80.2579521746271
2022-10-24,Europe - Euro Stoxx 50,3527.7900390625,81.43898366545616
2022-10-25,Europe - Euro Stoxx 50,3585.580078125,82.77306590819863
2022-10-26,Europe - Euro Stoxx 50,3605.31005859375,83.22853223111542
2022-10-27,Europe - Euro Stoxx 50,3604.510009765625,83.21006311511822
2022-10-28,Europe - Euro Stoxx 50,3613.02001953125,83.40651657142419
2022-10-31,Europe - Euro Stoxx 50,3617.5400390625,83.51086115902636
2022-11-01,Europe - Euro Stoxx 50,3651.02001953125,84.28374603945392
2022-11-02,Europe - Euro Stoxx 50,3622.010009765625,83.6140503701319
2022-11-03,Europe - Euro Stoxx 50,3593.179931640625,82.94850842021482
2022-11-04,Europe - Euro Stoxx 50,3688.330078125,85.14504821977899
2022-11-07,Europe - Euro Stoxx 50,3708.800048828125,85.61759720689705
2022-11-08,Europe - Euro Stoxx 50,3739.280029296875,86.32122712932225
2022-11-09,Europe - Euro Stoxx 50,3728.030029296875,86.06152103681345
2022-11-10,Europe - Euro Stoxx 50,3846.56005859375,88.79778510380409
2022-11-11,Europe - Euro Stoxx 50,3868.5,89.30426834402536
2022-11-14,Europe - Euro Stoxx 50,3887.510009765625,89.74311415333955
2022-11-15,Europe - Euro Stoxx 50,3915.090087890625,90.37979987075563
2022-11-16,Europe - Euro Stoxx 50,3882.780029296875,89.63392262043448
2022-11-17,Europe - Euro Stoxx 50,3878.419921875,89.5332696016386
2022-11-18,Europe - Euro Stoxx 50,3924.840087890625,90.60487848426327
2022-11-21,Europe - Euro Stoxx 50,3909.280029296875,90.24567474945519
2022-11-22,Europe - Euro Stoxx 50,3929.89990234375,90.72168423008021
2022-11-23,Europe - Euro Stoxx 50,3946.43994140625,91.10351080029041
2022-11-24,Europe - Euro Stoxx 50,3961.989990234375,91.46248345979915
2022-11-25,Europe - Euro Stoxx 50,3962.409912109375,91.47217735040495
2022-11-28,Europe - Euro Stoxx 50,3935.510009765625,90.85119348137708
2022-11-29,Europe - Euro Stoxx 50,3934.43994140625,90.82649096828102
2022-11-30,Europe - Euro Stoxx 50,3964.719970703125,91.52550502070265
2022-12-01,Europe - Euro Stoxx 50,3984.5,91.98212672011607
2022-12-02,Europe - Euro Stoxx 50,3977.89990234375,91.82976355811775
2022-12-05,Europe - Euro Stoxx 50,3956.530029296875,91.33644033799216
2022-12-06,Europe - Euro Stoxx 50,3939.18994140625,90.93614465178474
2022-12-07,Europe - Euro Stoxx 50,3920.89990234375,90.51391935607317
2022-12-08,Europe - Euro Stoxx 50,3921.27001953125,90.52246350616527
2022-12-09,Europe - Euro Stoxx 50,3942.6201171875,91.01533021167512
2022-12-12,Europe - Euro Stoxx 50,3921.820068359375,90.53516137566227
2022-12-13,Europe - Euro Stoxx 50,3986.830078125,92.03591654101243
2022-12-14,Europe - Euro Stoxx 50,3975.260009765625,91.76882167490817
2022-12-15,Europe - Euro Stoxx 50,3835.699951171875,88.54707967600312
2022-12-16,Europe - Euro Stoxx 50,3804.02001953125,87.81574889757357
2022-12-19,Europe - Euro Stoxx 50,3811.239990234375,87.98242182018126
2022-12-20,Europe - Euro Stoxx 50,3802.489990234375,87.78042819267442
2022-12-21,Europe - Euro Stoxx 50,3872.14990234375,89.38852628853505
2022-12-22,Europe - Euro Stoxx 50,3823.2900390625,88.26059702868727
2022-12-23,Europe - Euro Stoxx 50,3817.010009765625,88.11562264028441
2022-12-27,Europe - Euro Stoxx 50,3832.889892578125,88.48220951270503
2022-12-28,Europe - Euro Stoxx 50,3808.820068359375,87.9265579575739
2022-12-29,Europe - Euro Stoxx 50,3850.070068359375,88.87881363010615
2022-12-30,Europe - Euro Stoxx 50,3793.6201171875,87.5756672975586
2023-01-03,Europe - Euro Stoxx 50,3882.2900390625,89.62261120273341
2023-01-04,Europe - Euro Stoxx 50,3973.969970703125,91.73904114120988
2023-01-05,Europe - Euro Stoxx 50,3959.47998046875,91.40453991949788
2023-01-06,Europe - Euro Stoxx 50,4017.830078125,92.75155110703666
2023-01-09,Europe - Euro Stoxx 50,4068.6201171875,93.92403844777365
2023-01-10,Europe - Euro Stoxx 50,4057.4599609375,93.66640639697586
2023-01-11,Europe - Euro Stoxx 50,4099.759765625,94.64289679602263
2023-01-12,Europe - Euro Stoxx 50,4126.68017578125,95.26435408761496
2023-01-13,Europe - Euro Stoxx 50,4150.7998046875,95.8211553832598
2023-01-16,Europe - Euro Stoxx 50,4157.0,95.96428680525098
2023-01-17,Europe - Euro Stoxx 50,4174.330078125,96.36435141615907
2023-01-18,Europe - Euro Stoxx 50,4174.33984375,96.36457685547548
2023-01-19,Europe - Euro Stoxx 50,4094.280029296875,94.51639715959988
2023-01-20,Europe - Euro Stoxx 50,4119.89990234375,95.1078315702288
2023-01-23,Europe - Euro Stoxx 50,4150.81982421875,95.82161753385844
2023-01-24,Europe - Euro Stoxx 50,4153.02001953125,95.8724090118465
2023-01-25,Europe - Euro Stoxx 50,4148.10986328125,95.7590581235536
2023-01-26,Europe - Euro Stoxx 50,4173.97998046875,96.35626941666561
2023-01-27,Europe - Euro Stoxx 50,4178.009765625,96.44929695058381
2023-01-30,Europe - Euro Stoxx 50,4158.6298828125,96.00191262716045
2023-01-31,Europe - Euro Stoxx 50,4163.4501953125,96.11318947374235
2023-02-01,Europe - Euro Stoxx 50,4171.43994140625,96.29763265046637
2023-02-02,Europe - Euro Stoxx 50,4241.1201171875,97.90619853290856
2023-02-03,Europe - Euro Stoxx 50,4257.97998046875,98.29540824073132
2023-02-06,Europe - Euro Stoxx 50,4205.4501953125,97.0827588857752
2023-02-07,Europe - Euro Stoxx 50,4209.31005859375,97.17186377558778
2023-02-08,Europe - Euro Stoxx 50,4209.14990234375,97.1681665707986
2023-02-09,Europe - Euro Stoxx 50,4250.14013671875,98.11442555751425
2023-02-10,Europe - Euro Stoxx 50,4197.93994140625,96.9093847794871
2023-02-13,Europe - Euro Stoxx 50,4241.35986328125,97.91173306812652
2023-02-14,Europe - Euro Stoxx 50,4238.759765625,97.85170985013131
2023-02-15,Europe - Euro Stoxx 50,4280.0400390625,98.80466438454447
2023-02-16,Europe - Euro Stoxx 50,4297.240234375,99.20173065254426
2023-02-17,Europe - Euro Stoxx 50,4274.919921875,98.68646655094867
2023-02-20,Europe - Euro Stoxx 50,4271.18017578125,98.60013456472797
2023-02-21,Europe - Euro Stoxx 50,4250.39990234375,98.12042224333085
2023-02-22,Europe - Euro Stoxx 50,4242.8798828125,97.94682269772635
2023-02-23,Europe - Euro Stoxx 50,4258.16015625,98.29956759611915
2023-02-24,Europe - Euro Stoxx 50,4178.81982421875,96.46799714188035
2023-02-27,Europe - Euro Stoxx 50,4248.009765625,98.06524597063856
2023-02-28,Europe - Euro Stoxx 50,4238.3798828125,97.84294026072283
2023-03-01,Europe - Euro Stoxx 50,4215.75,97.32052973279693
2023-03-02,Europe - Euro Stoxx 50,4240.58984375,97.89395717802729
2023-03-03,Europe - Euro Stoxx 50,4294.7998046875,99.14539336737242
2023-03-06,Europe - Euro Stoxx 50,4313.77978515625,99.58354595078862
2023-03-07,Europe - Euro Stoxx 50,4278.9599609375,98.7797307961491
2023-03-08,Europe - Euro Stoxx 50,4288.4501953125,98.9988127238401
2023-03-09,Europe - Euro Stoxx 50,4286.1201171875,98.94502290294376
2023-03-10,Europe - Euro Stoxx 50,4229.52978515625,97.63863588022274
2023-03-13,Europe - Euro Stoxx 50,4096.5400390625,94.56856945340097
2023-03-14,Europe - Euro Stoxx 50,4179.47021484375,96.48301140035352
2023-03-15,Europe - Euro Stoxx 50,4034.919921875,93.14606991076097
2023-03-16,Europe - Euro Stoxx 50,4116.97998046875,95.04042521462105
2023-03-17,Europe - Euro Stoxx 50,4064.989990234375,93.8402370178797
2023-03-20,Europe - Euro Stoxx 50,4119.419921875,95.09675122782706
2023-03-21,Europe - Euro Stoxx 50,4181.60009765625,96.53217971526338
2023-03-22,Europe - Euro Stoxx 50,4195.7001953125,96.85768027226757
2023-03-23,Europe - Euro Stoxx 50,4207.14013671875,97.12177115948062
2023-03-24,Europe - Euro Stoxx 50,4130.6201171875,95.35530757982215
2023-03-27,Europe - Euro Stoxx 50,4164.6201171875,96.14019710384873
2023-03-28,Europe - Euro Stoxx 50,4168.2099609375,96.22306859656248
2023-03-29,Europe - Euro Stoxx 50,4231.27001953125,97.6788091664077
2023-03-30,Europe - Euro Stoxx 50,4285.419921875,98.92885890395688
2023-03-31,Europe - Euro Stoxx 50,4315.0498046875,99.61286433388825
2023-04-03,Europe - Euro Stoxx 50,4311.0498046875,99.52052438988513
2023-04-04,Europe - Euro Stoxx 50,4315.31982421875,99.6190977309871
2023-04-05,Europe - Euro Stoxx 50,4298.35986328125,99.2275772701711
2023-04-06,Europe - Euro Stoxx 50,4309.4501953125,99.48359742985653
2023-04-11,Europe - Euro Stoxx 50,4333.2900390625,100.03393988908611
2023-04-12,Europe - Euro Stoxx 50,4334.02978515625,100.05101691730447
2023-04-13,Europe - Euro Stoxx 50,4363.240234375,100.72533972859586
2023-04-14,Europe - Euro Stoxx 50,4390.75,101.36040228293379
2023-04-17,Europe - Euro Stoxx 50,4367.60986328125,100.82621255072526
2023-04-18,Europe - Euro Stoxx 50,4393.9501953125,101.43427874692262
2023-04-19,Europe - Euro Stoxx 50,4393.56982421875,101.42549788554828
2023-04-20,Europe - Euro Stoxx 50,4384.85986328125,101.22442855923875
2023-04-21,Europe - Euro Stoxx 50,4408.58984375,101.77223482615867
2023-04-24,Europe - Euro Stoxx 50,4401.7998046875,101.61548686945609
2023-04-25,Europe - Euro Stoxx 50,4377.85009765625,101.06260821791686
2023-04-26,Europe - Euro Stoxx 50,4347.7099609375,100.36682358370285
2023-04-27,Europe - Euro Stoxx 50,4358.0498046875,100.60551873192188
2023-04-28,Europe - Euro Stoxx 50,4359.31005859375,100.63461167570509
2023-05-02,Europe - Euro Stoxx 50,4294.85009765625,99.14655437985195
2023-05-03,Europe - Euro Stoxx 50,4310.18017578125,99.50044901875846
2023-05-04,Europe - Euro Stoxx 50,4287.02978515625,98.96602257526771
2023-05-05,Europe - Euro Stoxx 50,4340.43017578125,100.19876984528213
2023-05-08,Europe - Euro Stoxx 50,4348.64990234375,100.3885221179077
2023-05-09,Europe - Euro Stoxx 50,4323.08984375,99.79846852309181
2023-05-10,Europe - Euro Stoxx 50,4306.759765625,99.4214888981845
2023-05-11,Europe - Euro Stoxx 50,4309.75,99.49051841687043
2023-05-12,Europe - Euro Stoxx 50,4317.8798828125,99.678196647785
2023-05-15,Europe - Euro Stoxx 50,4316.41015625,99.6442680306647
2023-05-16,Europe - Euro Stoxx 50,4315.509765625,99.62348252569134
2023-05-17,Europe - Euro Stoxx 50,4323.22998046875,99.80170357728234
2023-05-19,Europe - Euro Stoxx 50,4395.2998046875,101.46543446045102
2023-05-22,Europe - Euro Stoxx 50,4385.6298828125,101.24220444933798
2023-05-23,Europe - Euro Stoxx 50,4342.3798828125,100.24377880480415
2023-05-24,Europe - Euro Stoxx 50,4263.740234375,98.42838362151805
2023-05-25,Europe - Euro Stoxx 50,4269.64013671875,98.56458278452949
2023-05-26,Europe - Euro Stoxx 50,4337.5,100.13112677839213
2023-05-30,Europe - Euro Stoxx 50,4291.580078125,99.07106602475075
2023-05-31,Europe - Euro Stoxx 50,4218.0400390625,97.37339525249598
2023-06-01,Europe - Euro Stoxx 50,4257.60986328125,98.28686409063923
2023-06-02,Europe - Euro Stoxx 50,4323.52001953125,99.80839912497984
2023-06-05,Europe - Euro Stoxx 50,4293.240234375,99.10939070854113
2023-06-06,Europe - Euro Stoxx 50,4295.22021484375,99.15509852994403
2023-06-07,Europe - Euro Stoxx 50,4291.91015625,99.07868587364554
2023-06-08,Europe - Euro Stoxx 50,4297.68017578125,99.2118866937487
2023-06-09,Europe - Euro Stoxx 50,4289.7900390625,99.0297429980521
2023-06-12,Europe - Euro Stoxx 50,4316.490234375,99.64611663305931
2023-06-13,Europe - Euro Stoxx 50,4347.5498046875,100.36312637891368
2023-06-14,Europe - Euro Stoxx 50,4375.97998046875,101.0194365888236
2023-06-15,Europe - Euro Stoxx 50,4365.1201171875,100.76873679700553
2023-06-16,Europe - Euro Stoxx 50,4394.81982421875,101.45435411804927
2023-06-19,Europe - Euro Stoxx 50,4362.3798828125,100.7054785248198
2023-06-20,Europe - Euro Stoxx 50,4343.14013671875,100.26132925558697
2023-06-21,Europe - Euro Stoxx 50,4322.75,99.7906232348806
2023-06-22,Europe - Euro Stoxx 50,4304.47021484375,99.36863465045127
2023-06-23,Europe - Euro Stoxx 50,4271.60986328125,98.61005389465018
2023-06-26,Europe - Euro Stoxx 50,4280.56982421875,98.81689446745992
2023-06-27,Europe - Euro Stoxx 50,4305.259765625,99.38686141918332
2023-06-28,Europe - Euro Stoxx 50,4344.75,100.29849292689781
2023-06-29,Europe - Euro Stoxx 50,4354.68994140625,100.52795633510969
2023-06-30,Europe - Euro Stoxx 50,4399.08984375,101.55292745915123
2023-07-03,Europe - Euro Stoxx 50,4398.14990234375,101.53122892494642
2023-07-04,Europe - Euro Stoxx 50,4390.990234375,101.36594809011757
2023-07-05,Europe - Euro Stoxx 50,4350.7099609375,100.4360785417052
2023-07-06,Europe - Euro Stoxx 50,4223.08984375,97.4899699230136
2023-07-07,Europe - Euro Stoxx 50,4236.60009765625,97.80185394530639
2023-07-10,Europe - Euro Stoxx 50,4256.509765625,98.2614683516452
2023-07-11,Europe - Euro Stoxx 50,4286.56005859375,98.9551789441482
2023-07-12,Europe - Euro Stoxx 50,4360.4599609375,100.66115715521282
2023-07-13,Europe - Euro Stoxx 50,4391.759765625,101.38371270825097
2023-07-14,Europe - Euro Stoxx 50,4400.10986328125,101.57647459575068
2023-07-17,Europe - Euro Stoxx 50,4356.7900390625,100.57643706010448
2023-07-18,Europe - Euro Stoxx 50,4369.72998046875,100.87515542631871
2023-07-19,Europe - Euro Stoxx 50,4362.27978515625,100.70316777182656
2023-07-20,Europe - Euro Stoxx 50,4373.72998046875,100.96749537032184
2023-07-21,Europe - Euro Stoxx 50,4391.41015625,101.37564198072336
2023-07-24,Europe - Euro Stoxx 50,4383.02978515625,101.1821812313428
2023-07-25,Europe - Euro Stoxx 50,4391.2998046875,101.37309451644789
2023-07-26,Europe - Euro Stoxx 50,4346.14990234375,100.33080965290573
2023-07-27,Europe - Euro Stoxx 50,4447.43994140625,102.66908878668221
2023-07-28,Europe - Euro Stoxx 50,4466.5,103.10908997249302
2023-07-31,Europe - Euro Stoxx 50,4471.31005859375,103.22013010779267
2023-08-02,Europe - Euro Stoxx 50,4336.5,100.10804179239135
2023-08-03,Europe - Euro Stoxx 50,4304.6298828125,99.37232058327463
2023-08-04,Europe - Euro Stoxx 50,4332.91015625,100.02517029967761
2023-08-07,Europe - Euro Stoxx 50,4337.5,100.13112677839213
2023-08-08,Europe - Euro Stoxx 50,4288.85009765625,99.00804446384726
2023-08-09,Europe - Euro Stoxx 50,4317.330078125,99.6655044142709
2023-08-10,Europe - Euro Stoxx 50,4384.0400390625,101.2055029286258
2023-08-11,Europe - Euro Stoxx 50,4321.330078125,99.75784435827403
2023-08-14,Europe - Euro Stoxx 50,4330.22998046875,99.96329847928781
2023-08-15,Europe - Euro Stoxx 50,4288.56982421875,99.00157435546618
2023-08-16,Europe - Euro Stoxx 50,4284.27001953125,98.90231342444913
2023-08-17,Europe - Euro Stoxx 50,4227.830078125,97.5993981672009
2023-08-18,Europe - Euro Stoxx 50,4212.9501953125,97.25589628078106
2023-08-21,Europe - Euro Stoxx 50,4224.8701171875,97.53106751039586
2023-08-22,Europe - Euro Stoxx 50,4260.3701171875,98.35058451342361
2023-08-23,Europe - Euro Stoxx 50,4266.669921875,98.49601541644222
2023-08-24,Europe - Euro Stoxx 50,4232.22021484375,97.70074441189477
2023-08-25,Europe - Euro Stoxx 50,4236.25,97.79377194581296
2023-08-28,Europe - Euro Stoxx 50,4293.68994140625,99.11977218906198
2023-08-29,Europe - Euro Stoxx 50,4326.47021484375,99.87650434246848
2023-08-30,Europe - Euro Stoxx 50,4315.31005859375,99.61887229167068
2023-08-31,Europe - Euro Stoxx 50,4297.10986328125,99.19872103767013
2023-09-01,Europe - Euro Stoxx 50,4282.64013671875,98.86468760253968
2023-09-04,Europe - Euro Stoxx 50,4279.8701171875,98.80074174043887
2023-09-05,Europe - Euro Stoxx 50,4269.16015625,98.55350244212775
2023-09-06,Europe - Euro Stoxx 50,4238.259765625,97.84016735713094
2023-09-07,Europe - Euro Stoxx 50,4221.02001953125,97.44218805989968
2023-09-08,Europe - Euro Stoxx 50,4237.18994140625,97.8154704800178
2023-09-11,Europe - Euro Stoxx 50,4254.330078125,98.21115029622163
2023-09-12,Europe - Euro Stoxx 50,4242.27001953125,97.9327440124163
2023-09-13,Europe - Euro Stoxx 50,4223.47998046875,97.49897622370433
2023-09-14,Europe - Euro Stoxx 50,4279.75,98.79796883684698
2023-09-15,Europe - Euro Stoxx 50,4295.0498046875,99.15116461387261
2023-09-18,Europe - Euro Stoxx 50,4245.8798828125,98.01607765572868
2023-09-19,Europe - Euro Stoxx 50,4242.7001953125,97.94267461430432
2023-09-20,Europe - Euro Stoxx 50,4275.97998046875,98.7109379887454
2023-09-21,Europe - Euro Stoxx 50,4212.58984375,97.24757757000539
2023-09-22,Europe - Euro Stoxx 50,4207.16015625,97.12223331007927
2023-09-25,Europe - Euro Stoxx 50,4167.3701171875,96.20368081535089
2023-09-26,Europe - Euro Stoxx 50,4129.18017578125,95.32206655261692
2023-09-27,Europe - Euro Stoxx 50,4131.68017578125,95.37977901761887
2023-09-28,Europe - Euro Stoxx 50,4161.56005859375,96.06955569405045
2023-09-29,Europe - Euro Stoxx 50,4174.66015625,96.37197126505384
2023-10-02,Europe - Euro Stoxx 50,4137.6298828125,95.51712792114402
2023-10-03,Europe - Euro Stoxx 50,4095.590087890625,94.5466398438968
2023-10-04,Europe - Euro Stoxx 50,4099.85009765625,94.64498210969946
2023-10-05,Europe - Euro Stoxx 50,4099.81005859375,94.64405780850214
2023-10-06,Europe - Euro Stoxx 50,4144.43017578125,95.67411258912884
2023-10-09,Europe - Euro Stoxx 50,4112.56982421875,94.93861681932853
2023-10-10,Europe - Euro Stoxx 50,4205.22998046875,97.07767522919006
2023-10-11,Europe - Euro Stoxx 50,4200.7998046875,96.9754046832989
2023-10-12,Europe - Euro Stoxx 50,4198.22998046875,96.91608032718459
2023-10-13,Europe - Euro Stoxx 50,4136.1201171875,95.48227500282644
2023-10-16,Europe - Euro Stoxx 50,4149.85986328125,95.79945684905496
2023-10-17,Europe - Euro Stoxx 50,4152.31982421875,95.85624501285962
2023-10-18,Europe - Euro Stoxx 50,4105.85986328125,94.78371746502056
2023-10-19,Europe - Euro Stoxx 50,4090.330078125,94.42521259209336
2023-10-20,Europe - Euro Stoxx 50,4024.679931640625,92.90967987955229
2023-10-23,Europe - Euro Stoxx 50,4041.75,93.30374216866085
2023-10-24,Europe - Euro Stoxx 50,4065.3701171875,93.84901224327112
2023-10-25,Europe - Euro Stoxx 50,4073.35009765625,94.03322998067873
2023-10-26,Europe - Euro Stoxx 50,4049.39990234375,93.48034005717366
2023-10-27,Europe - Euro Stoxx 50,4014.360107421875,92.67144688193191
2023-10-30,Europe - Euro Stoxx 50,4028.320068359375,92.99371238474556
2023-10-31,Europe - Euro Stoxx 50,4061.1201171875,93.75090105276779
2023-11-01,Europe - Euro Stoxx 50,4091.7099609375,94.45706716750266
2023-11-02,Europe - Euro Stoxx 50,4169.6201171875,96.25562203385265
2023-11-03,Europe - Euro Stoxx 50,4174.669921875,96.37219670437027
2023-11-06,Europe - Euro Stoxx 50,4158.64013671875,96.00214933844269
2023-11-07,Europe - Euro Stoxx 50,4153.3701171875,95.88049101133994
2023-11-08,Europe - Euro Stoxx 50,4178.490234375,96.46038856495139
2023-11-09,Europe - Euro Stoxx 50,4229.2001953125,97.63102730329378
2023-11-10,Europe - Euro Stoxx 50,4197.35986328125,96.8959936840921
2023-11-13,Europe - Euro Stoxx 50,4232.18994140625,97.70004555001388
2023-11-14,Europe - Euro Stoxx 50,4291.72021484375,99.07430107894129
2023-11-15,Europe - Euro Stoxx 50,4315.52978515625,99.62394467629
2023-11-16,Europe - Euro Stoxx 50,4302.4501953125,99.32200252785105
2023-11-17,Europe - Euro Stoxx 50,4340.77001953125,100.20661513349334
2023-11-20,Europe - Euro Stoxx 50,4342.41015625,100.24447766668504
2023-11-21,Europe - Euro Stoxx 50,4331.89990234375,100.00184860239459
2023-11-22,Europe - Euro Stoxx 50,4352.02001953125,100.46632122600212
2023-11-23,Europe - Euro Stoxx 50,4361.31982421875,100.68100708702308
2023-11-24,Europe - Euro Stoxx 50,4372.10009765625,100.92986954841237
2023-11-27,Europe - Euro Stoxx 50,4354.41015625,100.52149749869443
2023-11-28,Europe - Euro Stoxx 50,4348.02001953125,100.373981281999
2023-11-29,Europe - Euro Stoxx 50,4370.52978515625,100.89361890633302
2023-11-30,Europe - Euro Stoxx 50,4382.47021484375,101.16926355851226
2023-12-01,Europe - Euro Stoxx 50,4418.509765625,102.0012360837719
2023-12-04,Europe - Euro Stoxx 50,4414.9501953125,101.91906345293904
2023-12-05,Europe - Euro Stoxx 50,4452.77001953125,102.79213356558093
2023-12-06,Europe - Euro Stoxx 50,4483.259765625,103.49598892732253
2023-12-07,Europe - Euro Stoxx 50,4473.77001953125,103.27691827159735
2023-12-08,Europe - Euro Stoxx 50,4523.31005859375,104.42054937983333
2023-12-11,Europe - Euro Stoxx 50,4540.18994140625,104.81022123825474
2023-12-12,Europe - Euro Stoxx 50,4536.60986328125,104.72757518485743
2023-12-13,Europe - Euro Stoxx 50,4530.18994140625,104.57937137824693
2023-12-14,Europe - Euro Stoxx 50,4539.16015625,104.7864486623389
2023-12-15,Europe - Euro Stoxx 50,4549.43994140625,105.023757358762
2023-12-18,Europe - Euro Stoxx 50,4521.1298828125,104.37022005244394
2023-12-19,Europe - Euro Stoxx 50,4535.39990234375,104.69964325355375
2023-12-20,Europe - Euro Stoxx 50,4533.81982421875,104.66316717215798
2023-12-21,Europe - Euro Stoxx 50,4524.85986328125,104.45632659934823
2023-12-22,Europe - Euro Stoxx 50,4521.47021484375,104.37807661262097
2023-12-27,Europe - Euro Stoxx 50,4528.3798828125,104.53758620094962
2023-12-28,Europe - Euro Stoxx 50,4514.3798828125,104.21439639693868
2023-12-29,Europe - Euro Stoxx 50,4521.64990234375,104.382224696043
2024-01-03,Europe - Euro Stoxx 50,4448.1298828125,102.68501607438685
2024-01-04,Europe - Euro Stoxx 50,4474.009765625,103.2824528068153
2024-01-05,Europe - Euro Stoxx 50,4463.509765625,103.04006045380709
2024-01-08,Europe - Euro Stoxx 50,4485.47998046875,103.54724255590924
2024-01-09,Europe - Euro Stoxx 50,4467.169921875,103.12455510959902
2024-01-10,Europe - Euro Stoxx 50,4468.97998046875,103.16634028689633
2024-01-11,Europe - Euro Stoxx 50,4442.27978515625,102.54996665188911
2024-01-12,Europe - Euro Stoxx 50,4480.02001953125,103.42119943410222
2024-01-15,Europe - Euro Stoxx 50,4454.68017578125,102.83622949587148
2024-01-16,Europe - Euro Stoxx 50,4446.509765625,102.64761569179379
2024-01-17,Europe - Euro Stoxx 50,4403.080078125,101.64504196383794
2024-01-18,Europe - Euro Stoxx 50,4453.0498046875,102.79859240199617
2024-01-19,Europe - Euro Stoxx 50,4448.830078125,102.70118007337375
2024-01-22,Europe - Euro Stoxx 50,4480.31982421875,103.42812042111613
2024-01-23,Europe - Euro Stoxx 50,4465.91015625,103.09547343778162
2024-01-24,Europe - Euro Stoxx 50,4564.10986328125,105.36241229987893
2024-01-25,Europe - Euro Stoxx 50,4582.259765625,105.78140254139996
2024-01-26,Europe - Euro Stoxx 50,4635.47021484375,107.00976501671013
2024-01-29,Europe - Euro Stoxx 50,4639.35986328125,107.09955749643778
2024-01-30,Europe - Euro Stoxx 50,4662.7001953125,107.63836873463279
2024-01-31,Europe - Euro Stoxx 50,4648.39990234375,107.30824667164211
2024-02-01,Europe - Euro Stoxx 50,4638.60009765625,107.0820183176208
2024-02-02,Europe - Euro Stoxx 50,4654.5498046875,107.45021708115377
2024-02-05,Europe - Euro Stoxx 50,4655.27001953125,107.46684323073927
2024-02-06,Europe - Euro Stoxx 50,4690.8701171875,108.2886709867603
2024-02-07,Europe - Euro Stoxx 50,4678.85009765625,108.01118900415226
2024-02-08,Europe - Euro Stoxx 50,4710.77978515625,108.74828539309911
2024-02-09,Europe - Euro Stoxx 50,4715.8701171875,108.86579563677982
2024-02-12,Europe - Euro Stoxx 50,4746.35009765625,109.56942555920503
2024-02-13,Europe - Euro Stoxx 50,4689.27978515625,108.25195819408229
2024-02-14,Europe - Euro Stoxx 50,4709.22021484375,108.7122827342678
2024-02-15,Europe - Euro Stoxx 50,4743.169921875,109.49601124581486
2024-02-16,Europe - Euro Stoxx 50,4765.64990234375,110.0149612802338
2024-02-19,Europe - Euro Stoxx 50,4763.06982421875,109.95540021283725
2024-02-20,Europe - Euro Stoxx 50,4760.27978515625,109.8909922001378
2024-02-21,Europe - Euro Stoxx 50,4775.31005859375,110.23796585203043
2024-02-22,Europe - Euro Stoxx 50,4855.35986328125,112.0859144726067
2024-02-23,Europe - Euro Stoxx 50,4872.56982421875,112.48320617992289
2024-02-26,Europe - Euro Stoxx 50,4864.2900390625,112.29206745550138
2024-02-27,Europe - Euro Stoxx 50,4885.740234375,112.78724491400449
2024-02-28,Europe - Euro Stoxx 50,4883.77001953125,112.74176253191798
2024-02-29,Europe - Euro Stoxx 50,4877.77001953125,112.60325261591329
2024-03-01,Europe - Euro Stoxx 50,4894.85986328125,112.99777141963759
2024-03-04,Europe - Euro Stoxx 50,4912.919921875,113.41468761944762
2024-03-05,Europe - Euro Stoxx 50,4893.06982421875,112.95644839293892
2024-03-06,Europe - Euro Stoxx 50,4915.490234375,113.47402324752775
2024-03-07,Europe - Euro Stoxx 50,4974.22021484375,114.82980402447505
2024-03-08,Europe - Euro Stoxx 50,4961.10986328125,114.52715174218939
2024-03-11,Europe - Euro Stoxx 50,4930.419921875,113.8186748744613
2024-03-12,Europe - Euro Stoxx 50,4983.2001953125,115.03710674788343
2024-03-13,Europe - Euro Stoxx 50,5000.5498046875,115.43762223742435
2024-03-14,Europe - Euro Stoxx 50,4993.1201171875,115.26610800549666
2024-03-15,Europe - Euro Stoxx 50,4986.02001953125,115.10220235049795
2024-03-18,Europe - Euro Stoxx 50,4982.759765625,115.02693943471316
2024-03-19,Europe - Euro Stoxx 50,5007.919921875,115.6077612895219
2024-03-20,Europe - Euro Stoxx 50,5000.31005859375,115.43208770220639
2024-03-21,Europe - Euro Stoxx 50,5052.31005859375,116.63250697424705
2024-03-22,Europe - Euro Stoxx 50,5031.14990234375,116.14402506344143
2024-03-25,Europe - Euro Stoxx 50,5044.18994140625,116.4450541826489
2024-03-26,Europe - Euro Stoxx 50,5064.18017578125,116.90652846334812
2024-03-27,Europe - Euro Stoxx 50,5081.740234375,117.31190217015777
2024-03-28,Europe - Euro Stoxx 50,5083.419921875,117.35067773258095
2024-04-02,Europe - Euro Stoxx 50,5042.0,116.39449941594309
2024-04-03,Europe - Euro Stoxx 50,5069.25,117.02356528446441
2024-04-04,Europe - Euro Stoxx 50,5070.759765625,117.058418202782
2024-04-05,Europe - Euro Stoxx 50,5014.75,115.76543354742176
2024-04-08,Europe - Euro Stoxx 50,5046.0498046875,116.48798910045993
2024-04-09,Europe - Euro Stoxx 50,4990.89990234375,115.21485437690997
2024-04-10,Europe - Euro Stoxx 50,5000.830078125,115.44409234580542
2024-04-11,Europe - Euro Stoxx 50,4966.68017578125,114.6557423282719
2024-04-12,Europe - Euro Stoxx 50,4955.009765625,114.38633107319147
2024-04-15,Europe - Euro Stoxx 50,4984.47998046875,115.06665057029947
2024-04-16,Europe - Euro Stoxx 50,4916.990234375,113.50865072652891
2024-04-17,Europe - Euro Stoxx 50,4914.1298828125,113.4426195507513
2024-04-18,Europe - Euro Stoxx 50,4936.56982421875,113.96064528397294
2024-04-19,Europe - Euro Stoxx 50,4918.08984375,113.53403519355712
2024-04-22,Europe - Euro Stoxx 50,4936.85009765625,113.96711539235402
2024-04-23,Europe - Euro Stoxx 50,5008.169921875,115.6135325360221
2024-04-24,Europe - Euro Stoxx 50,4989.8798828125,115.19130724031052
2024-04-25,Europe - Euro Stoxx 50,4939.009765625,114.01697129717896
2024-04-26,Europe - Euro Stoxx 50,5006.85009765625,115.58306441240877
2024-04-29,Europe - Euro Stoxx 50,4981.08984375,114.9883893116064
2024-04-30,Europe - Euro Stoxx 50,4921.22021484375,113.6062997664336
2024-05-02,Europe - Euro Stoxx 50,4890.60986328125,112.89966022913427
2024-05-03,Europe - Euro Stoxx 50,4921.47998046875,113.61229645225022
2024-05-06,Europe - Euro Stoxx 50,4956.9599609375,114.43135130467932
2024-05-07,Europe - Euro Stoxx 50,5016.10009765625,115.796600532916
2024-05-08,Europe - Euro Stoxx 50,5038.169921875,116.30608211604556
2024-05-10,Europe - Euro Stoxx 50,5085.080078125,117.38900241637131
2024-05-13,Europe - Euro Stoxx 50,5078.9599609375,117.24771959677473
2024-05-14,Europe - Euro Stoxx 50,5080.2900390625,117.27842443167029
2024-05-15,Europe - Euro Stoxx 50,5100.89990234375,117.75420283699599
2024-05-16,Europe - Euro Stoxx 50,5072.4501953125,117.09744174845322
2024-05-17,Europe - Euro Stoxx 50,5064.14013671875,116.90560416215084
2024-05-21,Europe - Euro Stoxx 50,5046.990234375,116.50969890663059
2024-05-22,Europe - Euro Stoxx 50,5025.169921875,116.00597729803539
2024-05-23,Europe - Euro Stoxx 50,5037.60009765625,116.2929277319328
2024-05-24,Europe - Euro Stoxx 50,5035.41015625,116.24237296522699
2024-05-27,Europe - Euro Stoxx 50,5059.2001953125,116.79156568394286
2024-05-28,Europe - Euro Stoxx 50,5030.35009765625,116.12556158342716
2024-05-29,Europe - Euro Stoxx 50,4963.2001953125,114.5754070278678
2024-05-30,Europe - Euro Stoxx 50,4982.18017578125,115.01355961128401
2024-05-31,Europe - Euro Stoxx 50,4983.669921875,115.04795037900296
2024-06-03,Europe - Euro Stoxx 50,5003.5400390625,115.50665175611027
2024-06-04,Europe - Euro Stoxx 50,4953.3701171875,114.34847981196556
2024-06-05,Europe - Euro Stoxx 50,5035.66015625,116.2481442117272
2024-06-06,Europe - Euro Stoxx 50,5069.08984375,117.01986807967522
2024-06-07,Europe - Euro Stoxx 50,5051.31005859375,116.60942198824627
2024-06-10,Europe - Euro Stoxx 50,5016.47998046875,115.8053701223245
2024-06-11,Europe - Euro Stoxx 50,4965.08984375,114.61902953559388
2024-06-12,Europe - Euro Stoxx 50,5034.43017578125,116.21975012982486
2024-06-13,Europe - Euro Stoxx 50,4935.5,113.93594840685981
2024-06-14,Europe - Euro Stoxx 50,4839.14013671875,111.71148231197488
2024-06-17,Europe - Euro Stoxx 50,4880.419921875,112.6644255744222
2024-06-18,Europe - Euro Stoxx 50,4915.47021484375,113.4735610969291
2024-06-19,Europe - Euro Stoxx 50,4885.4501953125,112.78054936630699
2024-06-20,Europe - Euro Stoxx 50,4947.72998046875,114.21827733477072
2024-06-21,Europe - Euro Stoxx 50,4907.2998046875,113.28494729285141
2024-06-24,Europe - Euro Stoxx 50,4950.97998046875,114.29330353927327
2024-06-25,Europe - Euro Stoxx 50,4935.97021484375,113.94680330994514
2024-06-26,Europe - Euro Stoxx 50,4915.93994140625,113.48440472804862
2024-06-27,Europe - Euro Stoxx 50,4902.60009765625,113.17645462182723
2024-06-28,Europe - Euro Stoxx 50,4894.02001953125,112.97838363842601
2024-07-01,Europe - Euro Stoxx 50,4929.990234375,113.80875554453908
2024-07-02,Europe - Euro Stoxx 50,4906.330078125,113.26256116873152
2024-07-03,Europe - Euro Stoxx 50,4965.7998046875,114.63541897389717
2024-07-04,Europe - Euro Stoxx 50,4987.47998046875,115.13590552830182
2024-07-05,Europe - Euro Stoxx 50,4979.39013671875,114.94915159858456
2024-07-08,Europe - Euro Stoxx 50,4969.830078125,114.72845777978118
2024-07-09,Europe - Euro Stoxx 50,4903.6201171875,113.20000175842667
2024-07-10,Europe - Euro Stoxx 50,4958.85986328125,114.47521052368764
2024-07-11,Europe - Euro Stoxx 50,4976.1298828125,114.87388868279977
2024-07-12,Europe - Euro Stoxx 50,5043.02001953125,116.41804655254253
2024-07-15,Europe - Euro Stoxx 50,4983.10986328125,115.03502143420661
2024-07-16,Europe - Euro Stoxx 50,4947.830078125,114.22058808776399
2024-07-17,Europe - Euro Stoxx 50,4891.4599609375,112.91928472162809
2024-07-18,Europe - Euro Stoxx 50,4870.1201171875,112.42665472740048
2024-07-19,Europe - Euro Stoxx 50,4827.240234375,111.43677323295873
2024-07-22,Europe - Euro Stoxx 50,4897.43994140625,113.05733248703413
2024-07-23,Europe - Euro Stoxx 50,4916.7998046875,113.50425465985884
2024-07-24,Europe - Euro Stoxx 50,4861.8701171875,112.23620359289401
2024-07-25,Europe - Euro Stoxx 50,4811.27978515625,111.06832648617771
2024-07-26,Europe - Euro Stoxx 50,4862.5,112.25074442880272
2024-07-29,Europe - Euro Stoxx 50,4815.39013671875,111.16321389445629
2024-07-30,Europe - Euro Stoxx 50,4841.0,111.7544172297859
2024-07-31,Europe - Euro Stoxx 50,4872.93994140625,112.49175033001497
2024-08-02,Europe - Euro Stoxx 50,4638.7001953125,107.08432907061403
2024-08-05,Europe - Euro Stoxx 50,4571.60009765625,105.53532425556837
2024-08-06,Europe - Euro Stoxx 50,4575.22021484375,105.61889461016301
2024-08-07,Europe - Euro Stoxx 50,4668.06005859375,107.76210110344655
2024-08-08,Europe - Euro Stoxx 50,4668.740234375,107.77780295183477
2024-08-09,Europe - Euro Stoxx 50,4675.27978515625,107.92876839007133
2024-08-12,Europe - Euro Stoxx 50,4671.8798828125,107.85028169206183
2024-08-13,Europe - Euro Stoxx 50,4694.919921875,108.38216067127713
2024-08-14,Europe - Euro Stoxx 50,4727.60009765625,109.13658207169037
2024-08-15,Europe - Euro Stoxx 50,4807.77001953125,110.98730359585855
2024-08-16,Europe - Euro Stoxx 50,4840.52001953125,111.74333688738416
2024-08-19,Europe - Euro Stoxx 50,4871.41015625,112.45643526109875
2024-08-20,Europe - Euro Stoxx 50,4857.580078125,112.13716810119341
2024-08-21,Europe - Euro Stoxx 50,4885.27978515625,112.77661545023557
2024-08-22,Europe - Euro Stoxx 50,4885.0,112.7701566138203
2024-08-23,Europe - Euro Stoxx 50,4909.2001953125,113.32881778382556
2024-08-26,Europe - Euro Stoxx 50,4896.68994140625,113.04001874753355
2024-08-27,Europe - Euro Stoxx 50,4898.77978515625,113.08826276124613
2024-08-28,Europe - Euro Stoxx 50,4913.02978515625,113.41722381175727
2024-08-29,Europe - Euro Stoxx 50,4966.27001953125,114.64627387698249
2024-08-30,Europe - Euro Stoxx 50,4957.97998046875,114.45489844127874
2024-09-02,Europe - Euro Stoxx 50,4973.06982421875,114.80324727300149
2024-09-03,Europe - Euro Stoxx 50,4912.52001953125,113.40545587944047
2024-09-04,Europe - Euro Stoxx 50,4848.18017578125,111.9201714871792
2024-09-05,Europe - Euro Stoxx 50,4815.14990234375,111.15766808727253
2024-09-06,Europe - Euro Stoxx 50,4738.06005859375,109.3780501235013
2024-09-09,Europe - Euro Stoxx 50,4778.66015625,110.31530280952622
2024-09-10,Europe - Euro Stoxx 50,4747.2001953125,109.58905005169888
2024-09-11,Europe - Euro Stoxx 50,4763.580078125,109.9671794171199
2024-09-12,Europe - Euro Stoxx 50,4814.080078125,111.13297121015937
2024-09-13,Europe - Euro Stoxx 50,4843.990234375,111.82344674847182
2024-09-16,Europe - Euro Stoxx 50,4827.6298828125,111.44576826168364
2024-09-17,Europe - Euro Stoxx 50,4860.77978515625,112.2110332932164
2024-09-18,Europe - Euro Stoxx 50,4835.2998046875,111.6228283007951
2024-09-19,Europe - Euro Stoxx 50,4943.3798828125,114.11785539127418
2024-09-20,Europe - Euro Stoxx 50,4871.5400390625,112.45943360400705
2024-09-23,Europe - Euro Stoxx 50,4885.56982421875,112.78331099793306
2024-09-24,Europe - Euro Stoxx 50,4940.72021484375,114.05645699344885
2024-09-25,Europe - Euro Stoxx 50,4916.89013671875,113.50633997353567
2024-09-26,Europe - Euro Stoxx 50,5032.58984375,116.17726609064667
2024-09-27,Europe - Euro Stoxx 50,5067.4501953125,116.98201681844932
2024-09-30,Europe - Euro Stoxx 50,5000.4501953125,115.43532275639691
2024-10-01,Europe - Euro Stoxx 50,4954.14990234375,114.36648114138121
2024-10-02,Europe - Euro Stoxx 50,4963.2900390625,114.57748106957881
2024-10-03,Europe - Euro Stoxx 50,4921.330078125,113.60883595874324
2024-10-04,Europe - Euro Stoxx 50,4954.93994140625,114.38471918207911
2024-10-07,Europe - Euro Stoxx 50,4969.7099609375,114.72568487618928
2024-10-08,Europe - Euro Stoxx 50,4949.0,114.24759571787035
2024-10-09,Europe - Euro Stoxx 50,4982.56982421875,115.02255464000892
2024-10-10,Europe - Euro Stoxx 50,4970.33984375,114.74022571209798
2024-10-11,Europe - Euro Stoxx 50,5003.919921875,115.51542134551877
2024-10-14,Europe - Euro Stoxx 50,5041.009765625,116.37163986925871
2024-10-15,Europe - Euro Stoxx 50,4946.72998046875,114.19519234876996
2024-10-16,Europe - Euro Stoxx 50,4908.7099609375,113.3175007301416
2024-10-17,Europe - Euro Stoxx 50,4947.2998046875,114.20834673288269
2024-10-18,Europe - Euro Stoxx 50,4986.27001953125,115.10797359699814
2024-10-21,Europe - Euro Stoxx 50,4941.22021484375,114.06799948644924
2024-10-22,Europe - Euro Stoxx 50,4939.31005859375,114.02390355615867
2024-10-23,Europe - Euro Stoxx 50,4922.5498046875,113.63699332936335
2024-10-24,Europe - Euro Stoxx 50,4935.4501953125,113.93479866634608
2024-10-25,Europe - Euro Stoxx 50,4943.08984375,114.11115984357667
2024-10-28,Europe - Euro Stoxx 50,4969.830078125,114.72845777978118
2024-10-29,Europe - Euro Stoxx 50,4950.02001953125,114.2711428544698
2024-10-30,Europe - Euro Stoxx 50,4885.75,112.78747035332091
2024-10-31,Europe - Euro Stoxx 50,4827.6298828125,111.44576826168364
2024-11-01,Europe - Euro Stoxx 50,4877.75,112.60279046531465
2024-11-04,Europe - Euro Stoxx 50,4852.10009765625,112.01066282878776
2024-11-05,Europe - Euro Stoxx 50,4870.330078125,112.43150167270338
2024-11-06,Europe - Euro Stoxx 50,4800.6298828125,110.82247363966253
2024-11-07,Europe - Euro Stoxx 50,4851.9599609375,112.0074277745972
2024-11-08,Europe - Euro Stoxx 50,4802.759765625,110.8716419545724
2024-11-11,Europe - Euro Stoxx 50,4854.02978515625,112.05520963771112
2024-11-12,Europe - Euro Stoxx 50,4744.68994140625,109.5311008754147
2024-11-13,Europe - Euro Stoxx 50,4740.33984375,109.43067893191811
2024-11-14,Europe - Euro Stoxx 50,4833.52978515625,111.58196742469511
2024-11-15,Europe - Euro Stoxx 50,4794.85009765625,110.68904738024297
2024-11-18,Europe - Euro Stoxx 50,4790.330078125,110.58470279264081
2024-11-19,Europe - Euro Stoxx 50,4751.22998046875,109.68207758561705
2024-11-20,Europe - Euro Stoxx 50,4729.7099609375,109.1852882360016
2024-11-21,Europe - Euro Stoxx 50,4755.830078125,109.78827077561381
2024-11-22,Europe - Euro Stoxx 50,4789.080078125,110.55584656013984
2024-11-25,Europe - Euro Stoxx 50,4799.8701171875,110.80493446084554
2024-11-26,Europe - Euro Stoxx 50,4761.990234375,109.93047789640771
2024-11-27,Europe - Euro Stoxx 50,4733.14990234375,109.26469923520838
2024-11-28,Europe - Euro Stoxx 50,4758.64990234375,109.85336637822833
2024-11-29,Europe - Euro Stoxx 50,4804.39990234375,110.90950448776411
2024-12-02,Europe - Euro Stoxx 50,4846.72998046875,111.88669374869175
2024-12-03,Europe - Euro Stoxx 50,4878.509765625,112.62032964413164
2024-12-04,Europe - Euro Stoxx 50,4919.02001953125,113.55550828844554
2024-12-05,Europe - Euro Stoxx 50,4951.580078125,114.30715678526691
2024-12-06,Europe - Euro Stoxx 50,4977.77978515625,114.9119766553079
2024-12-09,Europe - Euro Stoxx 50,4985.4599609375,115.0892734057016
2024-12-10,Europe - Euro Stoxx 50,4951.740234375,114.31085399005609
2024-12-11,Europe - Euro Stoxx 50,4959.35009765625,114.48652757737162
2024-12-12,Europe - Euro Stoxx 50,4965.52978515625,114.62918557679833
2024-12-13,Europe - Euro Stoxx 50,4967.9501953125,114.6850607113715
2024-12-16,Europe - Euro Stoxx 50,4947.02978515625,114.20211333578385
2024-12-17,Europe - Euro Stoxx 50,4942.580078125,114.09939191125986
2024-12-18,Europe - Euro Stoxx 50,4957.27978515625,114.43873444229186
2024-12-19,Europe - Euro Stoxx 50,4879.0,112.63164669781563
2024-12-20,Europe - Euro Stoxx 50,4862.27978515625,112.24566077221758
2024-12-23,Europe - Euro Stoxx 50,4852.93017578125,112.02982517068291
2024-12-27,Europe - Euro Stoxx 50,4898.8798828125,113.09057351423937
2024-12-30,Europe - Euro Stoxx 50,4869.27978515625,112.40725567422305
2025-01-03,Europe - Euro Stoxx 50,4871.4501953125,112.45735956229603
2025-01-06,Europe - Euro Stoxx 50,4986.64013671875,115.11651774709021
2025-01-07,Europe - Euro Stoxx 50,5011.81982421875,115.6977904805318
2025-01-08,Europe - Euro Stoxx 50,4996.39013671875,115.34159636059785
2025-01-09,Europe - Euro Stoxx 50,5017.91015625,115.83838571021332
2025-01-10,Europe - Euro Stoxx 50,4977.259765625,114.89997201170887
2025-01-13,Europe - Euro Stoxx 50,4954.2099609375,114.36786759317717
2025-01-14,Europe - Euro Stoxx 50,4980.47021484375,114.97408518697993
2025-01-15,Europe - Euro Stoxx 50,5032.31005859375,116.1708072542314
2025-01-16,Europe - Euro Stoxx 50,5106.93017578125,117.89341161488156
2025-01-17,Europe - Euro Stoxx 50,5148.2998046875,118.84842891903989
2025-01-20,Europe - Euro Stoxx 50,5164.43994140625,119.22102374924295
2025-01-21,Europe - Euro Stoxx 50,5165.9599609375,119.25611337884277
2025-01-22,Europe - Euro Stoxx 50,5205.830078125,120.17651447596573
2025-01-23,Europe - Euro Stoxx 50,5217.5,120.44591445908036
2025-01-24,Europe - Euro Stoxx 50,5219.3701171875,120.4890860881736
2025-01-27,Europe - Euro Stoxx 50,5188.4501953125,119.77530012454396
2025-01-28,Europe - Euro Stoxx 50,5195.7099609375,119.94289171236603
2025-01-29,Europe - Euro Stoxx 50,5230.66015625,120.74971648187969
2025-01-30,Europe - Euro Stoxx 50,5282.2099609375,121.93974300143368
2025-01-31,Europe - Euro Stoxx 50,5286.8701171875,122.0473226432264
2025-02-03,Europe - Euro Stoxx 50,5217.91015625,120.45538291036972
2025-02-04,Europe - Euro Stoxx 50,5264.58984375,121.53298284282809
2025-02-05,Europe - Euro Stoxx 50,5271.1201171875,121.68373411371407
2025-02-06,Europe - Euro Stoxx 50,5356.6298828125,123.65772585609736
2025-02-07,Europe - Euro Stoxx 50,5325.39990234375,122.93678219417157
2025-02-10,Europe - Euro Stoxx 50,5358.2998046875,123.69627597920412
2025-02-11,Europe - Euro Stoxx 50,5390.91015625,124.44908548850502
2025-02-12,Europe - Euro Stoxx 50,5405.64990234375,124.78935232073431
2025-02-13,Europe - Euro Stoxx 50,5500.5,126.97896549730166
2025-02-14,Europe - Euro Stoxx 50,5493.39990234375,126.81505984230294
2025-02-17,Europe - Euro Stoxx 50,5519.830078125,127.4252000802113
2025-02-18,Europe - Euro Stoxx 50,5533.83984375,127.74861532353867
2025-02-19,Europe - Euro Stoxx 50,5461.169921875,126.07103119437637
2025-02-20,Europe - Euro Stoxx 50,5461.02978515625,126.06779614018583
2025-02-21,Europe - Euro Stoxx 50,5474.85009765625,126.38683786077476
2025-02-24,Europe - Euro Stoxx 50,5453.759765625,125.8999678410815
2025-02-25,Europe - Euro Stoxx 50,5447.89990234375,125.76469297926735
2025-02-26,Europe - Euro Stoxx 50,5527.990234375,127.61357717300675
2025-02-27,Europe - Euro Stoxx 50,5472.56005859375,126.33397234107571
2025-02-28,Europe - Euro Stoxx 50,5463.5400390625,126.12574531647003
2025-03-03,Europe - Euro Stoxx 50,5540.68994140625,127.9067497320372
2025-03-04,Europe - Euro Stoxx 50,5387.31005859375,124.36597728450904
2025-03-05,Europe - Euro Stoxx 50,5489.1201171875,126.71626106188457
2025-03-06,Europe - Euro Stoxx 50,5520.47021484375,127.43997762740224
2025-03-07,Europe - Euro Stoxx 50,5468.41015625,126.23817190356563
2025-03-10,Europe - Euro Stoxx 50,5386.97998046875,124.35835743561425
2025-03-11,Europe - Euro Stoxx 50,5309.89990234375,122.57896491115943
2025-03-12,Europe - Euro Stoxx 50,5359.419921875,123.7221338687968
2025-03-13,Europe - Euro Stoxx 50,5328.39013671875,123.0058117128575
2025-03-14,Europe - Euro Stoxx 50,5404.18017578125,124.75542370361403
2025-03-17,Europe - Euro Stoxx 50,5445.5498046875,125.71044100777236
2025-03-18,Europe - Euro Stoxx 50,5485.009765625,126.62137365360596
2025-03-19,Europe - Euro Stoxx 50,5507.35986328125,127.1373253451166
2025-03-20,Europe - Euro Stoxx 50,5450.93017578125,125.83464679915059
2025-03-21,Europe - Euro Stoxx 50,5423.830078125,125.20904142413623
2025-03-24,Europe - Euro Stoxx 50,5415.7900390625,125.02343723493267
2025-03-25,Europe - Euro Stoxx 50,5475.080078125,126.39214695667631
2025-03-26,Europe - Euro Stoxx 50,5411.68994140625,124.9287865379363
2025-03-27,Europe - Euro Stoxx 50,5381.080078125,124.22215827260278
2025-03-28,Europe - Euro Stoxx 50,5331.39990234375,123.07529211017625
2025-03-31,Europe - Euro Stoxx 50,5248.39013671875,121.15901283279493
2025-04-01,Europe - Euro Stoxx 50,5320.2998046875,122.8190465111744
2025-04-02,Europe - Euro Stoxx 50,5303.9501953125,122.44161600763428
2025-04-03,Europe - Euro Stoxx 50,5113.27978515625,118.03999225841389
2025-04-04,Europe - Euro Stoxx 50,4878.31005859375,112.61571941011097
2025-04-07,Europe - Euro Stoxx 50,4656.41015625,107.49316327093061
2025-04-08,Europe - Euro Stoxx 50,4773.64990234375,110.19964116824006
2025-04-09,Europe - Euro Stoxx 50,4622.14013671875,106.70204034980517
2025-04-10,Europe - Euro Stoxx 50,4818.919921875,111.2446989353741
2025-04-11,Europe - Euro Stoxx 50,4787.22998046875,110.51313708164521
2025-04-14,Europe - Euro Stoxx 50,4911.39013671875,113.37937255053139
2025-04-15,Europe - Euro Stoxx 50,4970.43017578125,114.74231102577481
2025-04-16,Europe - Euro Stoxx 50,4966.5,114.65158297288404
2025-04-17,Europe - Euro Stoxx 50,4935.33984375,113.93225120207062
2025-04-22,Europe - Euro Stoxx 50,4961.4501953125,114.53500830236642
2025-04-23,Europe - Euro Stoxx 50,5098.740234375,117.70434693217106
2025-04-24,Europe - Euro Stoxx 50,5114.97998046875,118.07924124340153
2025-04-25,Europe - Euro Stoxx 50,5154.1201171875,118.98279075162257
2025-04-28,Europe - Euro Stoxx 50,5170.490234375,119.36069467772717
2025-04-29,Europe - Euro Stoxx 50,5161.89990234375,119.16238698304369
2025-04-30,Europe - Euro Stoxx 50,5160.22021484375,119.1236114206205
2025-05-02,Europe - Euro Stoxx 50,5285.18994140625,122.00853580883737
2025-05-05,Europe - Euro Stoxx 50,5283.0498046875,121.95913078264529
2025-05-06,Europe - Euro Stoxx 50,5263.3798828125,121.50505091152442
2025-05-07,Europe - Euro Stoxx 50,5230.18994140625,120.73886157879437
2025-05-08,Europe - Euro Stoxx 50,5288.93994140625,122.0951045063403
2025-05-09,Europe - Euro Stoxx 50,5309.740234375,122.57527897833607
2025-05-12,Europe - Euro Stoxx 50,5392.35986328125,124.48255195502666
2025-05-13,Europe - Euro Stoxx 50,5416.2099609375,125.03313112553846
2025-05-14,Europe - Euro Stoxx 50,5403.43994140625,124.73833540342984
2025-05-15,Europe - Euro Stoxx 50,5412.080078125,124.93779283862705
2025-05-16,Europe - Euro Stoxx 50,5427.52978515625,125.29444910915963
2025-05-19,Europe - Euro Stoxx 50,5427.22998046875,125.28752812214572
2025-05-20,Europe - Euro Stoxx 50,5454.64990234375,125.92051663477264
2025-05-21,Europe - Euro Stoxx 50,5454.4599609375,125.91613184006837
2025-05-22,Europe - Euro Stoxx 50,5424.47998046875,125.22404441064359
2025-05-23,Europe - Euro Stoxx 50,5326.31005859375,122.95779313846134
2025-05-26,Europe - Euro Stoxx 50,5395.330078125,124.55111932311394
2025-05-27,Europe - Euro Stoxx 50,5415.4501953125,125.01559194672147
2025-05-28,Europe - Euro Stoxx 50,5378.39013671875,124.1600610128966
2025-05-30,Europe - Euro Stoxx 50,5366.58984375,123.88765141490788
2025-06-02,Europe - Euro Stoxx 50,5355.56005859375,123.6330289789842
2025-06-03,Europe - Euro Stoxx 50,5375.7001953125,124.0979637531904
2025-06-04,Europe - Euro Stoxx 50,5405.14990234375,124.77780982773392
2025-06-05,Europe - Euro Stoxx 50,5410.5498046875,124.902466497745
2025-06-06,Europe - Euro Stoxx 50,5430.169921875,125.35539662835214
2025-06-10,Europe - Euro Stoxx 50,5415.3798828125,125.0139687836433
2025-06-11,Europe - Euro Stoxx 50,5393.14990234375,124.50078999572453
2025-06-12,Europe - Euro Stoxx 50,5360.81982421875,123.75445059480472
2025-06-13,Europe - Euro Stoxx 50,5290.47021484375,122.13043084722237
2025-06-16,Europe - Euro Stoxx 50,5339.56982421875,123.26389464228811
2025-06-17,Europe - Euro Stoxx 50,5288.68017578125,122.08910782052371
2025-06-18,Europe - Euro Stoxx 50,5266.91015625,121.58654722440805
2025-06-19,Europe - Euro Stoxx 50,5197.02978515625,119.97335983597937
2025-06-20,Europe - Euro Stoxx 50,5233.580078125,120.81712283748745
2025-06-23,Europe - Euro Stoxx 50,5221.89990234375,120.54748614309061
2025-06-24,Europe - Euro Stoxx 50,5297.06982421875,122.28278273725488
2025-06-25,Europe - Euro Stoxx 50,5252.009765625,121.24257191542374
2025-06-26,Europe - Euro Stoxx 50,5244.02978515625,121.05835417801613
2025-06-27,Europe - Euro Stoxx 50,5325.64013671875,122.94232800135534
2025-06-30,Europe - Euro Stoxx 50,5303.240234375,122.42522656933099
2025-07-01,Europe - Euro Stoxx 50,5282.43017578125,121.94482665801883
2025-07-02,Europe - Euro Stoxx 50,5318.72021484375,122.78258170174445
2025-07-03,Europe - Euro Stoxx 50,5343.14990234375,123.34654069568545
2025-07-04,Europe - Euro Stoxx 50,5288.81005859375,122.092106163432
2025-07-07,Europe - Euro Stoxx 50,5341.5400390625,123.30937702437461
2025-07-08,Europe - Euro Stoxx 50,5371.9501953125,124.01139505568746
2025-07-09,Europe - Euro Stoxx 50,5445.64990234375,125.7127517607656
2025-07-10,Europe - Euro Stoxx 50,5438.27001953125,125.54238726935164
2025-07-11,Europe - Euro Stoxx 50,5383.47998046875,124.27755998461151
2025-07-14,Europe - Euro Stoxx 50,5370.85009765625,123.98599931669342
2025-07-15,Europe - Euro Stoxx 50,5354.169921875,123.6009376922927
2025-07-16,Europe - Euro Stoxx 50,5298.06982421875,122.30586772325564
2025-07-17,Europe - Euro Stoxx 50,5377.14990234375,124.13143021971203
2025-07-18,Europe - Euro Stoxx 50,5359.22998046875,123.71774907409254
2025-07-21,Europe - Euro Stoxx 50,5342.97998046875,123.34261805157985
2025-07-22,Europe - Euro Stoxx 50,5290.47998046875,122.13065628653878
2025-07-23,Europe - Euro Stoxx 50,5344.25,123.37193643467947
2025-07-24,Europe - Euro Stoxx 50,5355.2001953125,123.62472154017436
2025-07-25,Europe - Euro Stoxx 50,5352.16015625,123.55454228097472
2025-07-28,Europe - Euro Stoxx 50,5337.580078125,123.21796138156877
2025-07-29,Europe - Euro Stoxx 50,5379.2001953125,124.17876120419314
2025-07-30,Europe - Euro Stoxx 50,5393.18017578125,124.50148885760544
2025-07-31,Europe - Euro Stoxx 50,5319.919921875,122.81027692176592
2025-08-04,Europe - Euro Stoxx 50,5242.31982421875,121.01887975371206
2025-08-05,Europe - Euro Stoxx 50,5249.58984375,121.18670805281637
2025-08-06,Europe - Euro Stoxx 50,5263.2900390625,121.50297686981342
2025-08-07,Europe - Euro Stoxx 50,5332.06982421875,123.09075724728224
2025-08-08,Europe - Euro Stoxx 50,5347.740234375,123.4525084463658
2025-08-11,Europe - Euro Stoxx 50,5331.85009765625,123.08568486266293
2025-08-12,Europe - Euro Stoxx 50,5335.97021484375,123.18079771025796
2025-08-13,Europe - Euro Stoxx 50,5388.25,124.38767581871389
2025-08-14,Europe - Euro Stoxx 50,5434.7001953125,125.45997792723654
2025-08-15,Europe - Euro Stoxx 50,5448.60986328125,125.78108241757064
2025-08-18,Europe - Euro Stoxx 50,5434.64013671875,125.45859147544058
2025-08-19,Europe - Euro Stoxx 50,5483.27978515625,126.58143707870325
2025-08-20,Europe - Euro Stoxx 50,5472.31982421875,126.32842653389193
2025-08-21,Europe - Euro Stoxx 50,5462.16015625,126.09389074106075
2025-08-22,Europe - Euro Stoxx 50,5488.22998046875,126.69571226819343
2025-08-25,Europe - Euro Stoxx 50,5443.9599609375,125.67373948706017
2025-08-26,Europe - Euro Stoxx 50,5383.68017578125,124.28218149059799
2025-08-27,Europe - Euro Stoxx 50,5393.06982421875,124.49894139332996
2025-08-28,Europe - Euro Stoxx 50,5396.72998046875,124.58343604912187
2025-08-29,Europe - Euro Stoxx 50,5351.72998046875,123.54461167908669
2025-09-01,Europe - Euro Stoxx 50,5367.080078125,123.89896846859185
2025-09-02,Europe - Euro Stoxx 50,5291.0400390625,122.14358523133512
2025-09-03,Europe - Euro Stoxx 50,5325.009765625,122.92777589348083
2025-09-04,Europe - Euro Stoxx 50,5346.7099609375,123.42872459848412
2025-09-05,Europe - Euro Stoxx 50,5318.14990234375,122.76941604566589
2025-09-08,Europe - Euro Stoxx 50,5362.81005859375,123.80039512748988
2025-09-09,Europe - Euro Stoxx 50,5368.81982421875,123.93913048281098
2025-09-10,Europe - Euro Stoxx 50,5361.47021484375,123.7694648532779
2025-09-11,Europe - Euro Stoxx 50,5386.77001953125,124.35351049031136
2025-09-12,Europe - Euro Stoxx 50,5390.7099609375,124.44446398251854
2025-09-15,Europe - Euro Stoxx 50,5440.39990234375,125.5915555842615
2025-09-16,Europe - Euro Stoxx 50,5372.31005859375,124.0197024944973
2025-09-17,Europe - Euro Stoxx 50,5369.7001953125,123.95945383718569
2025-09-18,Europe - Euro Stoxx 50,5456.669921875,125.96714875737285
2025-09-19,Europe - Euro Stoxx 50,5458.419921875,126.00754748287422
2025-09-22,Europe - Euro Stoxx 50,5442.0498046875,125.62964355676962
2025-09-23,Europe - Euro Stoxx 50,5472.39013671875,126.33004969697011
2025-09-24,Europe - Euro Stoxx 50,5464.56005859375,126.14929245306945
2025-09-25,Europe - Euro Stoxx 50,5444.89013671875,125.6952125819486
2025-09-26,Europe - Euro Stoxx 50,5499.7001953125,126.96050201728737
2025-09-29,Europe - Euro Stoxx 50,5506.85009765625,127.12555741279978
2025-09-30,Europe - Euro Stoxx 50,5529.9599609375,127.65904828312745
2025-10-01,Europe - Euro Stoxx 50,5581.2099609375,128.8421538156675
2025-10-02,Europe - Euro Stoxx 50,5645.81005859375,130.33344616571122
2025-10-03,Europe - Euro Stoxx 50,5651.7099609375,130.46964532872266
2025-10-06,Europe - Euro Stoxx 50,5628.72021484375,129.93892736198688
2025-10-07,Europe - Euro Stoxx 50,5613.6201171875,129.59034181898193
2025-10-08,Europe - Euro Stoxx 50,5649.72998046875,130.42393750731972
2025-10-09,Europe - Euro Stoxx 50,5625.56005859375,129.86597519919536
2025-10-10,Europe - Euro Stoxx 50,5531.31982421875,127.69044070793807
2025-10-13,Europe - Euro Stoxx 50,5568.18994140625,128.5415868470587
2025-10-14,Europe - Euro Stoxx 50,5552.0498046875,128.16899201685567
2025-10-15,Europe - Euro Stoxx 50,5605.02978515625,129.39203412429845
2025-10-16,Europe - Euro Stoxx 50,5652.009765625,130.47656631573656
2025-10-17,Europe - Euro Stoxx 50,5607.39013671875,129.4465228070757
2025-10-20,Europe - Euro Stoxx 50,5680.93017578125,131.14419357933048
2025-10-21,Europe - Euro Stoxx 50,5686.830078125,131.28039274234192
2025-10-22,Europe - Euro Stoxx 50,5639.2099609375,130.18108300371287
2025-10-23,Europe - Euro Stoxx 50,5668.330078125,130.85332050132746
2025-10-24,Europe - Euro Stoxx 50,5674.5,130.99575306143774
2025-10-27,Europe - Euro Stoxx 50,5711.06005859375,131.83974150226223
2025-10-28,Europe - Euro Stoxx 50,5704.35009765625,131.68484214795424
2025-10-29,Europe - Euro Stoxx 50,5705.81005859375,131.71854532575813
2025-10-30,Europe - Euro Stoxx 50,5699.18017578125,131.56549457384475
2025-10-31,Europe - Euro Stoxx 50,5662.0400390625,130.70811503762525
2025-11-03,Europe - Euro Stoxx 50,5679.25,131.10540674494143
2025-11-04,Europe - Euro Stoxx 50,5660.2001953125,130.6656422704129
2025-11-05,Europe - Euro Stoxx 50,5669.1298828125,130.87178398134174
2025-11-06,Europe - Euro Stoxx 50,5611.18017578125,129.5340158057759
2025-11-07,Europe - Euro Stoxx 50,5566.52978515625,128.50326216326832
2025-11-10,Europe - Euro Stoxx 50,5664.4599609375,130.76397890023262
2025-11-11,Europe - Euro Stoxx 50,5725.7001953125,132.1777088534641
2025-11-12,Europe - Euro Stoxx 50,5787.31005859375,133.59997168482184
2025-11-13,Europe - Euro Stoxx 50,5742.7900390625,132.57222765718842
2025-11-14,Europe - Euro Stoxx 50,5693.77001953125,131.44060119255144
2025-11-17,Europe - Euro Stoxx 50,5640.93994140625,130.2210195786156
2025-11-18,Europe - Euro Stoxx 50,5534.7099609375,127.76870196663114
2025-11-19,Europe - Euro Stoxx 50,5542.0498046875,127.93814215684782
2025-11-20,Europe - Euro Stoxx 50,5569.919921875,128.58152342196144
2025-11-21,Europe - Euro Stoxx 50,5515.08984375,127.315771836024
2025-11-24,Europe - Euro Stoxx 50,5528.669921875,127.62926774942915
2025-11-25,Europe - Euro Stoxx 50,5573.91015625,128.67363792664815
2025-11-26,Europe - Euro Stoxx 50,5655.580078125,130.55898692981748
2025-11-27,Europe - Euro Stoxx 50,5653.169921875,130.50334850652652
2025-11-28,Europe - Euro Stoxx 50,5668.169921875,130.84962329653825
2025-12-01,Europe - Euro Stoxx 50,5667.47998046875,130.8336960088336
2025-12-02,Europe - Euro Stoxx 50,5686.169921875,131.26515304455233
2025-12-03,Europe - Euro Stoxx 50,5694.56005859375,131.45883923324934
2025-12-04,Europe - Euro Stoxx 50,5718.080078125,132.00179855486635
2025-12-05,Europe - Euro Stoxx 50,5723.93017578125,132.13684797736408
2025-12-08,Europe - Euro Stoxx 50,5725.58984375,132.17516138918864
2025-12-09,Europe - Euro Stoxx 50,5718.31982421875,132.0073330900843
2025-12-10,Europe - Euro Stoxx 50,5708.1201171875,131.7718729960558
2025-12-11,Europe - Euro Stoxx 50,5753.9599609375,132.8300851473026
2025-12-12,Europe - Euro Stoxx 50,5720.7099609375,132.0625093627766
2025-12-15,Europe - Euro Stoxx 50,5752.52001953125,132.79684412009738
2025-12-16,Europe - Euro Stoxx 50,5717.830078125,131.99602730836614
2025-12-17,Europe - Euro Stoxx 50,5681.669921875,131.1612706075488
2025-12-18,Europe - Euro Stoxx 50,5741.7099609375,132.54729406879304
2025-12-19,Europe - Euro Stoxx 50,5760.35009765625,132.97760136399802
2025-12-22,Europe - Euro Stoxx 50,5743.68994140625,132.59300189019595
2025-12-23,Europe - Euro Stoxx 50,5749.27978515625,132.72204335491128
2025-12-29,Europe - Euro Stoxx 50,5751.7099609375,132.77814392880086
2025-12-30,Europe - Euro Stoxx 50,5796.22021484375,133.8056625171179
2026-01-05,Europe - Euro Stoxx 50,5923.68994140625,136.74829937033672
2026-01-06,Europe - Euro Stoxx 50,5931.7900390625,136.9352900113362
2026-01-07,Europe - Euro Stoxx 50,5923.56982421875,136.74552646674482
2026-01-08,Europe - Euro Stoxx 50,5904.31982421875,136.30114048622977
2026-01-09,Europe - Euro Stoxx 50,5997.47021484375,138.45151594977528
2026-01-12,Europe - Euro Stoxx 50,6016.2998046875,138.88619676771873
2026-01-13,Europe - Euro Stoxx 50,6029.830078125,139.19854294061017
2026-01-14,Europe - Euro Stoxx 50,6005.0498046875,138.6264906752099
2026-01-15,Europe - Euro Stoxx 50,6041.14013671875,139.45963548491488
2026-01-16,Europe - Euro Stoxx 50,6029.4501953125,139.18977335120167
2026-01-19,Europe - Euro Stoxx 50,5925.81982421875,136.7974676852466
2026-01-20,Europe - Euro Stoxx 50,5892.080078125,136.0185861190024
2026-01-21,Europe - Euro Stoxx 50,5882.8798828125,135.8061997390089
2026-01-22,Europe - Euro Stoxx 50,5956.169921875,137.49809926476348
2026-01-23,Europe - Euro Stoxx 50,5948.2001953125,137.31411823863812
2026-01-26,Europe - Euro Stoxx 50,5957.7998046875,137.53572508667295
2026-01-27,Europe - Euro Stoxx 50,5994.58984375,138.385022623399
2026-01-28,Europe - Euro Stoxx 50,5933.2001953125,136.96784344862638
2026-01-29,Europe - Euro Stoxx 50,5891.9501953125,136.01558777609412
2026-01-30,Europe - Euro Stoxx 50,5947.81005859375,137.3051119379474
2026-02-02,Europe - Euro Stoxx 50,6007.509765625,138.68327883901458
2026-02-03,Europe - Euro Stoxx 50,5995.35009765625,138.40257307418182
2026-02-04,Europe - Euro Stoxx 50,5970.47021484375,137.82822132775416
2026-02-05,Europe - Euro Stoxx 50,5925.7001953125,136.79470605362053
2026-02-06,Europe - Euro Stoxx 50,5998.39990234375,138.47297777269787
2026-02-09,Europe - Euro Stoxx 50,6059.009765625,139.87215561805485
2026-02-10,Europe - Euro Stoxx 50,6047.06005859375,139.59629679852497
2026-02-11,Europe - Euro Stoxx 50,6035.64013671875,139.3326680619106
2026-02-12,Europe - Euro Stoxx 50,6011.2900390625,138.77054639839838
2026-02-13,Europe - Euro Stoxx 50,5985.22998046875,138.16895031058212
2026-02-16,Europe - Euro Stoxx 50,5978.8798828125,138.02235839508398
2026-02-17,Europe - Euro Stoxx 50,6021.85009765625,139.01432520320253
2026-02-18,Europe - Euro Stoxx 50,6103.3701171875,140.89621371286495
2026-02-19,Europe - Euro Stoxx 50,6059.6201171875,139.88624557533072
2026-02-20,Europe - Euro Stoxx 50,6131.31005859375,141.5412068690909
2026-02-23,Europe - Euro Stoxx 50,6113.919921875,141.13975580638686
2026-02-24,Europe - Euro Stoxx 50,6116.60009765625,141.20162762677663
2026-02-25,Europe - Euro Stoxx 50,6173.31982421875,142.51100172044013
2026-02-26,Europe - Euro Stoxx 50,6161.56005859375,142.23952769561456
2026-02-27,Europe - Euro Stoxx 50,6138.41015625,141.7051125240896
2026-03-02,Europe - Euro Stoxx 50,5986.93017578125,138.20819929556978
2026-03-03,Europe - Euro Stoxx 50,5771.72998046875,133.24030579941515
2026-03-04,Europe - Euro Stoxx 50,5870.919921875,135.53010420819683
2026-03-05,Europe - Euro Stoxx 50,5782.89013671875,133.49793785021294
2026-03-06,Europe - Euro Stoxx 50,5719.89990234375,132.0438091714801
2026-03-09,Europe - Euro Stoxx 50,5685.2001953125,131.24276692043244
2026-03-10,Europe - Euro Stoxx 50,5837.169921875,134.75098593067042
2026-03-11,Europe - Euro Stoxx 50,5794.68017578125,133.77011073691943
2026-03-12,Europe - Euro Stoxx 50,5748.89013671875,132.71304832618634
2026-03-13,Europe - Euro Stoxx 50,5716.60986328125,131.96785866578026
2026-03-16,Europe - Euro Stoxx 50,5739.009765625,132.4849600978046
2026-03-17,Europe - Euro Stoxx 50,5769.25,133.18305548501183
2026-03-18,Europe - Euro Stoxx 50,5736.85009765625,132.43510419297965
2026-03-19,Europe - Euro Stoxx 50,5613.830078125,129.5951887642848
2026-03-20,Europe - Euro Stoxx 50,5501.27978515625,126.99696682671731
2026-03-23,Europe - Euro Stoxx 50,5574.31982421875,128.6830951059717
2026-03-24,Europe - Euro Stoxx 50,5581.2900390625,128.8440024180621
2026-03-25,Europe - Euro Stoxx 50,5649.330078125,130.41470576731257
2026-03-26,Europe - Euro Stoxx 50,5565.93017578125,128.48942018924052
2026-03-27,Europe - Euro Stoxx 50,5505.7998046875,127.10131141431948
2026-03-30,Europe - Euro Stoxx 50,5541.7900390625,127.93214547103122
2026-03-31,Europe - Euro Stoxx 50,5569.72998046875,128.57713862725717
2026-04-01,Europe - Euro Stoxx 50,5732.7099609375,132.339529194786
2026-04-02,Europe - Euro Stoxx 50,5692.85986328125,131.41959024826167
2026-04-07,Europe - Euro Stoxx 50,5633.22021484375,130.04280979899042
2026-04-08,Europe - Euro Stoxx 50,5913.3701171875,136.51006637271635
2026-04-09,Europe - Euro Stoxx 50,5896.2900390625,136.11577300830845
2026-04-10,Europe - Euro Stoxx 50,5926.10986328125,136.8041632329441
2026-04-13,Europe - Euro Stoxx 50,5905.02001953125,136.31730448521665
2026-04-14,Europe - Euro Stoxx 50,5984.509765625,138.15232416099659
2026-04-15,Europe - Euro Stoxx 50,5940.33984375,137.13266213285658
2026-04-16,Europe - Euro Stoxx 50,5933.27978515625,136.96968077905515
2026-04-17,Europe - Euro Stoxx 50,6057.7099609375,139.84214964504017
2026-04-20,Europe - Euro Stoxx 50,5982.6298828125,138.1089270925869
2026-04-21,Europe - Euro Stoxx 50,5930.25,136.89973823113775
2026-04-22,Europe - Euro Stoxx 50,5906.22021484375,136.3450109772039
2026-04-23,Europe - Euro Stoxx 50,5894.72998046875,136.07975907751134
2026-04-24,Europe - Euro Stoxx 50,5883.47998046875,135.82005298500252
2026-04-27,Europe - Euro Stoxx 50,5860.31982421875,135.28540110219535
2026-04-28,Europe - Euro Stoxx 50,5836.10009765625,134.72628905355728
2026-04-29,Europe - Euro Stoxx 50,5816.47998046875,134.27335892295014
2026-04-30,Europe - Euro Stoxx 50,5881.509765625,135.77457060291604
2026-05-04,Europe - Euro Stoxx 50,5763.60986328125,133.052853007817
2026-05-05,Europe - Euro Stoxx 50,5869.6298828125,135.50032367449853
2026-05-06,Europe - Euro Stoxx 50,6027.1298828125,139.13620896962172
2026-05-07,Europe - Euro Stoxx 50,5972.64990234375,137.87853938317772
2026-05-08,Europe - Euro Stoxx 50,5911.52978515625,136.46758233353816
2026-05-11,Europe - Euro Stoxx 50,5895.4501953125,136.09638522709687
2026-05-12,Europe - Euro Stoxx 50,5808.4501953125,134.08799144502882
2026-05-13,Europe - Euro Stoxx 50,5861.06982421875,135.30271484169594
2026-05-15,Europe - Euro Stoxx 50,5827.759765625,134.533752605374
2026-05-18,Europe - Euro Stoxx 50,5849.0,135.02408311857423
2026-05-19,Europe - Euro Stoxx 50,5851.16015625,135.07395029536497
2026-05-20,Europe - Euro Stoxx 50,5976.06982421875,137.95748823178587
2026-05-21,Europe - Euro Stoxx 50,5960.31982421875,137.59389970227355
2026-05-22,Europe - Euro Stoxx 50,6019.4501953125,138.95892349119384
2026-05-26,Europe - Euro Stoxx 50,6064.14990234375,139.9908156022493
2026-05-27,Europe - Euro Stoxx 50,6070.5400390625,140.13833181894472
2026-05-28,Europe - Euro Stoxx 50,6055.10986328125,139.78212642704497
2026-05-29,Europe - Euro Stoxx 50,6050.5400390625,139.67663209892908
2026-06-01,Europe - Euro Stoxx 50,6034.9501953125,139.31674077420595
2026-06-02,Europe - Euro Stoxx 50,6107.85009765625,140.9996339992698
2026-06-03,Europe - Euro Stoxx 50,6053.56982421875,139.7465746468465
2026-06-04,Europe - Euro Stoxx 50,6103.330078125,140.89528941166762
2026-06-05,Europe - Euro Stoxx 50,6062.06982421875,139.94279702785315
2026-06-08,Europe - Euro Stoxx 50,6062.2900390625,139.94788068443827
2026-06-09,Europe - Euro Stoxx 50,6049.740234375,139.65816861891477
2026-06-10,Europe - Euro Stoxx 50,6009.9501953125,138.7396161241864
2026-06-11,Europe - Euro Stoxx 50,6056.9599609375,139.82483590553957
2026-06-12,Europe - Euro Stoxx 50,6187.6298828125,142.84134922274723
2026-06-15,Europe - Euro Stoxx 50,6229.43017578125,143.8063084007594
2026-06-16,Europe - Euro Stoxx 50,6257.419921875,144.4524512974991
2026-06-17,Europe - Euro Stoxx 50,6300.06982421875,145.43702369603926
2026-06-18,Europe - Euro Stoxx 50,6323.27001953125,145.97259988004373
2026-06-19,Europe - Euro Stoxx 50,6293.1298828125,145.27681524582974
2026-06-22,Europe - Euro Stoxx 50,6311.31982421875,145.69672978854805
2026-06-23,Europe - Euro Stoxx 50,6230.5498046875,143.83215501838626
2026-06-24,Europe - Euro Stoxx 50,6214.7001953125,143.46626700784654
2026-06-25,Europe - Euro Stoxx 50,6267.52978515625,144.68583734981655
2026-06-26,Europe - Euro Stoxx 50,6221.5498046875,143.62439014437922
2026-06-29,Europe - Euro Stoxx 50,6231.6298828125,143.85708860678164
2026-06-30,Europe - Euro Stoxx 50,6328.08984375,146.08386545465981
2026-07-01,Europe - Euro Stoxx 50,6282.5,145.03142454991323
2026-07-02,Europe - Euro Stoxx 50,6360.47021484375,146.83136586805915
2026-07-03,Europe - Euro Stoxx 50,6412.68017578125,148.03663208540272
2026-07-06,Europe - Euro Stoxx 50,6398.009765625,147.69796587231997
2026-07-07,Europe - Euro Stoxx 50,6319.85986328125,145.893876470752
2026-07-08,Europe - Euro Stoxx 50,6204.91015625,143.2402640931416
2026-07-09,Europe - Euro Stoxx 50,6284.27001953125,145.07228542601325
2026-07-10,Europe - Euro Stoxx 50,6269.97021484375,144.74217463498837
2026-07-13,Europe - Euro Stoxx 50,6271.02001953125,144.76640936150287
2026-07-14,Europe - Euro Stoxx 50,6280.18994140625,144.97809687961552
2026-07-15,Europe - Euro Stoxx 50,6265.580078125,144.64082839029453
2026-07-16,Europe - Euro Stoxx 50,6283.60986328125,145.05704572822367
2026-07-17,Europe - Euro Stoxx 50,6230.8701171875,143.83954942796464
2026-07-20,Europe - Euro Stoxx 50,6227.39990234375,143.75943956687698
2026-07-21,Europe - Euro Stoxx 50,6285.6298828125,145.10367785082389
2026-07-22,Europe - Euro Stoxx 50,6316.990234375,145.8276311276238
2026-07-23,Europe - Euro Stoxx 50,6210.169921875,143.3616857089621
2026-07-24,Europe - Euro Stoxx 50,6280.93994140625,144.9954106191161
2026-07-27,Europe - Euro Stoxx 50,6282.2099609375,145.02472900221574
2026-07-28,Europe - Euro Stoxx 50,6289.509765625,145.1932448912351
2026-07-29,Europe - Euro Stoxx 50,6248.83984375,144.25438031409783
2026-07-30,Europe - Euro Stoxx 50,6344.39990234375,146.46038292896847
2026-07-31,Europe - Euro Stoxx 50,6358.009765625,146.77456643228868
2026-08-03,Europe - Euro Stoxx 50,6426.5,148.35566253402584
2026-08-04,Europe - Euro Stoxx 50,6486.7001953125,149.74538320005922
2026-08-05,Europe - Euro Stoxx 50,6476.97998046875,149.52099217646668
2026-08-06,Europe - Euro Stoxx 50,6502.56005859375,150.1115079218812
2026-08-07,Europe - Euro Stoxx 50,6523.85986328125,150.60321361491157
2026-08-10,Europe - Euro Stoxx 50,6535.6201171875,150.87469891170298
2026-08-11,Europe - Euro Stoxx 50,6551.22021484375,151.23482694770834
2026-08-12,Europe - Euro Stoxx 50,6533.990234375,150.8370730897935
2026-08-13,Europe - Euro Stoxx 50,6545.47021484375,151.10208827820384
2026-08-14,Europe - Euro Stoxx 50,6539.58984375,150.96633999382522
2026-08-17,Europe - Euro Stoxx 50,6530.4501953125,150.75535133759345
2026-08-18,Europe - Euro Stoxx 50,6468.169921875,149.3176120971639
2026-08-19,Europe - Euro Stoxx 50,6444.4599609375,148.77026798084262
2026-08-20,Europe - Euro Stoxx 50,6422.06005859375,148.25316654881826
2026-08-21,Europe - Euro Stoxx 50,6462.22021484375,149.18026319363872
2026-08-24,Europe - Euro Stoxx 50,6447.97998046875,148.851527582444
2026-08-25,Europe - Euro Stoxx 50,6455.6298828125,149.02812547095684
2026-08-26,Europe - Euro Stoxx 50,6470.740234375,149.37694772524404
2026-08-27,Europe - Euro Stoxx 50,6424.72998046875,148.3148016579258
2026-08-28,Europe - Euro Stoxx 50,6485.669921875,149.72159935217758
2026-08-31,Europe - Euro Stoxx 50,6420.16015625,148.20930732980995
